doc_id,fecha_emision,fecha,anio,mes,estado,codigo_moneda,serie,nit_receptor,cliente,establecimiento_codigo,establecimiento,departamento,municipio,canal,gran_total,linea,codigo_producto,producto,categoria,cantidad,precio_unitario,monto_linea,monto_gravable,iva
GT-DEMO-000064,2025-09-01T10:47:00-06:00,2025-09-01,2025,9,emitido,GTQ,A1,3561894,"Farmacias Vida, S.A.",4,Canal corporativo,Guatemala,Guatemala,Canal corporativo,964.69,1,PROD-003,Té premium caja 25 unidades,Alimentos,7,44.02,308.14,861.34,103.35
GT-DEMO-000064,2025-09-01T10:47:00-06:00,2025-09-01,2025,9,emitido,GTQ,A1,3561894,"Farmacias Vida, S.A.",4,Canal corporativo,Guatemala,Guatemala,Canal corporativo,964.69,2,PROD-001,Café en grano 500 g,Alimentos,5,65.66,328.3,861.34,103.35
GT-DEMO-000064,2025-09-01T10:47:00-06:00,2025-09-01,2025,9,emitido,GTQ,A1,3561894,"Farmacias Vida, S.A.",4,Canal corporativo,Guatemala,Guatemala,Canal corporativo,964.69,3,PROD-002,Café molido 500 g,Alimentos,5,65.65,328.25,861.34,103.35
GT-DEMO-000369,2025-09-01T18:45:00-06:00,2025-09-01,2025,9,emitido,GTQ,B1,3561894,"Farmacias Vida, S.A.",1,Sucursal Central,Guatemala,Guatemala,Canal tienda,249.2,1,PROD-007,Servicio de entrega departamental,Servicios,2,62.67,125.34,222.5,26.7
GT-DEMO-000369,2025-09-01T18:45:00-06:00,2025-09-01,2025,9,emitido,GTQ,B1,3561894,"Farmacias Vida, S.A.",1,Sucursal Central,Guatemala,Guatemala,Canal tienda,249.2,2,PROD-002,Café molido 500 g,Alimentos,2,61.93,123.86,222.5,26.7
GT-DEMO-000439,2025-09-02T17:47:00-06:00,2025-09-02,2025,9,emitido,GTQ,B2,4857291,"Comercial La Estrella, S.A.",1,Sucursal Central,Guatemala,Guatemala,Canal tienda,2264.35,1,PROD-005,Taza cerámica corporativa,Accesorios,8,56.83,454.64,2021.74,242.61
GT-DEMO-000439,2025-09-02T17:47:00-06:00,2025-09-02,2025,9,emitido,GTQ,B2,4857291,"Comercial La Estrella, S.A.",1,Sucursal Central,Guatemala,Guatemala,Canal tienda,2264.35,2,PROD-006,Servicio de entrega local,Servicios,3,34.28,102.84,2021.74,242.61
GT-DEMO-000439,2025-09-02T17:47:00-06:00,2025-09-02,2025,9,emitido,GTQ,B2,4857291,"Comercial La Estrella, S.A.",1,Sucursal Central,Guatemala,Guatemala,Canal tienda,2264.35,3,PROD-001,Café en grano 500 g,Alimentos,5,67.63,338.15,2021.74,242.61
GT-DEMO-000439,2025-09-02T17:47:00-06:00,2025-09-02,2025,9,emitido,GTQ,B2,4857291,"Comercial La Estrella, S.A.",1,Sucursal Central,Guatemala,Guatemala,Canal tienda,2264.35,4,PROD-008,Kit de bienvenida empresarial,Corporativo,8,171.09,1368.72,2021.74,242.61
GT-DEMO-000440,2025-09-03T11:18:00-06:00,2025-09-03,2025,9,emitido,GTQ,B2,7492631,"Tecnología y Más, S.A.",1,Sucursal Central,Guatemala,Guatemala,Canal tienda,371.0,1,PROD-010,Café descafeinado 500 g,Alimentos,5,74.2,371.0,331.25,39.75
GT-DEMO-000352,2025-09-03T17:15:00-06:00,2025-09-03,2025,9,emitido,GTQ,B1,8146293,"Hotel Vista Real, S.A.",2,Sucursal Quetzaltenango,Quetzaltenango,Quetzaltenango,Canal tienda,1350.34,1,PROD-010,Café descafeinado 500 g,Alimentos,2,66.15,132.3,1205.67,144.67
GT-DEMO-000352,2025-09-03T17:15:00-06:00,2025-09-03,2025,9,emitido,GTQ,B1,8146293,"Hotel Vista Real, S.A.",2,Sucursal Quetzaltenango,Quetzaltenango,Quetzaltenango,Canal tienda,1350.34,2,PROD-012,Caja regalo premium,Corporativo,4,304.51,1218.04,1205.67,144.67
GT-DEMO-000701,2025-09-03T18:44:00-06:00,2025-09-03,2025,9,emitido,GTQ,C2,4857291,"Comercial La Estrella, S.A.",1,Sucursal Central,Guatemala,Guatemala,Canal tienda,294.2,1,PROD-005,Taza cerámica corporativa,Accesorios,5,58.84,294.2,262.68,31.52
GT-DEMO-000117,2025-09-04T13:06:00-06:00,2025-09-04,2025,9,emitido,GTQ,A2,3561894,"Farmacias Vida, S.A.",1,Sucursal Central,Guatemala,Guatemala,Canal tienda,1789.02,1,PROD-006,Servicio de entrega local,Servicios,1,35.14,35.14,1597.34,191.68
GT-DEMO-000117,2025-09-04T13:06:00-06:00,2025-09-04,2025,9,emitido,GTQ,A2,3561894,"Farmacias Vida, S.A.",1,Sucursal Central,Guatemala,Guatemala,Canal tienda,1789.02,2,PROD-012,Caja regalo premium,Corporativo,3,340.76,1022.28,1597.34,191.68
GT-DEMO-000117,2025-09-04T13:06:00-06:00,2025-09-04,2025,9,emitido,GTQ,A2,3561894,"Farmacias Vida, S.A.",1,Sucursal Central,Guatemala,Guatemala,Canal tienda,1789.02,3,PROD-003,Té premium caja 25 unidades,Alimentos,8,48.33,386.64,1597.34,191.68
GT-DEMO-000117,2025-09-04T13:06:00-06:00,2025-09-04,2025,9,emitido,GTQ,A2,3561894,"Farmacias Vida, S.A.",1,Sucursal Central,Guatemala,Guatemala,Canal tienda,1789.02,4,PROD-011,Galletas artesanales 12 unidades,Alimentos,8,43.12,344.96,1597.34,191.68
GT-DEMO-000531,2025-09-05T12:29:00-06:00,2025-09-05,2025,9,emitido,GTQ,B3,4627185,"Supermercados del Valle, S.A.",1,Sucursal Central,Guatemala,Guatemala,Canal tienda,322.85,1,PROD-007,Servicio de entrega departamental,Servicios,4,69.12,276.48,288.26,34.59
GT-DEMO-000531,2025-09-05T12:29:00-06:00,2025-09-05,2025,9,emitido,GTQ,B3,4627185,"Supermercados del Valle, S.A.",1,Sucursal Central,Guatemala,Guatemala,Canal tienda,322.85,2,PROD-003,Té premium caja 25 unidades,Alimentos,1,46.37,46.37,288.26,34.59
GT-DEMO-000162,2025-09-06T10:51:00-06:00,2025-09-06,2025,9,emitido,GTQ,A2,7264519,"Transportes del Sur, S.A.",3,Sucursal Escuintla,Escuintla,Escuintla,Canal tienda,671.11,1,PROD-005,Taza cerámica corporativa,Accesorios,7,57.81,404.67,599.2,71.91
GT-DEMO-000162,2025-09-06T10:51:00-06:00,2025-09-06,2025,9,emitido,GTQ,A2,7264519,"Transportes del Sur, S.A.",3,Sucursal Escuintla,Escuintla,Escuintla,Canal tienda,671.11,2,PROD-002,Café molido 500 g,Alimentos,4,66.61,266.44,599.2,71.91
GT-DEMO-000657,2025-09-06T14:09:00-06:00,2025-09-06,2025,9,emitido,GTQ,C1,5973814,"Constructora Horizonte, S.A.",2,Sucursal Quetzaltenango,Quetzaltenango,Quetzaltenango,Canal tienda,893.84,1,PROD-001,Café en grano 500 g,Alimentos,4,72.59,290.36,798.07,95.77
GT-DEMO-000657,2025-09-06T14:09:00-06:00,2025-09-06,2025,9,emitido,GTQ,C1,5973814,"Constructora Horizonte, S.A.",2,Sucursal Quetzaltenango,Quetzaltenango,Quetzaltenango,Canal tienda,893.84,2,PROD-006,Servicio de entrega local,Servicios,7,34.6,242.2,798.07,95.77
GT-DEMO-000657,2025-09-06T14:09:00-06:00,2025-09-06,2025,9,emitido,GTQ,C1,5973814,"Constructora Horizonte, S.A.",2,Sucursal Quetzaltenango,Quetzaltenango,Quetzaltenango,Canal tienda,893.84,3,PROD-003,Té premium caja 25 unidades,Alimentos,8,45.16,361.28,798.07,95.77
GT-DEMO-000398,2025-09-07T15:36:00-06:00,2025-09-07,2025,9,emitido,GTQ,B1,7492631,"Tecnología y Más, S.A.",3,Sucursal Escuintla,Escuintla,Escuintla,Canal tienda,358.02,1,PROD-006,Servicio de entrega local,Servicios,4,36.18,144.72,319.66,38.36
GT-DEMO-000398,2025-09-07T15:36:00-06:00,2025-09-07,2025,9,emitido,GTQ,B1,7492631,"Tecnología y Más, S.A.",3,Sucursal Escuintla,Escuintla,Escuintla,Canal tienda,358.02,2,PROD-001,Café en grano 500 g,Alimentos,3,71.1,213.3,319.66,38.36
GT-DEMO-000545,2025-09-09T08:49:00-06:00,2025-09-09,2025,9,emitido,GTQ,B3,9037812,"Grupo Empresarial Centroamericano, S.A.",1,Sucursal Central,Guatemala,Guatemala,Canal tienda,882.74,1,PROD-002,Café molido 500 g,Alimentos,2,60.72,121.44,788.17,94.57
GT-DEMO-000545,2025-09-09T08:49:00-06:00,2025-09-09,2025,9,emitido,GTQ,B3,9037812,"Grupo Empresarial Centroamericano, S.A.",1,Sucursal Central,Guatemala,Guatemala,Canal tienda,882.74,2,PROD-010,Café descafeinado 500 g,Alimentos,2,71.44,142.88,788.17,94.57
GT-DEMO-000545,2025-09-09T08:49:00-06:00,2025-09-09,2025,9,emitido,GTQ,B3,9037812,"Grupo Empresarial Centroamericano, S.A.",1,Sucursal Central,Guatemala,Guatemala,Canal tienda,882.74,3,PROD-001,Café en grano 500 g,Alimentos,7,64.46,451.22,788.17,94.57
GT-DEMO-000545,2025-09-09T08:49:00-06:00,2025-09-09,2025,9,emitido,GTQ,B3,9037812,"Grupo Empresarial Centroamericano, S.A.",1,Sucursal Central,Guatemala,Guatemala,Canal tienda,882.74,4,PROD-006,Servicio de entrega local,Servicios,5,33.44,167.2,788.17,94.57
GT-DEMO-000616,2025-09-10T09:15:00-06:00,2025-09-10,2025,9,emitido,GTQ,C1,7264519,"Transportes del Sur, S.A.",3,Sucursal Escuintla,Escuintla,Escuintla,Canal tienda,360.4,1,PROD-003,Té premium caja 25 unidades,Alimentos,8,45.05,360.4,321.79,38.61
GT-DEMO-000145,2025-09-11T15:19:00-06:00,2025-09-11,2025,9,emitido,GTQ,A2,9037812,"Grupo Empresarial Centroamericano, S.A.",3,Sucursal Escuintla,Escuintla,Escuintla,Canal tienda,1974.35,1,PROD-004,Termo corporativo 500 ml,Accesorios,3,94.2,282.6,1762.81,211.54
GT-DEMO-000145,2025-09-11T15:19:00-06:00,2025-09-11,2025,9,emitido,GTQ,A2,9037812,"Grupo Empresarial Centroamericano, S.A.",3,Sucursal Escuintla,Escuintla,Escuintla,Canal tienda,1974.35,2,PROD-006,Servicio de entrega local,Servicios,4,33.98,135.92,1762.81,211.54
GT-DEMO-000145,2025-09-11T15:19:00-06:00,2025-09-11,2025,9,emitido,GTQ,A2,9037812,"Grupo Empresarial Centroamericano, S.A.",3,Sucursal Escuintla,Escuintla,Escuintla,Canal tienda,1974.35,3,PROD-008,Kit de bienvenida empresarial,Corporativo,7,190.97,1336.79,1762.81,211.54
GT-DEMO-000145,2025-09-11T15:19:00-06:00,2025-09-11,2025,9,emitido,GTQ,A2,9037812,"Grupo Empresarial Centroamericano, S.A.",3,Sucursal Escuintla,Escuintla,Escuintla,Canal tienda,1974.35,4,PROD-005,Taza cerámica corporativa,Accesorios,4,54.76,219.04,1762.81,211.54
GT-DEMO-000097,2025-09-11T16:12:00-06:00,2025-09-11,2025,9,emitido,GTQ,A1,5172948,"Restaurantes El Buen Sabor, S.A.",1,Sucursal Central,Guatemala,Guatemala,Canal tienda,1338.2,1,PROD-003,Té premium caja 25 unidades,Alimentos,8,44.67,357.36,1194.82,143.38
GT-DEMO-000097,2025-09-11T16:12:00-06:00,2025-09-11,2025,9,emitido,GTQ,A1,5172948,"Restaurantes El Buen Sabor, S.A.",1,Sucursal Central,Guatemala,Guatemala,Canal tienda,1338.2,2,PROD-009,Suscripción mensual de café,Suscripciones,4,245.21,980.84,1194.82,143.38
GT-DEMO-000581,2025-09-12T14:38:00-06:00,2025-09-12,2025,9,emitido,GTQ,B3,5172948,"Restaurantes El Buen Sabor, S.A.",1,Sucursal Central,Guatemala,Guatemala,Canal tienda,477.69,1,PROD-002,Café molido 500 g,Alimentos,7,59.0,413.0,426.51,51.18
GT-DEMO-000581,2025-09-12T14:38:00-06:00,2025-09-12,2025,9,emitido,GTQ,B3,5172948,"Restaurantes El Buen Sabor, S.A.",1,Sucursal Central,Guatemala,Guatemala,Canal tienda,477.69,2,PROD-001,Café en grano 500 g,Alimentos,1,64.69,64.69,426.51,51.18
GT-DEMO-000153,2025-09-12T18:35:00-06:00,2025-09-12,2025,9,emitido,GTQ,A2,7264519,"Transportes del Sur, S.A.",3,Sucursal Escuintla,Escuintla,Escuintla,Canal tienda,533.45,1,PROD-002,Café molido 500 g,Alimentos,8,58.75,470.0,476.29,57.16
GT-DEMO-000153,2025-09-12T18:35:00-06:00,2025-09-12,2025,9,emitido,GTQ,A2,7264519,"Transportes del Sur, S.A.",3,Sucursal Escuintla,Escuintla,Escuintla,Canal tienda,533.45,2,PROD-002,Café molido 500 g,Alimentos,1,63.45,63.45,476.29,57.16
GT-DEMO-000680,2025-09-13T10:57:00-06:00,2025-09-13,2025,9,emitido,GTQ,C1,5973814,"Constructora Horizonte, S.A.",2,Sucursal Quetzaltenango,Quetzaltenango,Quetzaltenango,Canal tienda,458.93,1,PROD-005,Taza cerámica corporativa,Accesorios,4,54.92,219.68,409.76,49.17
GT-DEMO-000680,2025-09-13T10:57:00-06:00,2025-09-13,2025,9,emitido,GTQ,C1,5973814,"Constructora Horizonte, S.A.",2,Sucursal Quetzaltenango,Quetzaltenango,Quetzaltenango,Canal tienda,458.93,2,PROD-009,Suscripción mensual de café,Suscripciones,1,239.25,239.25,409.76,49.17
GT-DEMO-000558,2025-09-13T13:45:00-06:00,2025-09-13,2025,9,emitido,GTQ,B3,5172948,"Restaurantes El Buen Sabor, S.A.",2,Sucursal Quetzaltenango,Quetzaltenango,Quetzaltenango,Canal tienda,374.5,1,PROD-005,Taza cerámica corporativa,Accesorios,7,53.5,374.5,334.38,40.12
GT-DEMO-000711,2025-09-14T09:55:00-06:00,2025-09-14,2025,9,emitido,GTQ,C2,4857291,"Comercial La Estrella, S.A.",1,Sucursal Central,Guatemala,Guatemala,Canal tienda,680.36,1,PROD-010,Café descafeinado 500 g,Alimentos,4,71.34,285.36,607.47,72.89
GT-DEMO-000711,2025-09-14T09:55:00-06:00,2025-09-14,2025,9,emitido,GTQ,C2,4857291,"Comercial La Estrella, S.A.",1,Sucursal Central,Guatemala,Guatemala,Canal tienda,680.36,2,PROD-004,Termo corporativo 500 ml,Accesorios,4,98.75,395.0,607.47,72.89
GT-DEMO-000214,2025-09-14T16:05:00-06:00,2025-09-14,2025,9,emitido,GTQ,A3,9037812,"Grupo Empresarial Centroamericano, S.A.",1,Sucursal Central,Guatemala,Guatemala,Canal tienda,1763.73,1,PROD-011,Galletas artesanales 12 unidades,Alimentos,4,40.48,161.92,1574.76,188.97
GT-DEMO-000214,2025-09-14T16:05:00-06:00,2025-09-14,2025,9,emitido,GTQ,A3,9037812,"Grupo Empresarial Centroamericano, S.A.",1,Sucursal Central,Guatemala,Guatemala,Canal tienda,1763.73,2,PROD-005,Taza cerámica corporativa,Accesorios,1,58.37,58.37,1574.76,188.97
GT-DEMO-000214,2025-09-14T16:05:00-06:00,2025-09-14,2025,9,emitido,GTQ,A3,9037812,"Grupo Empresarial Centroamericano, S.A.",1,Sucursal Central,Guatemala,Guatemala,Canal tienda,1763.73,3,PROD-008,Kit de bienvenida empresarial,Corporativo,8,192.93,1543.44,1574.76,188.97
GT-DEMO-000532,2025-09-14T17:55:00-06:00,2025-09-14,2025,9,emitido,GTQ,B3,5172948,"Restaurantes El Buen Sabor, S.A.",2,Sucursal Quetzaltenango,Quetzaltenango,Quetzaltenango,Canal tienda,1733.48,1,PROD-010,Café descafeinado 500 g,Alimentos,6,67.9,407.4,1547.75,185.73
GT-DEMO-000532,2025-09-14T17:55:00-06:00,2025-09-14,2025,9,emitido,GTQ,B3,5172948,"Restaurantes El Buen Sabor, S.A.",2,Sucursal Quetzaltenango,Quetzaltenango,Quetzaltenango,Canal tienda,1733.48,2,PROD-012,Caja regalo premium,Corporativo,4,331.52,1326.08,1547.75,185.73
GT-DEMO-000641,2025-09-15T09:58:00-06:00,2025-09-15,2025,9,emitido,GTQ,C1,8146293,"Hotel Vista Real, S.A.",1,Sucursal Central,Guatemala,Guatemala,Canal tienda,1881.63,1,PROD-009,Suscripción mensual de café,Suscripciones,7,226.05,1582.35,1680.02,201.61
GT-DEMO-000641,2025-09-15T09:58:00-06:00,2025-09-15,2025,9,emitido,GTQ,C1,8146293,"Hotel Vista Real, S.A.",1,Sucursal Central,Guatemala,Guatemala,Canal tienda,1881.63,2,PROD-006,Servicio de entrega local,Servicios,8,37.41,299.28,1680.02,201.61
GT-DEMO-000593,2025-09-15T11:37:00-06:00,2025-09-15,2025,9,emitido,GTQ,B3,4627185,"Supermercados del Valle, S.A.",1,Sucursal Central,Guatemala,Guatemala,Canal tienda,1920.96,1,PROD-009,Suscripción mensual de café,Suscripciones,8,240.12,1920.96,1715.14,205.82
GT-DEMO-000330,2025-09-15T15:50:00-06:00,2025-09-15,2025,9,emitido,GTQ,B1,5973814,"Constructora Horizonte, S.A.",3,Sucursal Escuintla,Escuintla,Escuintla,Canal tienda,193.89,1,PROD-002,Café molido 500 g,Alimentos,3,64.63,193.89,173.12,20.77
GT-DEMO-000428,2025-09-17T09:40:00-06:00,2025-09-17,2025,9,emitido,GTQ,B2,9037812,"Grupo Empresarial Centroamericano, S.A.",4,Canal corporativo,Guatemala,Guatemala,Canal corporativo,2058.64,1,PROD-006,Servicio de entrega local,Servicios,8,34.06,272.48,1838.07,220.57
GT-DEMO-000428,2025-09-17T09:40:00-06:00,2025-09-17,2025,9,emitido,GTQ,B2,9037812,"Grupo Empresarial Centroamericano, S.A.",4,Canal corporativo,Guatemala,Guatemala,Canal corporativo,2058.64,2,PROD-009,Suscripción mensual de café,Suscripciones,6,254.72,1528.32,1838.07,220.57
GT-DEMO-000428,2025-09-17T09:40:00-06:00,2025-09-17,2025,9,emitido,GTQ,B2,9037812,"Grupo Empresarial Centroamericano, S.A.",4,Canal corporativo,Guatemala,Guatemala,Canal corporativo,2058.64,3,PROD-001,Café en grano 500 g,Alimentos,4,64.46,257.84,1838.07,220.57
GT-DEMO-000442,2025-09-18T08:08:00-06:00,2025-09-18,2025,9,emitido,GTQ,B2,CF,Consumidor Final,1,Sucursal Central,Guatemala,Guatemala,Canal tienda,464.0,1,PROD-009,Suscripción mensual de café,Suscripciones,2,232.0,464.0,414.29,49.71
GT-DEMO-000346,2025-09-18T09:06:00-06:00,2025-09-18,2025,9,emitido,GTQ,B1,8146293,"Hotel Vista Real, S.A.",1,Sucursal Central,Guatemala,Guatemala,Canal tienda,421.83,1,PROD-009,Suscripción mensual de café,Suscripciones,1,225.99,225.99,376.64,45.19
GT-DEMO-000346,2025-09-18T09:06:00-06:00,2025-09-18,2025,9,emitido,GTQ,B1,8146293,"Hotel Vista Real, S.A.",1,Sucursal Central,Guatemala,Guatemala,Canal tienda,421.83,2,PROD-007,Servicio de entrega departamental,Servicios,3,65.28,195.84,376.64,45.19
GT-DEMO-000294,2025-09-18T13:23:00-06:00,2025-09-18,2025,9,emitido,GTQ,A3,4857291,"Comercial La Estrella, S.A.",4,Canal corporativo,Guatemala,Guatemala,Canal corporativo,570.13,1,PROD-001,Café en grano 500 g,Alimentos,7,64.37,450.59,509.04,61.09
GT-DEMO-000294,2025-09-18T13:23:00-06:00,2025-09-18,2025,9,emitido,GTQ,A3,4857291,"Comercial La Estrella, S.A.",4,Canal corporativo,Guatemala,Guatemala,Canal corporativo,570.13,2,PROD-002,Café molido 500 g,Alimentos,2,59.77,119.54,509.04,61.09
GT-DEMO-000412,2025-09-18T14:25:00-06:00,2025-09-18,2025,9,emitido,GTQ,B2,CF,Consumidor Final,1,Sucursal Central,Guatemala,Guatemala,Canal tienda,319.55,1,PROD-002,Café molido 500 g,Alimentos,5,63.91,319.55,285.31,34.24
GT-DEMO-000096,2025-09-18T16:34:00-06:00,2025-09-18,2025,9,emitido,GTQ,A1,7492631,"Tecnología y Más, S.A.",1,Sucursal Central,Guatemala,Guatemala,Canal tienda,823.55,1,PROD-001,Café en grano 500 g,Alimentos,7,72.75,509.25,735.32,88.23
GT-DEMO-000096,2025-09-18T16:34:00-06:00,2025-09-18,2025,9,emitido,GTQ,A1,7492631,"Tecnología y Más, S.A.",1,Sucursal Central,Guatemala,Guatemala,Canal tienda,823.55,2,PROD-011,Galletas artesanales 12 unidades,Alimentos,7,44.9,314.3,735.32,88.23
GT-DEMO-000068,2025-09-19T15:28:00-06:00,2025-09-19,2025,9,emitido,GTQ,A1,7264519,"Transportes del Sur, S.A.",1,Sucursal Central,Guatemala,Guatemala,Canal tienda,1574.0,1,PROD-002,Café molido 500 g,Alimentos,8,59.37,474.96,1405.36,168.64
GT-DEMO-000068,2025-09-19T15:28:00-06:00,2025-09-19,2025,9,emitido,GTQ,A1,7264519,"Transportes del Sur, S.A.",1,Sucursal Central,Guatemala,Guatemala,Canal tienda,1574.0,2,PROD-001,Café en grano 500 g,Alimentos,8,69.48,555.84,1405.36,168.64
GT-DEMO-000068,2025-09-19T15:28:00-06:00,2025-09-19,2025,9,emitido,GTQ,A1,7264519,"Transportes del Sur, S.A.",1,Sucursal Central,Guatemala,Guatemala,Canal tienda,1574.0,3,PROD-001,Café en grano 500 g,Alimentos,8,67.9,543.2,1405.36,168.64
GT-DEMO-000431,2025-09-20T09:04:00-06:00,2025-09-20,2025,9,emitido,GTQ,B2,6283947,"Distribuidora del Pacífico, S.A.",4,Canal corporativo,Guatemala,Guatemala,Canal corporativo,390.36,1,PROD-011,Galletas artesanales 12 unidades,Alimentos,6,43.13,258.78,348.53,41.83
GT-DEMO-000431,2025-09-20T09:04:00-06:00,2025-09-20,2025,9,emitido,GTQ,B2,6283947,"Distribuidora del Pacífico, S.A.",4,Canal corporativo,Guatemala,Guatemala,Canal corporativo,390.36,2,PROD-003,Té premium caja 25 unidades,Alimentos,3,43.86,131.58,348.53,41.83
GT-DEMO-000684,2025-09-20T09:33:00-06:00,2025-09-20,2025,9,emitido,GTQ,C1,6283947,"Distribuidora del Pacífico, S.A.",3,Sucursal Escuintla,Escuintla,Escuintla,Canal tienda,1131.45,1,PROD-009,Suscripción mensual de café,Suscripciones,5,226.29,1131.45,1010.22,121.23
GT-DEMO-000365,2025-09-20T14:16:00-06:00,2025-09-20,2025,9,emitido,GTQ,B1,7264519,"Transportes del Sur, S.A.",2,Sucursal Quetzaltenango,Quetzaltenango,Quetzaltenango,Canal tienda,345.56,1,PROD-010,Café descafeinado 500 g,Alimentos,1,73.91,73.91,308.53,37.03
GT-DEMO-000365,2025-09-20T14:16:00-06:00,2025-09-20,2025,9,emitido,GTQ,B1,7264519,"Transportes del Sur, S.A.",2,Sucursal Quetzaltenango,Quetzaltenango,Quetzaltenango,Canal tienda,345.56,2,PROD-005,Taza cerámica corporativa,Accesorios,5,54.33,271.65,308.53,37.03
GT-DEMO-000555,2025-09-20T17:07:00-06:00,2025-09-20,2025,9,emitido,GTQ,B3,3561894,"Farmacias Vida, S.A.",3,Sucursal Escuintla,Escuintla,Escuintla,Canal tienda,1046.73,1,PROD-010,Café descafeinado 500 g,Alimentos,7,67.66,473.62,934.58,112.15
GT-DEMO-000555,2025-09-20T17:07:00-06:00,2025-09-20,2025,9,emitido,GTQ,B3,3561894,"Farmacias Vida, S.A.",3,Sucursal Escuintla,Escuintla,Escuintla,Canal tienda,1046.73,2,PROD-006,Servicio de entrega local,Servicios,1,35.73,35.73,934.58,112.15
GT-DEMO-000555,2025-09-20T17:07:00-06:00,2025-09-20,2025,9,emitido,GTQ,B3,3561894,"Farmacias Vida, S.A.",3,Sucursal Escuintla,Escuintla,Escuintla,Canal tienda,1046.73,3,PROD-010,Café descafeinado 500 g,Alimentos,5,67.92,339.6,934.58,112.15
GT-DEMO-000555,2025-09-20T17:07:00-06:00,2025-09-20,2025,9,emitido,GTQ,B3,3561894,"Farmacias Vida, S.A.",3,Sucursal Escuintla,Escuintla,Escuintla,Canal tienda,1046.73,4,PROD-004,Termo corporativo 500 ml,Accesorios,2,98.89,197.78,934.58,112.15
GT-DEMO-000177,2025-09-20T17:59:00-06:00,2025-09-20,2025,9,emitido,GTQ,A2,5973814,"Constructora Horizonte, S.A.",1,Sucursal Central,Guatemala,Guatemala,Canal tienda,601.25,1,PROD-001,Café en grano 500 g,Alimentos,5,65.73,328.65,536.83,64.42
GT-DEMO-000177,2025-09-20T17:59:00-06:00,2025-09-20,2025,9,emitido,GTQ,A2,5973814,"Constructora Horizonte, S.A.",1,Sucursal Central,Guatemala,Guatemala,Canal tienda,601.25,2,PROD-005,Taza cerámica corporativa,Accesorios,5,54.52,272.6,536.83,64.42
GT-DEMO-000718,2025-09-21T09:09:00-06:00,2025-09-21,2025,9,emitido,GTQ,C2,7812456,"Servicios Integrales Maya, S.A.",1,Sucursal Central,Guatemala,Guatemala,Canal tienda,1806.18,1,PROD-012,Caja regalo premium,Corporativo,4,336.71,1346.84,1612.66,193.52
GT-DEMO-000718,2025-09-21T09:09:00-06:00,2025-09-21,2025,9,emitido,GTQ,C2,7812456,"Servicios Integrales Maya, S.A.",1,Sucursal Central,Guatemala,Guatemala,Canal tienda,1806.18,2,PROD-003,Té premium caja 25 unidades,Alimentos,4,46.12,184.48,1612.66,193.52
GT-DEMO-000718,2025-09-21T09:09:00-06:00,2025-09-21,2025,9,emitido,GTQ,C2,7812456,"Servicios Integrales Maya, S.A.",1,Sucursal Central,Guatemala,Guatemala,Canal tienda,1806.18,3,PROD-003,Té premium caja 25 unidades,Alimentos,6,45.81,274.86,1612.66,193.52
GT-DEMO-000703,2025-09-21T10:17:00-06:00,2025-09-21,2025,9,emitido,GTQ,C2,9037812,"Grupo Empresarial Centroamericano, S.A.",3,Sucursal Escuintla,Escuintla,Escuintla,Canal tienda,638.14,1,PROD-001,Café en grano 500 g,Alimentos,7,66.13,462.91,569.77,68.37
GT-DEMO-000703,2025-09-21T10:17:00-06:00,2025-09-21,2025,9,emitido,GTQ,C2,9037812,"Grupo Empresarial Centroamericano, S.A.",3,Sucursal Escuintla,Escuintla,Escuintla,Canal tienda,638.14,2,PROD-002,Café molido 500 g,Alimentos,3,58.41,175.23,569.77,68.37
GT-DEMO-000425,2025-09-21T14:50:00-06:00,2025-09-21,2025,9,emitido,GTQ,B2,5973814,"Constructora Horizonte, S.A.",3,Sucursal Escuintla,Escuintla,Escuintla,Canal tienda,1293.4,1,PROD-009,Suscripción mensual de café,Suscripciones,5,258.68,1293.4,1154.82,138.58
GT-DEMO-000291,2025-09-22T17:19:00-06:00,2025-09-22,2025,9,emitido,GTQ,A3,8146293,"Hotel Vista Real, S.A.",1,Sucursal Central,Guatemala,Guatemala,Canal tienda,2335.86,1,PROD-012,Caja regalo premium,Corporativo,6,329.45,1976.7,2085.59,250.27
GT-DEMO-000291,2025-09-22T17:19:00-06:00,2025-09-22,2025,9,emitido,GTQ,A3,8146293,"Hotel Vista Real, S.A.",1,Sucursal Central,Guatemala,Guatemala,Canal tienda,2335.86,2,PROD-006,Servicio de entrega local,Servicios,7,32.96,230.72,2085.59,250.27
GT-DEMO-000291,2025-09-22T17:19:00-06:00,2025-09-22,2025,9,emitido,GTQ,A3,8146293,"Hotel Vista Real, S.A.",1,Sucursal Central,Guatemala,Guatemala,Canal tienda,2335.86,3,PROD-002,Café molido 500 g,Alimentos,2,64.22,128.44,2085.59,250.27
GT-DEMO-000272,2025-09-23T12:23:00-06:00,2025-09-23,2025,9,emitido,GTQ,A3,3561894,"Farmacias Vida, S.A.",3,Sucursal Escuintla,Escuintla,Escuintla,Canal tienda,862.49,1,PROD-002,Café molido 500 g,Alimentos,5,62.56,312.8,770.09,92.4
GT-DEMO-000272,2025-09-23T12:23:00-06:00,2025-09-23,2025,9,emitido,GTQ,A3,3561894,"Farmacias Vida, S.A.",3,Sucursal Escuintla,Escuintla,Escuintla,Canal tienda,862.49,2,PROD-003,Té premium caja 25 unidades,Alimentos,6,44.26,265.56,770.09,92.4
GT-DEMO-000272,2025-09-23T12:23:00-06:00,2025-09-23,2025,9,emitido,GTQ,A3,3561894,"Farmacias Vida, S.A.",3,Sucursal Escuintla,Escuintla,Escuintla,Canal tienda,862.49,3,PROD-004,Termo corporativo 500 ml,Accesorios,3,94.71,284.13,770.09,92.4
GT-DEMO-000208,2025-09-23T14:45:00-06:00,2025-09-23,2025,9,emitido,GTQ,A3,5973814,"Constructora Horizonte, S.A.",3,Sucursal Escuintla,Escuintla,Escuintla,Canal tienda,45.91,1,PROD-003,Té premium caja 25 unidades,Alimentos,1,45.91,45.91,40.99,4.92
GT-DEMO-000511,2025-09-24T11:28:00-06:00,2025-09-24,2025,9,emitido,GTQ,B3,3561894,"Farmacias Vida, S.A.",1,Sucursal Central,Guatemala,Guatemala,Canal tienda,1432.11,1,PROD-012,Caja regalo premium,Corporativo,2,333.18,666.36,1278.67,153.44
GT-DEMO-000511,2025-09-24T11:28:00-06:00,2025-09-24,2025,9,emitido,GTQ,B3,3561894,"Farmacias Vida, S.A.",1,Sucursal Central,Guatemala,Guatemala,Canal tienda,1432.11,2,PROD-009,Suscripción mensual de café,Suscripciones,3,255.25,765.75,1278.67,153.44
GT-DEMO-000139,2025-09-24T14:27:00-06:00,2025-09-24,2025,9,emitido,GTQ,A2,3561894,"Farmacias Vida, S.A.",1,Sucursal Central,Guatemala,Guatemala,Canal tienda,362.32,1,PROD-011,Galletas artesanales 12 unidades,Alimentos,4,41.95,167.8,323.5,38.82
GT-DEMO-000139,2025-09-24T14:27:00-06:00,2025-09-24,2025,9,emitido,GTQ,A2,3561894,"Farmacias Vida, S.A.",1,Sucursal Central,Guatemala,Guatemala,Canal tienda,362.32,2,PROD-002,Café molido 500 g,Alimentos,2,64.69,129.38,323.5,38.82
GT-DEMO-000139,2025-09-24T14:27:00-06:00,2025-09-24,2025,9,emitido,GTQ,A2,3561894,"Farmacias Vida, S.A.",1,Sucursal Central,Guatemala,Guatemala,Canal tienda,362.32,3,PROD-002,Café molido 500 g,Alimentos,1,65.14,65.14,323.5,38.82
GT-DEMO-000267,2025-09-25T15:31:00-06:00,2025-09-25,2025,9,emitido,GTQ,A3,4857291,"Comercial La Estrella, S.A.",1,Sucursal Central,Guatemala,Guatemala,Canal tienda,527.04,1,PROD-002,Café molido 500 g,Alimentos,8,65.88,527.04,470.57,56.47
GT-DEMO-000501,2025-09-26T09:56:00-06:00,2025-09-26,2025,9,emitido,GTQ,B3,7812456,"Servicios Integrales Maya, S.A.",4,Canal corporativo,Guatemala,Guatemala,Canal corporativo,953.7,1,PROD-002,Café molido 500 g,Alimentos,6,59.53,357.18,851.52,102.18
GT-DEMO-000501,2025-09-26T09:56:00-06:00,2025-09-26,2025,9,emitido,GTQ,B3,7812456,"Servicios Integrales Maya, S.A.",4,Canal corporativo,Guatemala,Guatemala,Canal corporativo,953.7,2,PROD-002,Café molido 500 g,Alimentos,2,66.63,133.26,851.52,102.18
GT-DEMO-000501,2025-09-26T09:56:00-06:00,2025-09-26,2025,9,emitido,GTQ,B3,7812456,"Servicios Integrales Maya, S.A.",4,Canal corporativo,Guatemala,Guatemala,Canal corporativo,953.7,3,PROD-010,Café descafeinado 500 g,Alimentos,7,66.18,463.26,851.52,102.18
GT-DEMO-000104,2025-09-28T08:00:00-06:00,2025-09-28,2025,9,emitido,GTQ,A2,7264519,"Transportes del Sur, S.A.",4,Canal corporativo,Guatemala,Guatemala,Canal corporativo,645.86,1,PROD-002,Café molido 500 g,Alimentos,4,62.87,251.48,576.67,69.19
GT-DEMO-000104,2025-09-28T08:00:00-06:00,2025-09-28,2025,9,emitido,GTQ,A2,7264519,"Transportes del Sur, S.A.",4,Canal corporativo,Guatemala,Guatemala,Canal corporativo,645.86,2,PROD-005,Taza cerámica corporativa,Accesorios,7,56.34,394.38,576.67,69.19
GT-DEMO-000709,2025-09-29T10:37:00-06:00,2025-09-29,2025,9,emitido,GTQ,C2,8146293,"Hotel Vista Real, S.A.",1,Sucursal Central,Guatemala,Guatemala,Canal tienda,174.48,1,PROD-005,Taza cerámica corporativa,Accesorios,3,58.16,174.48,155.79,18.69
GT-DEMO-000681,2025-09-29T12:02:00-06:00,2025-09-29,2025,9,emitido,GTQ,C1,8146293,"Hotel Vista Real, S.A.",3,Sucursal Escuintla,Escuintla,Escuintla,Canal tienda,278.7,1,PROD-004,Termo corporativo 500 ml,Accesorios,3,92.9,278.7,248.84,29.86
GT-DEMO-000030,2025-09-29T12:56:00-06:00,2025-09-29,2025,9,emitido,GTQ,A1,5973814,"Constructora Horizonte, S.A.",1,Sucursal Central,Guatemala,Guatemala,Canal tienda,730.82,1,PROD-010,Café descafeinado 500 g,Alimentos,6,66.47,398.82,652.52,78.3
GT-DEMO-000030,2025-09-29T12:56:00-06:00,2025-09-29,2025,9,emitido,GTQ,A1,5973814,"Constructora Horizonte, S.A.",1,Sucursal Central,Guatemala,Guatemala,Canal tienda,730.82,2,PROD-001,Café en grano 500 g,Alimentos,5,66.4,332.0,652.52,78.3
GT-DEMO-000196,2025-09-29T13:43:00-06:00,2025-09-29,2025,9,emitido,GTQ,A2,3561894,"Farmacias Vida, S.A.",4,Canal corporativo,Guatemala,Guatemala,Canal corporativo,2560.75,1,PROD-005,Taza cerámica corporativa,Accesorios,1,52.19,52.19,2286.38,274.37
GT-DEMO-000196,2025-09-29T13:43:00-06:00,2025-09-29,2025,9,emitido,GTQ,A2,3561894,"Farmacias Vida, S.A.",4,Canal corporativo,Guatemala,Guatemala,Canal corporativo,2560.75,2,PROD-002,Café molido 500 g,Alimentos,8,64.83,518.64,2286.38,274.37
GT-DEMO-000196,2025-09-29T13:43:00-06:00,2025-09-29,2025,9,emitido,GTQ,A2,3561894,"Farmacias Vida, S.A.",4,Canal corporativo,Guatemala,Guatemala,Canal corporativo,2560.75,3,PROD-009,Suscripción mensual de café,Suscripciones,8,248.74,1989.92,2286.38,274.37
GT-DEMO-000143,2025-09-30T15:40:00-06:00,2025-09-30,2025,9,emitido,GTQ,A2,4857291,"Comercial La Estrella, S.A.",1,Sucursal Central,Guatemala,Guatemala,Canal tienda,999.0,1,PROD-001,Café en grano 500 g,Alimentos,3,72.04,216.12,891.96,107.04
GT-DEMO-000143,2025-09-30T15:40:00-06:00,2025-09-30,2025,9,emitido,GTQ,A2,4857291,"Comercial La Estrella, S.A.",1,Sucursal Central,Guatemala,Guatemala,Canal tienda,999.0,2,PROD-004,Termo corporativo 500 ml,Accesorios,4,96.27,385.08,891.96,107.04
GT-DEMO-000143,2025-09-30T15:40:00-06:00,2025-09-30,2025,9,emitido,GTQ,A2,4857291,"Comercial La Estrella, S.A.",1,Sucursal Central,Guatemala,Guatemala,Canal tienda,999.0,3,PROD-001,Café en grano 500 g,Alimentos,6,66.3,397.8,891.96,107.04
GT-DEMO-000638,2025-09-30T16:24:00-06:00,2025-09-30,2025,9,emitido,GTQ,C1,8146293,"Hotel Vista Real, S.A.",4,Canal corporativo,Guatemala,Guatemala,Canal corporativo,160.92,1,PROD-011,Galletas artesanales 12 unidades,Alimentos,2,44.86,89.72,143.68,17.24
GT-DEMO-000638,2025-09-30T16:24:00-06:00,2025-09-30,2025,9,emitido,GTQ,C1,8146293,"Hotel Vista Real, S.A.",4,Canal corporativo,Guatemala,Guatemala,Canal corporativo,160.92,2,PROD-001,Café en grano 500 g,Alimentos,1,71.2,71.2,143.68,17.24
GT-DEMO-000580,2025-10-01T13:00:00-06:00,2025-10-01,2025,10,emitido,GTQ,B3,5973814,"Constructora Horizonte, S.A.",2,Sucursal Quetzaltenango,Quetzaltenango,Quetzaltenango,Canal tienda,762.56,1,PROD-006,Servicio de entrega local,Servicios,5,33.16,165.8,680.86,81.7
GT-DEMO-000580,2025-10-01T13:00:00-06:00,2025-10-01,2025,10,emitido,GTQ,B3,5973814,"Constructora Horizonte, S.A.",2,Sucursal Quetzaltenango,Quetzaltenango,Quetzaltenango,Canal tienda,762.56,2,PROD-004,Termo corporativo 500 ml,Accesorios,6,99.46,596.76,680.86,81.7
GT-DEMO-000137,2025-10-02T11:17:00-06:00,2025-10-02,2025,10,emitido,GTQ,A2,8146293,"Hotel Vista Real, S.A.",3,Sucursal Escuintla,Escuintla,Escuintla,Canal tienda,514.96,1,PROD-007,Servicio de entrega departamental,Servicios,8,64.37,514.96,459.79,55.17
GT-DEMO-000463,2025-10-02T15:14:00-06:00,2025-10-02,2025,10,emitido,GTQ,B2,3561894,"Farmacias Vida, S.A.",2,Sucursal Quetzaltenango,Quetzaltenango,Quetzaltenango,Canal tienda,267.88,1,PROD-001,Café en grano 500 g,Alimentos,4,66.97,267.88,239.18,28.7
GT-DEMO-000231,2025-10-02T18:19:00-06:00,2025-10-02,2025,10,emitido,GTQ,A3,4857291,"Comercial La Estrella, S.A.",1,Sucursal Central,Guatemala,Guatemala,Canal tienda,69.27,1,PROD-007,Servicio de entrega departamental,Servicios,1,69.27,69.27,61.85,7.42
GT-DEMO-000679,2025-10-03T08:18:00-06:00,2025-10-03,2025,10,emitido,GTQ,C1,9037812,"Grupo Empresarial Centroamericano, S.A.",3,Sucursal Escuintla,Escuintla,Escuintla,Canal tienda,269.6,1,PROD-010,Café descafeinado 500 g,Alimentos,4,67.4,269.6,240.71,28.89
GT-DEMO-000478,2025-10-03T13:26:00-06:00,2025-10-03,2025,10,emitido,GTQ,B2,7492631,"Tecnología y Más, S.A.",4,Canal corporativo,Guatemala,Guatemala,Canal corporativo,1026.66,1,PROD-008,Kit de bienvenida empresarial,Corporativo,6,171.11,1026.66,916.66,110.0
GT-DEMO-000316,2025-10-03T17:07:00-06:00,2025-10-03,2025,10,emitido,GTQ,B1,CF,Consumidor Final,3,Sucursal Escuintla,Escuintla,Escuintla,Canal tienda,503.07,1,PROD-001,Café en grano 500 g,Alimentos,4,69.68,278.72,449.17,53.9
GT-DEMO-000316,2025-10-03T17:07:00-06:00,2025-10-03,2025,10,emitido,GTQ,B1,CF,Consumidor Final,3,Sucursal Escuintla,Escuintla,Escuintla,Canal tienda,503.07,2,PROD-003,Té premium caja 25 unidades,Alimentos,5,44.87,224.35,449.17,53.9
GT-DEMO-000702,2025-10-04T14:00:00-06:00,2025-10-04,2025,10,emitido,GTQ,C2,8146293,"Hotel Vista Real, S.A.",3,Sucursal Escuintla,Escuintla,Escuintla,Canal tienda,786.0,1,PROD-001,Café en grano 500 g,Alimentos,6,68.75,412.5,701.78,84.22
GT-DEMO-000702,2025-10-04T14:00:00-06:00,2025-10-04,2025,10,emitido,GTQ,C2,8146293,"Hotel Vista Real, S.A.",3,Sucursal Escuintla,Escuintla,Escuintla,Canal tienda,786.0,2,PROD-007,Servicio de entrega departamental,Servicios,6,62.25,373.5,701.78,84.22
GT-DEMO-000007,2025-10-05T12:47:00-06:00,2025-10-05,2025,10,emitido,GTQ,A1,9037812,"Grupo Empresarial Centroamericano, S.A.",3,Sucursal Escuintla,Escuintla,Escuintla,Canal tienda,962.17,1,PROD-001,Café en grano 500 g,Alimentos,6,67.46,404.76,859.08,103.09
GT-DEMO-000007,2025-10-05T12:47:00-06:00,2025-10-05,2025,10,emitido,GTQ,A1,9037812,"Grupo Empresarial Centroamericano, S.A.",3,Sucursal Escuintla,Escuintla,Escuintla,Canal tienda,962.17,2,PROD-006,Servicio de entrega local,Servicios,7,35.07,245.49,859.08,103.09
GT-DEMO-000007,2025-10-05T12:47:00-06:00,2025-10-05,2025,10,emitido,GTQ,A1,9037812,"Grupo Empresarial Centroamericano, S.A.",3,Sucursal Escuintla,Escuintla,Escuintla,Canal tienda,962.17,3,PROD-003,Té premium caja 25 unidades,Alimentos,7,44.56,311.92,859.08,103.09
GT-DEMO-000530,2025-10-05T16:46:00-06:00,2025-10-05,2025,10,emitido,GTQ,B3,7492631,"Tecnología y Más, S.A.",1,Sucursal Central,Guatemala,Guatemala,Canal tienda,1620.42,1,PROD-012,Caja regalo premium,Corporativo,3,302.5,907.5,1446.81,173.61
GT-DEMO-000530,2025-10-05T16:46:00-06:00,2025-10-05,2025,10,emitido,GTQ,B3,7492631,"Tecnología y Más, S.A.",1,Sucursal Central,Guatemala,Guatemala,Canal tienda,1620.42,2,PROD-007,Servicio de entrega departamental,Servicios,6,65.12,390.72,1446.81,173.61
GT-DEMO-000530,2025-10-05T16:46:00-06:00,2025-10-05,2025,10,emitido,GTQ,B3,7492631,"Tecnología y Más, S.A.",1,Sucursal Central,Guatemala,Guatemala,Canal tienda,1620.42,3,PROD-006,Servicio de entrega local,Servicios,3,37.38,112.14,1446.81,173.61
GT-DEMO-000530,2025-10-05T16:46:00-06:00,2025-10-05,2025,10,emitido,GTQ,B3,7492631,"Tecnología y Más, S.A.",1,Sucursal Central,Guatemala,Guatemala,Canal tienda,1620.42,4,PROD-001,Café en grano 500 g,Alimentos,3,70.02,210.06,1446.81,173.61
GT-DEMO-000336,2025-10-06T09:18:00-06:00,2025-10-06,2025,10,emitido,GTQ,B1,8146293,"Hotel Vista Real, S.A.",2,Sucursal Quetzaltenango,Quetzaltenango,Quetzaltenango,Canal tienda,42.26,1,PROD-011,Galletas artesanales 12 unidades,Alimentos,1,42.26,42.26,37.73,4.53
GT-DEMO-000406,2025-10-06T09:53:00-06:00,2025-10-06,2025,10,anulado,GTQ,B2,5172948,"Restaurantes El Buen Sabor, S.A.",1,Sucursal Central,Guatemala,Guatemala,Canal tienda,615.05,1,PROD-001,Café en grano 500 g,Alimentos,7,71.07,497.49,549.15,65.9
GT-DEMO-000406,2025-10-06T09:53:00-06:00,2025-10-06,2025,10,anulado,GTQ,B2,5172948,"Restaurantes El Buen Sabor, S.A.",1,Sucursal Central,Guatemala,Guatemala,Canal tienda,615.05,2,PROD-002,Café molido 500 g,Alimentos,2,58.78,117.56,549.15,65.9
GT-DEMO-000001,2025-10-06T13:52:00-06:00,2025-10-06,2025,10,emitido,GTQ,A1,4627185,"Supermercados del Valle, S.A.",1,Sucursal Central,Guatemala,Guatemala,Canal tienda,437.58,1,PROD-001,Café en grano 500 g,Alimentos,1,65.76,65.76,390.69,46.89
GT-DEMO-000001,2025-10-06T13:52:00-06:00,2025-10-06,2025,10,emitido,GTQ,A1,4627185,"Supermercados del Valle, S.A.",1,Sucursal Central,Guatemala,Guatemala,Canal tienda,437.58,2,PROD-007,Servicio de entrega departamental,Servicios,6,61.97,371.82,390.69,46.89
GT-DEMO-000313,2025-10-07T09:14:00-06:00,2025-10-07,2025,10,emitido,GTQ,B1,4857291,"Comercial La Estrella, S.A.",1,Sucursal Central,Guatemala,Guatemala,Canal tienda,314.41,1,PROD-003,Té premium caja 25 unidades,Alimentos,2,48.58,97.16,280.72,33.69
GT-DEMO-000313,2025-10-07T09:14:00-06:00,2025-10-07,2025,10,emitido,GTQ,B1,4857291,"Comercial La Estrella, S.A.",1,Sucursal Central,Guatemala,Guatemala,Canal tienda,314.41,2,PROD-003,Té premium caja 25 unidades,Alimentos,5,43.45,217.25,280.72,33.69
GT-DEMO-000612,2025-10-07T14:46:00-06:00,2025-10-07,2025,10,emitido,GTQ,C1,CF,Consumidor Final,1,Sucursal Central,Guatemala,Guatemala,Canal tienda,1054.37,1,PROD-002,Café molido 500 g,Alimentos,8,61.69,493.52,941.4,112.97
GT-DEMO-000612,2025-10-07T14:46:00-06:00,2025-10-07,2025,10,emitido,GTQ,C1,CF,Consumidor Final,1,Sucursal Central,Guatemala,Guatemala,Canal tienda,1054.37,2,PROD-008,Kit de bienvenida empresarial,Corporativo,3,186.95,560.85,941.4,112.97
GT-DEMO-000317,2025-10-07T16:28:00-06:00,2025-10-07,2025,10,emitido,GTQ,B1,7264519,"Transportes del Sur, S.A.",4,Canal corporativo,Guatemala,Guatemala,Canal corporativo,1967.65,1,PROD-008,Kit de bienvenida empresarial,Corporativo,8,181.75,1454.0,1756.83,210.82
GT-DEMO-000317,2025-10-07T16:28:00-06:00,2025-10-07,2025,10,emitido,GTQ,B1,7264519,"Transportes del Sur, S.A.",4,Canal corporativo,Guatemala,Guatemala,Canal corporativo,1967.65,2,PROD-002,Café molido 500 g,Alimentos,1,60.59,60.59,1756.83,210.82
GT-DEMO-000317,2025-10-07T16:28:00-06:00,2025-10-07,2025,10,emitido,GTQ,B1,7264519,"Transportes del Sur, S.A.",4,Canal corporativo,Guatemala,Guatemala,Canal corporativo,1967.65,3,PROD-010,Café descafeinado 500 g,Alimentos,6,75.51,453.06,1756.83,210.82
GT-DEMO-000411,2025-10-08T09:10:00-06:00,2025-10-08,2025,10,emitido,GTQ,B2,CF,Consumidor Final,1,Sucursal Central,Guatemala,Guatemala,Canal tienda,1271.13,1,PROD-008,Kit de bienvenida empresarial,Corporativo,7,181.59,1271.13,1134.94,136.19
GT-DEMO-000538,2025-10-08T15:01:00-06:00,2025-10-08,2025,10,emitido,GTQ,B3,4857291,"Comercial La Estrella, S.A.",1,Sucursal Central,Guatemala,Guatemala,Canal tienda,954.12,1,PROD-010,Café descafeinado 500 g,Alimentos,1,72.82,72.82,851.89,102.23
GT-DEMO-000538,2025-10-08T15:01:00-06:00,2025-10-08,2025,10,emitido,GTQ,B3,4857291,"Comercial La Estrella, S.A.",1,Sucursal Central,Guatemala,Guatemala,Canal tienda,954.12,2,PROD-005,Taza cerámica corporativa,Accesorios,6,54.27,325.62,851.89,102.23
GT-DEMO-000538,2025-10-08T15:01:00-06:00,2025-10-08,2025,10,emitido,GTQ,B3,4857291,"Comercial La Estrella, S.A.",1,Sucursal Central,Guatemala,Guatemala,Canal tienda,954.12,3,PROD-001,Café en grano 500 g,Alimentos,8,69.46,555.68,851.89,102.23
GT-DEMO-000018,2025-10-08T15:26:00-06:00,2025-10-08,2025,10,emitido,GTQ,A1,9037812,"Grupo Empresarial Centroamericano, S.A.",1,Sucursal Central,Guatemala,Guatemala,Canal tienda,1118.01,1,PROD-008,Kit de bienvenida empresarial,Corporativo,2,184.43,368.86,998.23,119.78
GT-DEMO-000018,2025-10-08T15:26:00-06:00,2025-10-08,2025,10,emitido,GTQ,A1,9037812,"Grupo Empresarial Centroamericano, S.A.",1,Sucursal Central,Guatemala,Guatemala,Canal tienda,1118.01,2,PROD-001,Café en grano 500 g,Alimentos,3,66.09,198.27,998.23,119.78
GT-DEMO-000018,2025-10-08T15:26:00-06:00,2025-10-08,2025,10,emitido,GTQ,A1,9037812,"Grupo Empresarial Centroamericano, S.A.",1,Sucursal Central,Guatemala,Guatemala,Canal tienda,1118.01,3,PROD-001,Café en grano 500 g,Alimentos,8,68.86,550.88,998.23,119.78
GT-DEMO-000688,2025-10-08T17:26:00-06:00,2025-10-08,2025,10,emitido,GTQ,C1,6283947,"Distribuidora del Pacífico, S.A.",3,Sucursal Escuintla,Escuintla,Escuintla,Canal tienda,352.75,1,PROD-001,Café en grano 500 g,Alimentos,5,70.55,352.75,314.96,37.79
GT-DEMO-000704,2025-10-08T18:02:00-06:00,2025-10-08,2025,10,emitido,GTQ,C2,4627185,"Supermercados del Valle, S.A.",1,Sucursal Central,Guatemala,Guatemala,Canal tienda,1052.17,1,PROD-008,Kit de bienvenida empresarial,Corporativo,5,183.29,916.45,939.44,112.73
GT-DEMO-000704,2025-10-08T18:02:00-06:00,2025-10-08,2025,10,emitido,GTQ,C2,4627185,"Supermercados del Valle, S.A.",1,Sucursal Central,Guatemala,Guatemala,Canal tienda,1052.17,2,PROD-007,Servicio de entrega departamental,Servicios,2,67.86,135.72,939.44,112.73
GT-DEMO-000065,2025-10-09T13:34:00-06:00,2025-10-09,2025,10,emitido,GTQ,A1,CF,Consumidor Final,1,Sucursal Central,Guatemala,Guatemala,Canal tienda,590.33,1,PROD-001,Café en grano 500 g,Alimentos,1,66.73,66.73,527.09,63.24
GT-DEMO-000065,2025-10-09T13:34:00-06:00,2025-10-09,2025,10,emitido,GTQ,A1,CF,Consumidor Final,1,Sucursal Central,Guatemala,Guatemala,Canal tienda,590.33,2,PROD-010,Café descafeinado 500 g,Alimentos,7,65.9,461.3,527.09,63.24
GT-DEMO-000065,2025-10-09T13:34:00-06:00,2025-10-09,2025,10,emitido,GTQ,A1,CF,Consumidor Final,1,Sucursal Central,Guatemala,Guatemala,Canal tienda,590.33,3,PROD-002,Café molido 500 g,Alimentos,1,62.3,62.3,527.09,63.24
GT-DEMO-000230,2025-10-09T17:13:00-06:00,2025-10-09,2025,10,emitido,GTQ,A3,CF,Consumidor Final,2,Sucursal Quetzaltenango,Quetzaltenango,Quetzaltenango,Canal tienda,192.11,1,PROD-011,Galletas artesanales 12 unidades,Alimentos,3,42.04,126.12,171.53,20.58
GT-DEMO-000230,2025-10-09T17:13:00-06:00,2025-10-09,2025,10,emitido,GTQ,A3,CF,Consumidor Final,2,Sucursal Quetzaltenango,Quetzaltenango,Quetzaltenango,Canal tienda,192.11,2,PROD-007,Servicio de entrega departamental,Servicios,1,65.99,65.99,171.53,20.58
GT-DEMO-000254,2025-10-10T08:12:00-06:00,2025-10-10,2025,10,emitido,GTQ,A3,8146293,"Hotel Vista Real, S.A.",4,Canal corporativo,Guatemala,Guatemala,Canal corporativo,414.81,1,PROD-001,Café en grano 500 g,Alimentos,1,73.05,73.05,370.36,44.45
GT-DEMO-000254,2025-10-10T08:12:00-06:00,2025-10-10,2025,10,emitido,GTQ,A3,8146293,"Hotel Vista Real, S.A.",4,Canal corporativo,Guatemala,Guatemala,Canal corporativo,414.81,2,PROD-003,Té premium caja 25 unidades,Alimentos,8,42.72,341.76,370.36,44.45
GT-DEMO-000059,2025-10-10T11:28:00-06:00,2025-10-10,2025,10,emitido,GTQ,A1,CF,Consumidor Final,1,Sucursal Central,Guatemala,Guatemala,Canal tienda,517.89,1,PROD-004,Termo corporativo 500 ml,Accesorios,5,90.75,453.75,462.4,55.49
GT-DEMO-000059,2025-10-10T11:28:00-06:00,2025-10-10,2025,10,emitido,GTQ,A1,CF,Consumidor Final,1,Sucursal Central,Guatemala,Guatemala,Canal tienda,517.89,2,PROD-002,Café molido 500 g,Alimentos,1,64.14,64.14,462.4,55.49
GT-DEMO-000296,2025-10-10T11:44:00-06:00,2025-10-10,2025,10,emitido,GTQ,A3,CF,Consumidor Final,3,Sucursal Escuintla,Escuintla,Escuintla,Canal tienda,522.48,1,PROD-005,Taza cerámica corporativa,Accesorios,8,57.19,457.52,466.5,55.98
GT-DEMO-000296,2025-10-10T11:44:00-06:00,2025-10-10,2025,10,emitido,GTQ,A3,CF,Consumidor Final,3,Sucursal Escuintla,Escuintla,Escuintla,Canal tienda,522.48,2,PROD-002,Café molido 500 g,Alimentos,1,64.96,64.96,466.5,55.98
GT-DEMO-000576,2025-10-11T12:06:00-06:00,2025-10-11,2025,10,emitido,GTQ,B3,7264519,"Transportes del Sur, S.A.",1,Sucursal Central,Guatemala,Guatemala,Canal tienda,1247.63,1,PROD-009,Suscripción mensual de café,Suscripciones,4,254.21,1016.84,1113.95,133.68
GT-DEMO-000576,2025-10-11T12:06:00-06:00,2025-10-11,2025,10,emitido,GTQ,B3,7264519,"Transportes del Sur, S.A.",1,Sucursal Central,Guatemala,Guatemala,Canal tienda,1247.63,2,PROD-006,Servicio de entrega local,Servicios,7,32.97,230.79,1113.95,133.68
GT-DEMO-000335,2025-10-11T13:35:00-06:00,2025-10-11,2025,10,emitido,GTQ,B1,CF,Consumidor Final,1,Sucursal Central,Guatemala,Guatemala,Canal tienda,603.37,1,PROD-002,Café molido 500 g,Alimentos,1,60.91,60.91,538.72,64.65
GT-DEMO-000335,2025-10-11T13:35:00-06:00,2025-10-11,2025,10,emitido,GTQ,B1,CF,Consumidor Final,1,Sucursal Central,Guatemala,Guatemala,Canal tienda,603.37,2,PROD-009,Suscripción mensual de café,Suscripciones,2,236.23,472.46,538.72,64.65
GT-DEMO-000335,2025-10-11T13:35:00-06:00,2025-10-11,2025,10,emitido,GTQ,B1,CF,Consumidor Final,1,Sucursal Central,Guatemala,Guatemala,Canal tienda,603.37,3,PROD-001,Café en grano 500 g,Alimentos,1,70.0,70.0,538.72,64.65
GT-DEMO-000033,2025-10-11T18:13:00-06:00,2025-10-11,2025,10,emitido,GTQ,A1,CF,Consumidor Final,1,Sucursal Central,Guatemala,Guatemala,Canal tienda,387.7,1,PROD-007,Servicio de entrega departamental,Servicios,2,65.21,130.42,346.16,41.54
GT-DEMO-000033,2025-10-11T18:13:00-06:00,2025-10-11,2025,10,emitido,GTQ,A1,CF,Consumidor Final,1,Sucursal Central,Guatemala,Guatemala,Canal tienda,387.7,2,PROD-002,Café molido 500 g,Alimentos,4,64.32,257.28,346.16,41.54
GT-DEMO-000621,2025-10-12T09:07:00-06:00,2025-10-12,2025,10,emitido,GTQ,C1,7264519,"Transportes del Sur, S.A.",1,Sucursal Central,Guatemala,Guatemala,Canal tienda,1112.07,1,PROD-003,Té premium caja 25 unidades,Alimentos,7,46.76,327.32,992.93,119.14
GT-DEMO-000621,2025-10-12T09:07:00-06:00,2025-10-12,2025,10,emitido,GTQ,C1,7264519,"Transportes del Sur, S.A.",1,Sucursal Central,Guatemala,Guatemala,Canal tienda,1112.07,2,PROD-011,Galletas artesanales 12 unidades,Alimentos,3,42.63,127.89,992.93,119.14
GT-DEMO-000621,2025-10-12T09:07:00-06:00,2025-10-12,2025,10,emitido,GTQ,C1,7264519,"Transportes del Sur, S.A.",1,Sucursal Central,Guatemala,Guatemala,Canal tienda,1112.07,3,PROD-002,Café molido 500 g,Alimentos,7,65.38,457.66,992.93,119.14
GT-DEMO-000621,2025-10-12T09:07:00-06:00,2025-10-12,2025,10,emitido,GTQ,C1,7264519,"Transportes del Sur, S.A.",1,Sucursal Central,Guatemala,Guatemala,Canal tienda,1112.07,4,PROD-001,Café en grano 500 g,Alimentos,3,66.4,199.2,992.93,119.14
GT-DEMO-000303,2025-10-12T09:50:00-06:00,2025-10-12,2025,10,emitido,GTQ,B1,5973814,"Constructora Horizonte, S.A.",1,Sucursal Central,Guatemala,Guatemala,Canal tienda,910.35,1,PROD-005,Taza cerámica corporativa,Accesorios,5,55.23,276.15,812.81,97.54
GT-DEMO-000303,2025-10-12T09:50:00-06:00,2025-10-12,2025,10,emitido,GTQ,B1,5973814,"Constructora Horizonte, S.A.",1,Sucursal Central,Guatemala,Guatemala,Canal tienda,910.35,2,PROD-004,Termo corporativo 500 ml,Accesorios,7,90.6,634.2,812.81,97.54
GT-DEMO-000427,2025-10-12T12:16:00-06:00,2025-10-12,2025,10,emitido,GTQ,B2,7264519,"Transportes del Sur, S.A.",4,Canal corporativo,Guatemala,Guatemala,Canal corporativo,444.48,1,PROD-005,Taza cerámica corporativa,Accesorios,6,52.18,313.08,396.86,47.62
GT-DEMO-000427,2025-10-12T12:16:00-06:00,2025-10-12,2025,10,emitido,GTQ,B2,7264519,"Transportes del Sur, S.A.",4,Canal corporativo,Guatemala,Guatemala,Canal corporativo,444.48,2,PROD-001,Café en grano 500 g,Alimentos,2,65.7,131.4,396.86,47.62
GT-DEMO-000567,2025-10-12T12:49:00-06:00,2025-10-12,2025,10,emitido,GTQ,B3,4627185,"Supermercados del Valle, S.A.",3,Sucursal Escuintla,Escuintla,Escuintla,Canal tienda,342.31,1,PROD-001,Café en grano 500 g,Alimentos,3,73.23,219.69,305.63,36.68
GT-DEMO-000567,2025-10-12T12:49:00-06:00,2025-10-12,2025,10,emitido,GTQ,B3,4627185,"Supermercados del Valle, S.A.",3,Sucursal Escuintla,Escuintla,Escuintla,Canal tienda,342.31,2,PROD-007,Servicio de entrega departamental,Servicios,2,61.31,122.62,305.63,36.68
GT-DEMO-000253,2025-10-13T08:48:00-06:00,2025-10-13,2025,10,emitido,GTQ,A3,5973814,"Constructora Horizonte, S.A.",1,Sucursal Central,Guatemala,Guatemala,Canal tienda,956.52,1,PROD-004,Termo corporativo 500 ml,Accesorios,8,101.26,810.08,854.04,102.48
GT-DEMO-000253,2025-10-13T08:48:00-06:00,2025-10-13,2025,10,emitido,GTQ,A3,5973814,"Constructora Horizonte, S.A.",1,Sucursal Central,Guatemala,Guatemala,Canal tienda,956.52,2,PROD-001,Café en grano 500 g,Alimentos,2,73.22,146.44,854.04,102.48
GT-DEMO-000678,2025-10-13T16:17:00-06:00,2025-10-13,2025,10,emitido,GTQ,C1,3561894,"Farmacias Vida, S.A.",1,Sucursal Central,Guatemala,Guatemala,Canal tienda,214.45,1,PROD-003,Té premium caja 25 unidades,Alimentos,5,42.89,214.45,191.47,22.98
GT-DEMO-000712,2025-10-15T10:00:00-06:00,2025-10-15,2025,10,emitido,GTQ,C2,8146293,"Hotel Vista Real, S.A.",1,Sucursal Central,Guatemala,Guatemala,Canal tienda,1782.2,1,PROD-009,Suscripción mensual de café,Suscripciones,7,254.6,1782.2,1591.25,190.95
GT-DEMO-000514,2025-10-15T11:53:00-06:00,2025-10-15,2025,10,emitido,GTQ,B3,7264519,"Transportes del Sur, S.A.",1,Sucursal Central,Guatemala,Guatemala,Canal tienda,1268.35,1,PROD-010,Café descafeinado 500 g,Alimentos,2,65.9,131.8,1132.46,135.89
GT-DEMO-000514,2025-10-15T11:53:00-06:00,2025-10-15,2025,10,emitido,GTQ,B3,7264519,"Transportes del Sur, S.A.",1,Sucursal Central,Guatemala,Guatemala,Canal tienda,1268.35,2,PROD-004,Termo corporativo 500 ml,Accesorios,3,92.65,277.95,1132.46,135.89
GT-DEMO-000514,2025-10-15T11:53:00-06:00,2025-10-15,2025,10,emitido,GTQ,B3,7264519,"Transportes del Sur, S.A.",1,Sucursal Central,Guatemala,Guatemala,Canal tienda,1268.35,3,PROD-001,Café en grano 500 g,Alimentos,4,69.91,279.64,1132.46,135.89
GT-DEMO-000514,2025-10-15T11:53:00-06:00,2025-10-15,2025,10,emitido,GTQ,B3,7264519,"Transportes del Sur, S.A.",1,Sucursal Central,Guatemala,Guatemala,Canal tienda,1268.35,4,PROD-001,Café en grano 500 g,Alimentos,8,72.37,578.96,1132.46,135.89
GT-DEMO-000695,2025-10-16T10:23:00-06:00,2025-10-16,2025,10,emitido,GTQ,C1,7492631,"Tecnología y Más, S.A.",1,Sucursal Central,Guatemala,Guatemala,Canal tienda,925.43,1,PROD-008,Kit de bienvenida empresarial,Corporativo,4,183.8,735.2,826.28,99.15
GT-DEMO-000695,2025-10-16T10:23:00-06:00,2025-10-16,2025,10,emitido,GTQ,C1,7492631,"Tecnología y Más, S.A.",1,Sucursal Central,Guatemala,Guatemala,Canal tienda,925.43,2,PROD-002,Café molido 500 g,Alimentos,3,63.41,190.23,826.28,99.15
GT-DEMO-000592,2025-10-17T09:09:00-06:00,2025-10-17,2025,10,emitido,GTQ,B3,5973814,"Constructora Horizonte, S.A.",2,Sucursal Quetzaltenango,Quetzaltenango,Quetzaltenango,Canal tienda,668.24,1,PROD-006,Servicio de entrega local,Servicios,8,37.08,296.64,596.65,71.59
GT-DEMO-000592,2025-10-17T09:09:00-06:00,2025-10-17,2025,10,emitido,GTQ,B3,5973814,"Constructora Horizonte, S.A.",2,Sucursal Quetzaltenango,Quetzaltenango,Quetzaltenango,Canal tienda,668.24,2,PROD-003,Té premium caja 25 unidades,Alimentos,8,46.45,371.6,596.65,71.59
GT-DEMO-000509,2025-10-19T09:17:00-06:00,2025-10-19,2025,10,emitido,GTQ,B3,6283947,"Distribuidora del Pacífico, S.A.",4,Canal corporativo,Guatemala,Guatemala,Canal corporativo,146.88,1,PROD-006,Servicio de entrega local,Servicios,2,36.77,73.54,131.14,15.74
GT-DEMO-000509,2025-10-19T09:17:00-06:00,2025-10-19,2025,10,emitido,GTQ,B3,6283947,"Distribuidora del Pacífico, S.A.",4,Canal corporativo,Guatemala,Guatemala,Canal corporativo,146.88,2,PROD-006,Servicio de entrega local,Servicios,2,36.67,73.34,131.14,15.74
GT-DEMO-000600,2025-10-19T11:41:00-06:00,2025-10-19,2025,10,emitido,GTQ,B3,7492631,"Tecnología y Más, S.A.",1,Sucursal Central,Guatemala,Guatemala,Canal tienda,279.21,1,PROD-011,Galletas artesanales 12 unidades,Alimentos,2,44.76,89.52,249.3,29.91
GT-DEMO-000600,2025-10-19T11:41:00-06:00,2025-10-19,2025,10,emitido,GTQ,B3,7492631,"Tecnología y Más, S.A.",1,Sucursal Central,Guatemala,Guatemala,Canal tienda,279.21,2,PROD-007,Servicio de entrega departamental,Servicios,3,63.23,189.69,249.3,29.91
GT-DEMO-000419,2025-10-21T12:26:00-06:00,2025-10-21,2025,10,emitido,GTQ,B2,8146293,"Hotel Vista Real, S.A.",2,Sucursal Quetzaltenango,Quetzaltenango,Quetzaltenango,Canal tienda,557.68,1,PROD-004,Termo corporativo 500 ml,Accesorios,4,96.56,386.24,497.93,59.75
GT-DEMO-000419,2025-10-21T12:26:00-06:00,2025-10-21,2025,10,emitido,GTQ,B2,8146293,"Hotel Vista Real, S.A.",2,Sucursal Quetzaltenango,Quetzaltenango,Quetzaltenango,Canal tienda,557.68,2,PROD-011,Galletas artesanales 12 unidades,Alimentos,4,42.86,171.44,497.93,59.75
GT-DEMO-000690,2025-10-21T15:10:00-06:00,2025-10-21,2025,10,emitido,GTQ,C1,9037812,"Grupo Empresarial Centroamericano, S.A.",1,Sucursal Central,Guatemala,Guatemala,Canal tienda,586.35,1,PROD-001,Café en grano 500 g,Alimentos,3,72.59,217.77,523.53,62.82
GT-DEMO-000690,2025-10-21T15:10:00-06:00,2025-10-21,2025,10,emitido,GTQ,C1,9037812,"Grupo Empresarial Centroamericano, S.A.",1,Sucursal Central,Guatemala,Guatemala,Canal tienda,586.35,2,PROD-002,Café molido 500 g,Alimentos,6,61.43,368.58,523.53,62.82
GT-DEMO-000714,2025-10-21T15:14:00-06:00,2025-10-21,2025,10,emitido,GTQ,C2,7812456,"Servicios Integrales Maya, S.A.",1,Sucursal Central,Guatemala,Guatemala,Canal tienda,210.76,1,PROD-005,Taza cerámica corporativa,Accesorios,4,52.69,210.76,188.18,22.58
GT-DEMO-000289,2025-10-22T08:28:00-06:00,2025-10-22,2025,10,emitido,GTQ,A3,CF,Consumidor Final,1,Sucursal Central,Guatemala,Guatemala,Canal tienda,1288.61,1,PROD-005,Taza cerámica corporativa,Accesorios,7,58.08,406.56,1150.54,138.07
GT-DEMO-000289,2025-10-22T08:28:00-06:00,2025-10-22,2025,10,emitido,GTQ,A3,CF,Consumidor Final,1,Sucursal Central,Guatemala,Guatemala,Canal tienda,1288.61,2,PROD-008,Kit de bienvenida empresarial,Corporativo,5,176.41,882.05,1150.54,138.07
GT-DEMO-000082,2025-10-23T11:20:00-06:00,2025-10-23,2025,10,emitido,GTQ,A1,8146293,"Hotel Vista Real, S.A.",1,Sucursal Central,Guatemala,Guatemala,Canal tienda,284.82,1,PROD-003,Té premium caja 25 unidades,Alimentos,6,47.47,284.82,254.3,30.52
GT-DEMO-000716,2025-10-23T11:30:00-06:00,2025-10-23,2025,10,emitido,GTQ,C2,7492631,"Tecnología y Más, S.A.",1,Sucursal Central,Guatemala,Guatemala,Canal tienda,270.56,1,PROD-010,Café descafeinado 500 g,Alimentos,4,67.64,270.56,241.57,28.99
GT-DEMO-000015,2025-10-23T17:17:00-06:00,2025-10-23,2025,10,emitido,GTQ,A1,9037812,"Grupo Empresarial Centroamericano, S.A.",4,Canal corporativo,Guatemala,Guatemala,Canal corporativo,505.3,1,PROD-005,Taza cerámica corporativa,Accesorios,7,57.14,399.98,451.17,54.13
GT-DEMO-000015,2025-10-23T17:17:00-06:00,2025-10-23,2025,10,emitido,GTQ,A1,9037812,"Grupo Empresarial Centroamericano, S.A.",4,Canal corporativo,Guatemala,Guatemala,Canal corporativo,505.3,2,PROD-005,Taza cerámica corporativa,Accesorios,2,52.66,105.32,451.17,54.13
GT-DEMO-000029,2025-10-26T13:05:00-06:00,2025-10-26,2025,10,emitido,GTQ,A1,8146293,"Hotel Vista Real, S.A.",2,Sucursal Quetzaltenango,Quetzaltenango,Quetzaltenango,Canal tienda,1172.93,1,PROD-003,Té premium caja 25 unidades,Alimentos,8,42.31,338.48,1047.25,125.68
GT-DEMO-000029,2025-10-26T13:05:00-06:00,2025-10-26,2025,10,emitido,GTQ,A1,8146293,"Hotel Vista Real, S.A.",2,Sucursal Quetzaltenango,Quetzaltenango,Quetzaltenango,Canal tienda,1172.93,2,PROD-001,Café en grano 500 g,Alimentos,5,65.59,327.95,1047.25,125.68
GT-DEMO-000029,2025-10-26T13:05:00-06:00,2025-10-26,2025,10,emitido,GTQ,A1,8146293,"Hotel Vista Real, S.A.",2,Sucursal Quetzaltenango,Quetzaltenango,Quetzaltenango,Canal tienda,1172.93,3,PROD-004,Termo corporativo 500 ml,Accesorios,5,101.3,506.5,1047.25,125.68
GT-DEMO-000169,2025-10-27T12:52:00-06:00,2025-10-27,2025,10,emitido,GTQ,A2,6283947,"Distribuidora del Pacífico, S.A.",4,Canal corporativo,Guatemala,Guatemala,Canal corporativo,270.05,1,PROD-001,Café en grano 500 g,Alimentos,1,68.81,68.81,241.12,28.93
GT-DEMO-000169,2025-10-27T12:52:00-06:00,2025-10-27,2025,10,emitido,GTQ,A2,6283947,"Distribuidora del Pacífico, S.A.",4,Canal corporativo,Guatemala,Guatemala,Canal corporativo,270.05,2,PROD-007,Servicio de entrega departamental,Servicios,3,67.08,201.24,241.12,28.93
GT-DEMO-000295,2025-10-28T10:00:00-06:00,2025-10-28,2025,10,emitido,GTQ,A3,CF,Consumidor Final,2,Sucursal Quetzaltenango,Quetzaltenango,Quetzaltenango,Canal tienda,959.88,1,PROD-011,Galletas artesanales 12 unidades,Alimentos,2,40.42,80.84,857.04,102.84
GT-DEMO-000295,2025-10-28T10:00:00-06:00,2025-10-28,2025,10,emitido,GTQ,A3,CF,Consumidor Final,2,Sucursal Quetzaltenango,Quetzaltenango,Quetzaltenango,Canal tienda,959.88,2,PROD-005,Taza cerámica corporativa,Accesorios,5,58.71,293.55,857.04,102.84
GT-DEMO-000295,2025-10-28T10:00:00-06:00,2025-10-28,2025,10,emitido,GTQ,A3,CF,Consumidor Final,2,Sucursal Quetzaltenango,Quetzaltenango,Quetzaltenango,Canal tienda,959.88,3,PROD-010,Café descafeinado 500 g,Alimentos,1,68.53,68.53,857.04,102.84
GT-DEMO-000295,2025-10-28T10:00:00-06:00,2025-10-28,2025,10,emitido,GTQ,A3,CF,Consumidor Final,2,Sucursal Quetzaltenango,Quetzaltenango,Quetzaltenango,Canal tienda,959.88,4,PROD-002,Café molido 500 g,Alimentos,8,64.62,516.96,857.04,102.84
GT-DEMO-000342,2025-10-28T10:22:00-06:00,2025-10-28,2025,10,emitido,GTQ,B1,6283947,"Distribuidora del Pacífico, S.A.",1,Sucursal Central,Guatemala,Guatemala,Canal tienda,462.01,1,PROD-006,Servicio de entrega local,Servicios,6,34.28,205.68,412.51,49.5
GT-DEMO-000342,2025-10-28T10:22:00-06:00,2025-10-28,2025,10,emitido,GTQ,B1,6283947,"Distribuidora del Pacífico, S.A.",1,Sucursal Central,Guatemala,Guatemala,Canal tienda,462.01,2,PROD-009,Suscripción mensual de café,Suscripciones,1,256.33,256.33,412.51,49.5
GT-DEMO-000219,2025-10-28T13:01:00-06:00,2025-10-28,2025,10,emitido,GTQ,A3,7492631,"Tecnología y Más, S.A.",1,Sucursal Central,Guatemala,Guatemala,Canal tienda,823.56,1,PROD-007,Servicio de entrega departamental,Servicios,2,69.81,139.62,735.32,88.24
GT-DEMO-000219,2025-10-28T13:01:00-06:00,2025-10-28,2025,10,emitido,GTQ,A3,7492631,"Tecnología y Más, S.A.",1,Sucursal Central,Guatemala,Guatemala,Canal tienda,823.56,2,PROD-007,Servicio de entrega departamental,Servicios,8,67.81,542.48,735.32,88.24
GT-DEMO-000219,2025-10-28T13:01:00-06:00,2025-10-28,2025,10,emitido,GTQ,A3,7492631,"Tecnología y Más, S.A.",1,Sucursal Central,Guatemala,Guatemala,Canal tienda,823.56,3,PROD-010,Café descafeinado 500 g,Alimentos,2,70.73,141.46,735.32,88.24
GT-DEMO-000192,2025-10-28T14:33:00-06:00,2025-10-28,2025,10,emitido,GTQ,A2,3561894,"Farmacias Vida, S.A.",4,Canal corporativo,Guatemala,Guatemala,Canal corporativo,1924.4,1,PROD-011,Galletas artesanales 12 unidades,Alimentos,2,42.0,84.0,1718.21,206.19
GT-DEMO-000192,2025-10-28T14:33:00-06:00,2025-10-28,2025,10,emitido,GTQ,A2,3561894,"Farmacias Vida, S.A.",4,Canal corporativo,Guatemala,Guatemala,Canal corporativo,1924.4,2,PROD-009,Suscripción mensual de café,Suscripciones,8,230.05,1840.4,1718.21,206.19
GT-DEMO-000240,2025-10-29T08:26:00-06:00,2025-10-29,2025,10,emitido,GTQ,A3,3561894,"Farmacias Vida, S.A.",4,Canal corporativo,Guatemala,Guatemala,Canal corporativo,100.38,1,PROD-005,Taza cerámica corporativa,Accesorios,1,55.4,55.4,89.62,10.76
GT-DEMO-000240,2025-10-29T08:26:00-06:00,2025-10-29,2025,10,emitido,GTQ,A3,3561894,"Farmacias Vida, S.A.",4,Canal corporativo,Guatemala,Guatemala,Canal corporativo,100.38,2,PROD-003,Té premium caja 25 unidades,Alimentos,1,44.98,44.98,89.62,10.76
GT-DEMO-000187,2025-10-29T12:15:00-06:00,2025-10-29,2025,10,emitido,GTQ,A2,CF,Consumidor Final,4,Canal corporativo,Guatemala,Guatemala,Canal corporativo,1529.17,1,PROD-003,Té premium caja 25 unidades,Alimentos,7,48.39,338.73,1365.33,163.84
GT-DEMO-000187,2025-10-29T12:15:00-06:00,2025-10-29,2025,10,emitido,GTQ,A2,CF,Consumidor Final,4,Canal corporativo,Guatemala,Guatemala,Canal corporativo,1529.17,2,PROD-001,Café en grano 500 g,Alimentos,6,72.66,435.96,1365.33,163.84
GT-DEMO-000187,2025-10-29T12:15:00-06:00,2025-10-29,2025,10,emitido,GTQ,A2,CF,Consumidor Final,4,Canal corporativo,Guatemala,Guatemala,Canal corporativo,1529.17,3,PROD-004,Termo corporativo 500 ml,Accesorios,8,94.31,754.48,1365.33,163.84
GT-DEMO-000524,2025-10-31T12:27:00-06:00,2025-10-31,2025,10,emitido,GTQ,B3,4627185,"Supermercados del Valle, S.A.",4,Canal corporativo,Guatemala,Guatemala,Canal corporativo,168.75,1,PROD-006,Servicio de entrega local,Servicios,5,33.75,168.75,150.67,18.08
GT-DEMO-000449,2025-10-31T17:04:00-06:00,2025-10-31,2025,10,anulado,GTQ,B2,7264519,"Transportes del Sur, S.A.",1,Sucursal Central,Guatemala,Guatemala,Canal tienda,676.96,1,PROD-008,Kit de bienvenida empresarial,Corporativo,2,183.57,367.14,604.43,72.53
GT-DEMO-000449,2025-10-31T17:04:00-06:00,2025-10-31,2025,10,anulado,GTQ,B2,7264519,"Transportes del Sur, S.A.",1,Sucursal Central,Guatemala,Guatemala,Canal tienda,676.96,2,PROD-011,Galletas artesanales 12 unidades,Alimentos,7,44.26,309.82,604.43,72.53
GT-DEMO-000651,2025-11-01T11:03:00-06:00,2025-11-01,2025,11,emitido,GTQ,C1,4627185,"Supermercados del Valle, S.A.",1,Sucursal Central,Guatemala,Guatemala,Canal tienda,387.57,1,PROD-003,Té premium caja 25 unidades,Alimentos,7,48.59,340.13,346.05,41.52
GT-DEMO-000651,2025-11-01T11:03:00-06:00,2025-11-01,2025,11,emitido,GTQ,C1,4627185,"Supermercados del Valle, S.A.",1,Sucursal Central,Guatemala,Guatemala,Canal tienda,387.57,2,PROD-003,Té premium caja 25 unidades,Alimentos,1,47.44,47.44,346.05,41.52
GT-DEMO-000628,2025-11-01T11:10:00-06:00,2025-11-01,2025,11,anulado,GTQ,C1,7264519,"Transportes del Sur, S.A.",3,Sucursal Escuintla,Escuintla,Escuintla,Canal tienda,910.46,1,PROD-007,Servicio de entrega departamental,Servicios,7,62.42,436.94,812.92,97.54
GT-DEMO-000628,2025-11-01T11:10:00-06:00,2025-11-01,2025,11,anulado,GTQ,C1,7264519,"Transportes del Sur, S.A.",3,Sucursal Escuintla,Escuintla,Escuintla,Canal tienda,910.46,2,PROD-005,Taza cerámica corporativa,Accesorios,8,59.19,473.52,812.92,97.54
GT-DEMO-000023,2025-11-02T12:54:00-06:00,2025-11-02,2025,11,emitido,GTQ,A1,CF,Consumidor Final,2,Sucursal Quetzaltenango,Quetzaltenango,Quetzaltenango,Canal tienda,85.78,1,PROD-011,Galletas artesanales 12 unidades,Alimentos,2,42.89,85.78,76.59,9.19
GT-DEMO-000407,2025-11-02T13:15:00-06:00,2025-11-02,2025,11,emitido,GTQ,B2,8146293,"Hotel Vista Real, S.A.",3,Sucursal Escuintla,Escuintla,Escuintla,Canal tienda,2078.8,1,PROD-005,Taza cerámica corporativa,Accesorios,5,52.24,261.2,1856.07,222.73
GT-DEMO-000407,2025-11-02T13:15:00-06:00,2025-11-02,2025,11,emitido,GTQ,B2,8146293,"Hotel Vista Real, S.A.",3,Sucursal Escuintla,Escuintla,Escuintla,Canal tienda,2078.8,2,PROD-003,Té premium caja 25 unidades,Alimentos,6,46.37,278.22,1856.07,222.73
GT-DEMO-000407,2025-11-02T13:15:00-06:00,2025-11-02,2025,11,emitido,GTQ,B2,8146293,"Hotel Vista Real, S.A.",3,Sucursal Escuintla,Escuintla,Escuintla,Canal tienda,2078.8,3,PROD-009,Suscripción mensual de café,Suscripciones,5,233.92,1169.6,1856.07,222.73
GT-DEMO-000407,2025-11-02T13:15:00-06:00,2025-11-02,2025,11,emitido,GTQ,B2,8146293,"Hotel Vista Real, S.A.",3,Sucursal Escuintla,Escuintla,Escuintla,Canal tienda,2078.8,4,PROD-002,Café molido 500 g,Alimentos,6,61.63,369.78,1856.07,222.73
GT-DEMO-000529,2025-11-02T15:44:00-06:00,2025-11-02,2025,11,emitido,GTQ,B3,4857291,"Comercial La Estrella, S.A.",2,Sucursal Quetzaltenango,Quetzaltenango,Quetzaltenango,Canal tienda,197.27,1,PROD-010,Café descafeinado 500 g,Alimentos,1,72.09,72.09,176.14,21.13
GT-DEMO-000529,2025-11-02T15:44:00-06:00,2025-11-02,2025,11,emitido,GTQ,B3,4857291,"Comercial La Estrella, S.A.",2,Sucursal Quetzaltenango,Quetzaltenango,Quetzaltenango,Canal tienda,197.27,2,PROD-002,Café molido 500 g,Alimentos,2,62.59,125.18,176.14,21.13
GT-DEMO-000014,2025-11-02T17:01:00-06:00,2025-11-02,2025,11,emitido,GTQ,A1,5973814,"Constructora Horizonte, S.A.",4,Canal corporativo,Guatemala,Guatemala,Canal corporativo,475.17,1,PROD-001,Café en grano 500 g,Alimentos,5,67.43,337.15,424.26,50.91
GT-DEMO-000014,2025-11-02T17:01:00-06:00,2025-11-02,2025,11,emitido,GTQ,A1,5973814,"Constructora Horizonte, S.A.",4,Canal corporativo,Guatemala,Guatemala,Canal corporativo,475.17,2,PROD-001,Café en grano 500 g,Alimentos,2,69.01,138.02,424.26,50.91
GT-DEMO-000054,2025-11-04T14:32:00-06:00,2025-11-04,2025,11,emitido,GTQ,A1,6283947,"Distribuidora del Pacífico, S.A.",2,Sucursal Quetzaltenango,Quetzaltenango,Quetzaltenango,Canal tienda,541.36,1,PROD-010,Café descafeinado 500 g,Alimentos,4,68.05,272.2,483.36,58.0
GT-DEMO-000054,2025-11-04T14:32:00-06:00,2025-11-04,2025,11,emitido,GTQ,A1,6283947,"Distribuidora del Pacífico, S.A.",2,Sucursal Quetzaltenango,Quetzaltenango,Quetzaltenango,Canal tienda,541.36,2,PROD-004,Termo corporativo 500 ml,Accesorios,3,89.72,269.16,483.36,58.0
GT-DEMO-000634,2025-11-05T08:52:00-06:00,2025-11-05,2025,11,emitido,GTQ,C1,5172948,"Restaurantes El Buen Sabor, S.A.",2,Sucursal Quetzaltenango,Quetzaltenango,Quetzaltenango,Canal tienda,325.94,1,PROD-007,Servicio de entrega departamental,Servicios,3,63.24,189.72,291.02,34.92
GT-DEMO-000634,2025-11-05T08:52:00-06:00,2025-11-05,2025,11,emitido,GTQ,C1,5172948,"Restaurantes El Buen Sabor, S.A.",2,Sucursal Quetzaltenango,Quetzaltenango,Quetzaltenango,Canal tienda,325.94,2,PROD-001,Café en grano 500 g,Alimentos,2,68.11,136.22,291.02,34.92
GT-DEMO-000341,2025-11-05T16:09:00-06:00,2025-11-05,2025,11,emitido,GTQ,B1,9037812,"Grupo Empresarial Centroamericano, S.A.",1,Sucursal Central,Guatemala,Guatemala,Canal tienda,588.24,1,PROD-002,Café molido 500 g,Alimentos,4,65.85,263.4,525.22,63.02
GT-DEMO-000341,2025-11-05T16:09:00-06:00,2025-11-05,2025,11,emitido,GTQ,B1,9037812,"Grupo Empresarial Centroamericano, S.A.",1,Sucursal Central,Guatemala,Guatemala,Canal tienda,588.24,2,PROD-005,Taza cerámica corporativa,Accesorios,6,54.14,324.84,525.22,63.02
GT-DEMO-000276,2025-11-06T13:56:00-06:00,2025-11-06,2025,11,emitido,GTQ,A3,4627185,"Supermercados del Valle, S.A.",1,Sucursal Central,Guatemala,Guatemala,Canal tienda,401.88,1,PROD-003,Té premium caja 25 unidades,Alimentos,5,42.96,214.8,358.83,43.05
GT-DEMO-000276,2025-11-06T13:56:00-06:00,2025-11-06,2025,11,emitido,GTQ,A3,4627185,"Supermercados del Valle, S.A.",1,Sucursal Central,Guatemala,Guatemala,Canal tienda,401.88,2,PROD-004,Termo corporativo 500 ml,Accesorios,2,93.54,187.08,358.83,43.05
GT-DEMO-000384,2025-11-06T16:37:00-06:00,2025-11-06,2025,11,emitido,GTQ,B1,6283947,"Distribuidora del Pacífico, S.A.",1,Sucursal Central,Guatemala,Guatemala,Canal tienda,386.1,1,PROD-001,Café en grano 500 g,Alimentos,6,64.35,386.1,344.73,41.37
GT-DEMO-000026,2025-11-07T17:23:00-06:00,2025-11-07,2025,11,emitido,GTQ,A1,8146293,"Hotel Vista Real, S.A.",1,Sucursal Central,Guatemala,Guatemala,Canal tienda,1201.83,1,PROD-010,Café descafeinado 500 g,Alimentos,6,69.67,418.02,1073.06,128.77
GT-DEMO-000026,2025-11-07T17:23:00-06:00,2025-11-07,2025,11,emitido,GTQ,A1,8146293,"Hotel Vista Real, S.A.",1,Sucursal Central,Guatemala,Guatemala,Canal tienda,1201.83,2,PROD-002,Café molido 500 g,Alimentos,5,64.01,320.05,1073.06,128.77
GT-DEMO-000026,2025-11-07T17:23:00-06:00,2025-11-07,2025,11,emitido,GTQ,A1,8146293,"Hotel Vista Real, S.A.",1,Sucursal Central,Guatemala,Guatemala,Canal tienda,1201.83,3,PROD-005,Taza cerámica corporativa,Accesorios,8,57.97,463.76,1073.06,128.77
GT-DEMO-000120,2025-11-08T11:31:00-06:00,2025-11-08,2025,11,emitido,GTQ,A2,5973814,"Constructora Horizonte, S.A.",2,Sucursal Quetzaltenango,Quetzaltenango,Quetzaltenango,Canal tienda,1216.52,1,PROD-002,Café molido 500 g,Alimentos,8,58.97,471.76,1086.17,130.35
GT-DEMO-000120,2025-11-08T11:31:00-06:00,2025-11-08,2025,11,emitido,GTQ,A2,5973814,"Constructora Horizonte, S.A.",2,Sucursal Quetzaltenango,Quetzaltenango,Quetzaltenango,Canal tienda,1216.52,2,PROD-008,Kit de bienvenida empresarial,Corporativo,4,186.19,744.76,1086.17,130.35
GT-DEMO-000323,2025-11-08T12:06:00-06:00,2025-11-08,2025,11,emitido,GTQ,B1,CF,Consumidor Final,1,Sucursal Central,Guatemala,Guatemala,Canal tienda,309.92,1,PROD-007,Servicio de entrega departamental,Servicios,3,69.73,209.19,276.72,33.2
GT-DEMO-000323,2025-11-08T12:06:00-06:00,2025-11-08,2025,11,emitido,GTQ,B1,CF,Consumidor Final,1,Sucursal Central,Guatemala,Guatemala,Canal tienda,309.92,2,PROD-004,Termo corporativo 500 ml,Accesorios,1,100.73,100.73,276.72,33.2
GT-DEMO-000562,2025-11-08T18:14:00-06:00,2025-11-08,2025,11,emitido,GTQ,B3,3561894,"Farmacias Vida, S.A.",2,Sucursal Quetzaltenango,Quetzaltenango,Quetzaltenango,Canal tienda,2103.8,1,PROD-004,Termo corporativo 500 ml,Accesorios,6,98.14,588.84,1878.4,225.4
GT-DEMO-000562,2025-11-08T18:14:00-06:00,2025-11-08,2025,11,emitido,GTQ,B3,3561894,"Farmacias Vida, S.A.",2,Sucursal Quetzaltenango,Quetzaltenango,Quetzaltenango,Canal tienda,2103.8,2,PROD-004,Termo corporativo 500 ml,Accesorios,1,96.08,96.08,1878.4,225.4
GT-DEMO-000562,2025-11-08T18:14:00-06:00,2025-11-08,2025,11,emitido,GTQ,B3,3561894,"Farmacias Vida, S.A.",2,Sucursal Quetzaltenango,Quetzaltenango,Quetzaltenango,Canal tienda,2103.8,3,PROD-008,Kit de bienvenida empresarial,Corporativo,8,177.36,1418.88,1878.4,225.4
GT-DEMO-000472,2025-11-09T08:17:00-06:00,2025-11-09,2025,11,emitido,GTQ,B2,4627185,"Supermercados del Valle, S.A.",4,Canal corporativo,Guatemala,Guatemala,Canal corporativo,236.63,1,PROD-009,Suscripción mensual de café,Suscripciones,1,236.63,236.63,211.28,25.35
GT-DEMO-000443,2025-11-10T11:59:00-06:00,2025-11-10,2025,11,emitido,GTQ,B2,CF,Consumidor Final,1,Sucursal Central,Guatemala,Guatemala,Canal tienda,3893.3,1,PROD-012,Caja regalo premium,Corporativo,7,319.34,2235.38,3476.16,417.14
GT-DEMO-000443,2025-11-10T11:59:00-06:00,2025-11-10,2025,11,emitido,GTQ,B2,CF,Consumidor Final,1,Sucursal Central,Guatemala,Guatemala,Canal tienda,3893.3,2,PROD-005,Taza cerámica corporativa,Accesorios,4,54.34,217.36,3476.16,417.14
GT-DEMO-000443,2025-11-10T11:59:00-06:00,2025-11-10,2025,11,emitido,GTQ,B2,CF,Consumidor Final,1,Sucursal Central,Guatemala,Guatemala,Canal tienda,3893.3,3,PROD-008,Kit de bienvenida empresarial,Corporativo,8,180.07,1440.56,3476.16,417.14
GT-DEMO-000619,2025-11-10T13:14:00-06:00,2025-11-10,2025,11,emitido,GTQ,C1,8146293,"Hotel Vista Real, S.A.",4,Canal corporativo,Guatemala,Guatemala,Canal corporativo,299.33,1,PROD-008,Kit de bienvenida empresarial,Corporativo,1,181.45,181.45,267.26,32.07
GT-DEMO-000619,2025-11-10T13:14:00-06:00,2025-11-10,2025,11,emitido,GTQ,C1,8146293,"Hotel Vista Real, S.A.",4,Canal corporativo,Guatemala,Guatemala,Canal corporativo,299.33,2,PROD-005,Taza cerámica corporativa,Accesorios,2,58.94,117.88,267.26,32.07
GT-DEMO-000212,2025-11-11T16:46:00-06:00,2025-11-11,2025,11,emitido,GTQ,A3,7264519,"Transportes del Sur, S.A.",4,Canal corporativo,Guatemala,Guatemala,Canal corporativo,1076.75,1,PROD-005,Taza cerámica corporativa,Accesorios,4,54.0,216.0,961.39,115.36
GT-DEMO-000212,2025-11-11T16:46:00-06:00,2025-11-11,2025,11,emitido,GTQ,A3,7264519,"Transportes del Sur, S.A.",4,Canal corporativo,Guatemala,Guatemala,Canal corporativo,1076.75,2,PROD-001,Café en grano 500 g,Alimentos,3,71.65,214.95,961.39,115.36
GT-DEMO-000212,2025-11-11T16:46:00-06:00,2025-11-11,2025,11,emitido,GTQ,A3,7264519,"Transportes del Sur, S.A.",4,Canal corporativo,Guatemala,Guatemala,Canal corporativo,1076.75,3,PROD-007,Servicio de entrega departamental,Servicios,8,64.55,516.4,961.39,115.36
GT-DEMO-000212,2025-11-11T16:46:00-06:00,2025-11-11,2025,11,emitido,GTQ,A3,7264519,"Transportes del Sur, S.A.",4,Canal corporativo,Guatemala,Guatemala,Canal corporativo,1076.75,4,PROD-002,Café molido 500 g,Alimentos,2,64.7,129.4,961.39,115.36
GT-DEMO-000358,2025-11-13T10:00:00-06:00,2025-11-13,2025,11,emitido,GTQ,B1,CF,Consumidor Final,2,Sucursal Quetzaltenango,Quetzaltenango,Quetzaltenango,Canal tienda,1365.6,1,PROD-002,Café molido 500 g,Alimentos,5,59.29,296.45,1219.29,146.31
GT-DEMO-000358,2025-11-13T10:00:00-06:00,2025-11-13,2025,11,emitido,GTQ,B1,CF,Consumidor Final,2,Sucursal Quetzaltenango,Quetzaltenango,Quetzaltenango,Canal tienda,1365.6,2,PROD-003,Té premium caja 25 unidades,Alimentos,4,45.55,182.2,1219.29,146.31
GT-DEMO-000358,2025-11-13T10:00:00-06:00,2025-11-13,2025,11,emitido,GTQ,B1,CF,Consumidor Final,2,Sucursal Quetzaltenango,Quetzaltenango,Quetzaltenango,Canal tienda,1365.6,3,PROD-008,Kit de bienvenida empresarial,Corporativo,5,177.39,886.95,1219.29,146.31
GT-DEMO-000696,2025-11-13T15:10:00-06:00,2025-11-13,2025,11,emitido,GTQ,C1,9037812,"Grupo Empresarial Centroamericano, S.A.",1,Sucursal Central,Guatemala,Guatemala,Canal tienda,552.96,1,PROD-001,Café en grano 500 g,Alimentos,8,69.12,552.96,493.71,59.25
GT-DEMO-000158,2025-11-13T18:42:00-06:00,2025-11-13,2025,11,emitido,GTQ,A2,4627185,"Supermercados del Valle, S.A.",3,Sucursal Escuintla,Escuintla,Escuintla,Canal tienda,2176.26,1,PROD-009,Suscripción mensual de café,Suscripciones,3,246.6,739.8,1943.09,233.17
GT-DEMO-000158,2025-11-13T18:42:00-06:00,2025-11-13,2025,11,emitido,GTQ,A2,4627185,"Supermercados del Valle, S.A.",3,Sucursal Escuintla,Escuintla,Escuintla,Canal tienda,2176.26,2,PROD-009,Suscripción mensual de café,Suscripciones,6,239.41,1436.46,1943.09,233.17
GT-DEMO-000664,2025-11-14T15:21:00-06:00,2025-11-14,2025,11,emitido,GTQ,C1,3561894,"Farmacias Vida, S.A.",3,Sucursal Escuintla,Escuintla,Escuintla,Canal tienda,1688.14,1,PROD-009,Suscripción mensual de café,Suscripciones,6,245.89,1475.34,1507.27,180.87
GT-DEMO-000664,2025-11-14T15:21:00-06:00,2025-11-14,2025,11,emitido,GTQ,C1,3561894,"Farmacias Vida, S.A.",3,Sucursal Escuintla,Escuintla,Escuintla,Canal tienda,1688.14,2,PROD-005,Taza cerámica corporativa,Accesorios,4,53.2,212.8,1507.27,180.87
GT-DEMO-000168,2025-11-15T08:26:00-06:00,2025-11-15,2025,11,emitido,GTQ,A2,7492631,"Tecnología y Más, S.A.",2,Sucursal Quetzaltenango,Quetzaltenango,Quetzaltenango,Canal tienda,669.8,1,PROD-001,Café en grano 500 g,Alimentos,4,64.4,257.6,598.04,71.76
GT-DEMO-000168,2025-11-15T08:26:00-06:00,2025-11-15,2025,11,emitido,GTQ,A2,7492631,"Tecnología y Más, S.A.",2,Sucursal Quetzaltenango,Quetzaltenango,Quetzaltenango,Canal tienda,669.8,2,PROD-003,Té premium caja 25 unidades,Alimentos,6,47.88,287.28,598.04,71.76
GT-DEMO-000168,2025-11-15T08:26:00-06:00,2025-11-15,2025,11,emitido,GTQ,A2,7492631,"Tecnología y Más, S.A.",2,Sucursal Quetzaltenango,Quetzaltenango,Quetzaltenango,Canal tienda,669.8,3,PROD-011,Galletas artesanales 12 unidades,Alimentos,3,41.64,124.92,598.04,71.76
GT-DEMO-000170,2025-11-15T18:58:00-06:00,2025-11-15,2025,11,emitido,GTQ,A2,9037812,"Grupo Empresarial Centroamericano, S.A.",1,Sucursal Central,Guatemala,Guatemala,Canal tienda,821.2,1,PROD-002,Café molido 500 g,Alimentos,2,64.52,129.04,733.21,87.99
GT-DEMO-000170,2025-11-15T18:58:00-06:00,2025-11-15,2025,11,emitido,GTQ,A2,9037812,"Grupo Empresarial Centroamericano, S.A.",1,Sucursal Central,Guatemala,Guatemala,Canal tienda,821.2,2,PROD-009,Suscripción mensual de café,Suscripciones,3,230.72,692.16,733.21,87.99
GT-DEMO-000552,2025-11-16T09:37:00-06:00,2025-11-16,2025,11,emitido,GTQ,B3,7264519,"Transportes del Sur, S.A.",1,Sucursal Central,Guatemala,Guatemala,Canal tienda,1136.17,1,PROD-007,Servicio de entrega departamental,Servicios,3,63.6,190.8,1014.44,121.73
GT-DEMO-000552,2025-11-16T09:37:00-06:00,2025-11-16,2025,11,emitido,GTQ,B3,7264519,"Transportes del Sur, S.A.",1,Sucursal Central,Guatemala,Guatemala,Canal tienda,1136.17,2,PROD-008,Kit de bienvenida empresarial,Corporativo,1,172.3,172.3,1014.44,121.73
GT-DEMO-000552,2025-11-16T09:37:00-06:00,2025-11-16,2025,11,emitido,GTQ,B3,7264519,"Transportes del Sur, S.A.",1,Sucursal Central,Guatemala,Guatemala,Canal tienda,1136.17,3,PROD-009,Suscripción mensual de café,Suscripciones,3,257.69,773.07,1014.44,121.73
GT-DEMO-000182,2025-11-16T18:45:00-06:00,2025-11-16,2025,11,emitido,GTQ,A2,4857291,"Comercial La Estrella, S.A.",4,Canal corporativo,Guatemala,Guatemala,Canal corporativo,601.36,1,PROD-010,Café descafeinado 500 g,Alimentos,4,66.0,264.0,536.92,64.44
GT-DEMO-000182,2025-11-16T18:45:00-06:00,2025-11-16,2025,11,emitido,GTQ,A2,4857291,"Comercial La Estrella, S.A.",4,Canal corporativo,Guatemala,Guatemala,Canal corporativo,601.36,2,PROD-002,Café molido 500 g,Alimentos,4,61.48,245.92,536.92,64.44
GT-DEMO-000182,2025-11-16T18:45:00-06:00,2025-11-16,2025,11,emitido,GTQ,A2,4857291,"Comercial La Estrella, S.A.",4,Canal corporativo,Guatemala,Guatemala,Canal corporativo,601.36,3,PROD-003,Té premium caja 25 unidades,Alimentos,2,45.72,91.44,536.92,64.44
GT-DEMO-000239,2025-11-17T18:45:00-06:00,2025-11-17,2025,11,emitido,GTQ,A3,5172948,"Restaurantes El Buen Sabor, S.A.",1,Sucursal Central,Guatemala,Guatemala,Canal tienda,399.06,1,PROD-001,Café en grano 500 g,Alimentos,6,66.51,399.06,356.3,42.76
GT-DEMO-000050,2025-11-18T09:52:00-06:00,2025-11-18,2025,11,emitido,GTQ,A1,9037812,"Grupo Empresarial Centroamericano, S.A.",1,Sucursal Central,Guatemala,Guatemala,Canal tienda,631.92,1,PROD-007,Servicio de entrega departamental,Servicios,3,69.36,208.08,564.22,67.7
GT-DEMO-000050,2025-11-18T09:52:00-06:00,2025-11-18,2025,11,emitido,GTQ,A1,9037812,"Grupo Empresarial Centroamericano, S.A.",1,Sucursal Central,Guatemala,Guatemala,Canal tienda,631.92,2,PROD-001,Café en grano 500 g,Alimentos,4,71.2,284.8,564.22,67.7
GT-DEMO-000050,2025-11-18T09:52:00-06:00,2025-11-18,2025,11,emitido,GTQ,A1,9037812,"Grupo Empresarial Centroamericano, S.A.",1,Sucursal Central,Guatemala,Guatemala,Canal tienda,631.92,3,PROD-001,Café en grano 500 g,Alimentos,2,69.52,139.04,564.22,67.7
GT-DEMO-000220,2025-11-18T10:50:00-06:00,2025-11-18,2025,11,emitido,GTQ,A3,5172948,"Restaurantes El Buen Sabor, S.A.",1,Sucursal Central,Guatemala,Guatemala,Canal tienda,2057.45,1,PROD-006,Servicio de entrega local,Servicios,3,35.46,106.38,1837.01,220.44
GT-DEMO-000220,2025-11-18T10:50:00-06:00,2025-11-18,2025,11,emitido,GTQ,A3,5172948,"Restaurantes El Buen Sabor, S.A.",1,Sucursal Central,Guatemala,Guatemala,Canal tienda,2057.45,2,PROD-012,Caja regalo premium,Corporativo,6,315.61,1893.66,1837.01,220.44
GT-DEMO-000220,2025-11-18T10:50:00-06:00,2025-11-18,2025,11,emitido,GTQ,A3,5172948,"Restaurantes El Buen Sabor, S.A.",1,Sucursal Central,Guatemala,Guatemala,Canal tienda,2057.45,3,PROD-005,Taza cerámica corporativa,Accesorios,1,57.41,57.41,1837.01,220.44
GT-DEMO-000461,2025-11-19T13:30:00-06:00,2025-11-19,2025,11,emitido,GTQ,B2,3561894,"Farmacias Vida, S.A.",4,Canal corporativo,Guatemala,Guatemala,Canal corporativo,258.18,1,PROD-001,Café en grano 500 g,Alimentos,2,72.6,145.2,230.52,27.66
GT-DEMO-000461,2025-11-19T13:30:00-06:00,2025-11-19,2025,11,emitido,GTQ,B2,3561894,"Farmacias Vida, S.A.",4,Canal corporativo,Guatemala,Guatemala,Canal corporativo,258.18,2,PROD-006,Servicio de entrega local,Servicios,3,37.66,112.98,230.52,27.66
GT-DEMO-000284,2025-11-19T15:33:00-06:00,2025-11-19,2025,11,emitido,GTQ,A3,5973814,"Constructora Horizonte, S.A.",2,Sucursal Quetzaltenango,Quetzaltenango,Quetzaltenango,Canal tienda,264.8,1,PROD-006,Servicio de entrega local,Servicios,8,33.1,264.8,236.43,28.37
GT-DEMO-000028,2025-11-19T17:28:00-06:00,2025-11-19,2025,11,emitido,GTQ,A1,CF,Consumidor Final,1,Sucursal Central,Guatemala,Guatemala,Canal tienda,338.64,1,PROD-005,Taza cerámica corporativa,Accesorios,6,56.44,338.64,302.36,36.28
GT-DEMO-000126,2025-11-20T18:16:00-06:00,2025-11-20,2025,11,emitido,GTQ,A2,3561894,"Farmacias Vida, S.A.",4,Canal corporativo,Guatemala,Guatemala,Canal corporativo,644.8,1,PROD-002,Café molido 500 g,Alimentos,4,66.08,264.32,575.71,69.09
GT-DEMO-000126,2025-11-20T18:16:00-06:00,2025-11-20,2025,11,emitido,GTQ,A2,3561894,"Farmacias Vida, S.A.",4,Canal corporativo,Guatemala,Guatemala,Canal corporativo,644.8,2,PROD-004,Termo corporativo 500 ml,Accesorios,4,95.12,380.48,575.71,69.09
GT-DEMO-000385,2025-11-21T09:04:00-06:00,2025-11-21,2025,11,emitido,GTQ,B1,5973814,"Constructora Horizonte, S.A.",1,Sucursal Central,Guatemala,Guatemala,Canal tienda,943.2,1,PROD-002,Café molido 500 g,Alimentos,5,64.62,323.1,842.15,101.05
GT-DEMO-000385,2025-11-21T09:04:00-06:00,2025-11-21,2025,11,emitido,GTQ,B1,5973814,"Constructora Horizonte, S.A.",1,Sucursal Central,Guatemala,Guatemala,Canal tienda,943.2,2,PROD-001,Café en grano 500 g,Alimentos,5,70.98,354.9,842.15,101.05
GT-DEMO-000385,2025-11-21T09:04:00-06:00,2025-11-21,2025,11,emitido,GTQ,B1,5973814,"Constructora Horizonte, S.A.",1,Sucursal Central,Guatemala,Guatemala,Canal tienda,943.2,3,PROD-007,Servicio de entrega departamental,Servicios,4,66.3,265.2,842.15,101.05
GT-DEMO-000058,2025-11-22T09:07:00-06:00,2025-11-22,2025,11,emitido,GTQ,A1,6283947,"Distribuidora del Pacífico, S.A.",3,Sucursal Escuintla,Escuintla,Escuintla,Canal tienda,200.88,1,PROD-001,Café en grano 500 g,Alimentos,3,66.96,200.88,179.36,21.52
GT-DEMO-000025,2025-11-22T12:25:00-06:00,2025-11-22,2025,11,emitido,GTQ,A1,7264519,"Transportes del Sur, S.A.",1,Sucursal Central,Guatemala,Guatemala,Canal tienda,1106.49,1,PROD-001,Café en grano 500 g,Alimentos,2,71.71,143.42,987.94,118.55
GT-DEMO-000025,2025-11-22T12:25:00-06:00,2025-11-22,2025,11,emitido,GTQ,A1,7264519,"Transportes del Sur, S.A.",1,Sucursal Central,Guatemala,Guatemala,Canal tienda,1106.49,2,PROD-006,Servicio de entrega local,Servicios,1,32.96,32.96,987.94,118.55
GT-DEMO-000025,2025-11-22T12:25:00-06:00,2025-11-22,2025,11,emitido,GTQ,A1,7264519,"Transportes del Sur, S.A.",1,Sucursal Central,Guatemala,Guatemala,Canal tienda,1106.49,3,PROD-012,Caja regalo premium,Corporativo,2,310.38,620.76,987.94,118.55
GT-DEMO-000025,2025-11-22T12:25:00-06:00,2025-11-22,2025,11,emitido,GTQ,A1,7264519,"Transportes del Sur, S.A.",1,Sucursal Central,Guatemala,Guatemala,Canal tienda,1106.49,4,PROD-002,Café molido 500 g,Alimentos,5,61.87,309.35,987.94,118.55
GT-DEMO-000102,2025-11-23T12:46:00-06:00,2025-11-23,2025,11,emitido,GTQ,A2,3561894,"Farmacias Vida, S.A.",4,Canal corporativo,Guatemala,Guatemala,Canal corporativo,989.94,1,PROD-002,Café molido 500 g,Alimentos,8,65.74,525.92,883.87,106.07
GT-DEMO-000102,2025-11-23T12:46:00-06:00,2025-11-23,2025,11,emitido,GTQ,A2,3561894,"Farmacias Vida, S.A.",4,Canal corporativo,Guatemala,Guatemala,Canal corporativo,989.94,2,PROD-009,Suscripción mensual de café,Suscripciones,2,232.01,464.02,883.87,106.07
GT-DEMO-000481,2025-11-24T12:48:00-06:00,2025-11-24,2025,11,emitido,GTQ,B2,9037812,"Grupo Empresarial Centroamericano, S.A.",1,Sucursal Central,Guatemala,Guatemala,Canal tienda,383.4,1,PROD-007,Servicio de entrega departamental,Servicios,3,65.5,196.5,342.33,41.07
GT-DEMO-000481,2025-11-24T12:48:00-06:00,2025-11-24,2025,11,emitido,GTQ,B2,9037812,"Grupo Empresarial Centroamericano, S.A.",1,Sucursal Central,Guatemala,Guatemala,Canal tienda,383.4,2,PROD-006,Servicio de entrega local,Servicios,5,37.38,186.9,342.33,41.07
GT-DEMO-000103,2025-11-24T14:42:00-06:00,2025-11-24,2025,11,emitido,GTQ,A2,4627185,"Supermercados del Valle, S.A.",4,Canal corporativo,Guatemala,Guatemala,Canal corporativo,702.48,1,PROD-008,Kit de bienvenida empresarial,Corporativo,4,175.62,702.48,627.21,75.27
GT-DEMO-000269,2025-11-24T15:07:00-06:00,2025-11-24,2025,11,emitido,GTQ,A3,5973814,"Constructora Horizonte, S.A.",4,Canal corporativo,Guatemala,Guatemala,Canal corporativo,849.06,1,PROD-001,Café en grano 500 g,Alimentos,6,65.59,393.54,758.09,90.97
GT-DEMO-000269,2025-11-24T15:07:00-06:00,2025-11-24,2025,11,emitido,GTQ,A3,5973814,"Constructora Horizonte, S.A.",4,Canal corporativo,Guatemala,Guatemala,Canal corporativo,849.06,2,PROD-002,Café molido 500 g,Alimentos,1,63.24,63.24,758.09,90.97
GT-DEMO-000269,2025-11-24T15:07:00-06:00,2025-11-24,2025,11,emitido,GTQ,A3,5973814,"Constructora Horizonte, S.A.",4,Canal corporativo,Guatemala,Guatemala,Canal corporativo,849.06,3,PROD-001,Café en grano 500 g,Alimentos,6,65.38,392.28,758.09,90.97
GT-DEMO-000687,2025-11-25T08:30:00-06:00,2025-11-25,2025,11,emitido,GTQ,C1,7812456,"Servicios Integrales Maya, S.A.",4,Canal corporativo,Guatemala,Guatemala,Canal corporativo,291.92,1,PROD-006,Servicio de entrega local,Servicios,1,35.2,35.2,260.64,31.28
GT-DEMO-000687,2025-11-25T08:30:00-06:00,2025-11-25,2025,11,emitido,GTQ,C1,7812456,"Servicios Integrales Maya, S.A.",4,Canal corporativo,Guatemala,Guatemala,Canal corporativo,291.92,2,PROD-007,Servicio de entrega departamental,Servicios,4,64.18,256.72,260.64,31.28
GT-DEMO-000152,2025-11-25T16:40:00-06:00,2025-11-25,2025,11,emitido,GTQ,A2,7264519,"Transportes del Sur, S.A.",4,Canal corporativo,Guatemala,Guatemala,Canal corporativo,566.07,1,PROD-011,Galletas artesanales 12 unidades,Alimentos,3,42.95,128.85,505.42,60.65
GT-DEMO-000152,2025-11-25T16:40:00-06:00,2025-11-25,2025,11,emitido,GTQ,A2,7264519,"Transportes del Sur, S.A.",4,Canal corporativo,Guatemala,Guatemala,Canal corporativo,566.07,2,PROD-010,Café descafeinado 500 g,Alimentos,6,72.87,437.22,505.42,60.65
GT-DEMO-000668,2025-11-25T17:41:00-06:00,2025-11-25,2025,11,emitido,GTQ,C1,7812456,"Servicios Integrales Maya, S.A.",2,Sucursal Quetzaltenango,Quetzaltenango,Quetzaltenango,Canal tienda,1533.18,1,PROD-004,Termo corporativo 500 ml,Accesorios,8,95.76,766.08,1368.91,164.27
GT-DEMO-000668,2025-11-25T17:41:00-06:00,2025-11-25,2025,11,emitido,GTQ,C1,7812456,"Servicios Integrales Maya, S.A.",2,Sucursal Quetzaltenango,Quetzaltenango,Quetzaltenango,Canal tienda,1533.18,2,PROD-003,Té premium caja 25 unidades,Alimentos,8,46.83,374.64,1368.91,164.27
GT-DEMO-000668,2025-11-25T17:41:00-06:00,2025-11-25,2025,11,emitido,GTQ,C1,7812456,"Servicios Integrales Maya, S.A.",2,Sucursal Quetzaltenango,Quetzaltenango,Quetzaltenango,Canal tienda,1533.18,3,PROD-002,Café molido 500 g,Alimentos,6,65.41,392.46,1368.91,164.27
GT-DEMO-000676,2025-11-26T15:40:00-06:00,2025-11-26,2025,11,emitido,GTQ,C1,4627185,"Supermercados del Valle, S.A.",3,Sucursal Escuintla,Escuintla,Escuintla,Canal tienda,1663.62,1,PROD-001,Café en grano 500 g,Alimentos,5,72.89,364.45,1485.38,178.24
GT-DEMO-000676,2025-11-26T15:40:00-06:00,2025-11-26,2025,11,emitido,GTQ,C1,4627185,"Supermercados del Valle, S.A.",3,Sucursal Escuintla,Escuintla,Escuintla,Canal tienda,1663.62,2,PROD-011,Galletas artesanales 12 unidades,Alimentos,6,45.21,271.26,1485.38,178.24
GT-DEMO-000676,2025-11-26T15:40:00-06:00,2025-11-26,2025,11,emitido,GTQ,C1,4627185,"Supermercados del Valle, S.A.",3,Sucursal Escuintla,Escuintla,Escuintla,Canal tienda,1663.62,3,PROD-005,Taza cerámica corporativa,Accesorios,5,57.55,287.75,1485.38,178.24
GT-DEMO-000676,2025-11-26T15:40:00-06:00,2025-11-26,2025,11,emitido,GTQ,C1,4627185,"Supermercados del Valle, S.A.",3,Sucursal Escuintla,Escuintla,Escuintla,Canal tienda,1663.62,4,PROD-009,Suscripción mensual de café,Suscripciones,3,246.72,740.16,1485.38,178.24
GT-DEMO-000209,2025-11-27T16:04:00-06:00,2025-11-27,2025,11,emitido,GTQ,A3,7264519,"Transportes del Sur, S.A.",4,Canal corporativo,Guatemala,Guatemala,Canal corporativo,466.48,1,PROD-001,Café en grano 500 g,Alimentos,7,66.64,466.48,416.5,49.98
GT-DEMO-000422,2025-11-27T16:16:00-06:00,2025-11-27,2025,11,emitido,GTQ,B2,4627185,"Supermercados del Valle, S.A.",1,Sucursal Central,Guatemala,Guatemala,Canal tienda,102.36,1,PROD-006,Servicio de entrega local,Servicios,3,34.12,102.36,91.39,10.97
GT-DEMO-000643,2025-11-27T16:29:00-06:00,2025-11-27,2025,11,emitido,GTQ,C1,CF,Consumidor Final,1,Sucursal Central,Guatemala,Guatemala,Canal tienda,693.94,1,PROD-011,Galletas artesanales 12 unidades,Alimentos,7,39.88,279.16,619.59,74.35
GT-DEMO-000643,2025-11-27T16:29:00-06:00,2025-11-27,2025,11,emitido,GTQ,C1,CF,Consumidor Final,1,Sucursal Central,Guatemala,Guatemala,Canal tienda,693.94,2,PROD-002,Café molido 500 g,Alimentos,3,58.56,175.68,619.59,74.35
GT-DEMO-000643,2025-11-27T16:29:00-06:00,2025-11-27,2025,11,emitido,GTQ,C1,CF,Consumidor Final,1,Sucursal Central,Guatemala,Guatemala,Canal tienda,693.94,3,PROD-003,Té premium caja 25 unidades,Alimentos,5,47.82,239.1,619.59,74.35
GT-DEMO-000574,2025-11-28T11:04:00-06:00,2025-11-28,2025,11,emitido,GTQ,B3,8146293,"Hotel Vista Real, S.A.",4,Canal corporativo,Guatemala,Guatemala,Canal corporativo,69.79,1,PROD-007,Servicio de entrega departamental,Servicios,1,69.79,69.79,62.31,7.48
GT-DEMO-000089,2025-11-29T09:31:00-06:00,2025-11-29,2025,11,emitido,GTQ,A1,8146293,"Hotel Vista Real, S.A.",2,Sucursal Quetzaltenango,Quetzaltenango,Quetzaltenango,Canal tienda,2471.93,1,PROD-002,Café molido 500 g,Alimentos,7,66.0,462.0,2207.08,264.85
GT-DEMO-000089,2025-11-29T09:31:00-06:00,2025-11-29,2025,11,emitido,GTQ,A1,8146293,"Hotel Vista Real, S.A.",2,Sucursal Quetzaltenango,Quetzaltenango,Quetzaltenango,Canal tienda,2471.93,2,PROD-005,Taza cerámica corporativa,Accesorios,3,55.8,167.4,2207.08,264.85
GT-DEMO-000089,2025-11-29T09:31:00-06:00,2025-11-29,2025,11,emitido,GTQ,A1,8146293,"Hotel Vista Real, S.A.",2,Sucursal Quetzaltenango,Quetzaltenango,Quetzaltenango,Canal tienda,2471.93,3,PROD-009,Suscripción mensual de café,Suscripciones,7,229.74,1608.18,2207.08,264.85
GT-DEMO-000089,2025-11-29T09:31:00-06:00,2025-11-29,2025,11,emitido,GTQ,A1,8146293,"Hotel Vista Real, S.A.",2,Sucursal Quetzaltenango,Quetzaltenango,Quetzaltenango,Canal tienda,2471.93,4,PROD-003,Té premium caja 25 unidades,Alimentos,5,46.87,234.35,2207.08,264.85
GT-DEMO-000597,2025-11-29T10:23:00-06:00,2025-11-29,2025,11,emitido,GTQ,B3,3561894,"Farmacias Vida, S.A.",4,Canal corporativo,Guatemala,Guatemala,Canal corporativo,3142.08,1,PROD-012,Caja regalo premium,Corporativo,8,333.83,2670.64,2805.43,336.65
GT-DEMO-000597,2025-11-29T10:23:00-06:00,2025-11-29,2025,11,emitido,GTQ,B3,3561894,"Farmacias Vida, S.A.",4,Canal corporativo,Guatemala,Guatemala,Canal corporativo,3142.08,2,PROD-002,Café molido 500 g,Alimentos,8,58.93,471.44,2805.43,336.65
GT-DEMO-000195,2025-11-29T10:49:00-06:00,2025-11-29,2025,11,emitido,GTQ,A2,7492631,"Tecnología y Más, S.A.",4,Canal corporativo,Guatemala,Guatemala,Canal corporativo,511.35,1,PROD-004,Termo corporativo 500 ml,Accesorios,5,102.27,511.35,456.56,54.79
GT-DEMO-000224,2025-11-30T11:08:00-06:00,2025-11-30,2025,11,emitido,GTQ,A3,8146293,"Hotel Vista Real, S.A.",4,Canal corporativo,Guatemala,Guatemala,Canal corporativo,453.07,1,PROD-002,Café molido 500 g,Alimentos,5,62.48,312.4,404.53,48.54
GT-DEMO-000224,2025-11-30T11:08:00-06:00,2025-11-30,2025,11,emitido,GTQ,A3,8146293,"Hotel Vista Real, S.A.",4,Canal corporativo,Guatemala,Guatemala,Canal corporativo,453.07,2,PROD-003,Té premium caja 25 unidades,Alimentos,3,46.89,140.67,404.53,48.54
GT-DEMO-000615,2025-11-30T15:08:00-06:00,2025-11-30,2025,11,emitido,GTQ,C1,5172948,"Restaurantes El Buen Sabor, S.A.",3,Sucursal Escuintla,Escuintla,Escuintla,Canal tienda,2661.02,1,PROD-009,Suscripción mensual de café,Suscripciones,8,254.16,2033.28,2375.91,285.11
GT-DEMO-000615,2025-11-30T15:08:00-06:00,2025-11-30,2025,11,emitido,GTQ,C1,5172948,"Restaurantes El Buen Sabor, S.A.",3,Sucursal Escuintla,Escuintla,Escuintla,Canal tienda,2661.02,2,PROD-007,Servicio de entrega departamental,Servicios,5,69.06,345.3,2375.91,285.11
GT-DEMO-000615,2025-11-30T15:08:00-06:00,2025-11-30,2025,11,emitido,GTQ,C1,5172948,"Restaurantes El Buen Sabor, S.A.",3,Sucursal Escuintla,Escuintla,Escuintla,Canal tienda,2661.02,3,PROD-001,Café en grano 500 g,Alimentos,4,70.61,282.44,2375.91,285.11
GT-DEMO-000022,2025-12-01T08:18:00-06:00,2025-12-01,2025,12,emitido,GTQ,A1,5973814,"Constructora Horizonte, S.A.",3,Sucursal Escuintla,Escuintla,Escuintla,Canal tienda,1732.85,1,PROD-004,Termo corporativo 500 ml,Accesorios,7,94.74,663.18,1547.19,185.66
GT-DEMO-000022,2025-12-01T08:18:00-06:00,2025-12-01,2025,12,emitido,GTQ,A1,5973814,"Constructora Horizonte, S.A.",3,Sucursal Escuintla,Escuintla,Escuintla,Canal tienda,1732.85,2,PROD-003,Té premium caja 25 unidades,Alimentos,7,42.8,299.6,1547.19,185.66
GT-DEMO-000022,2025-12-01T08:18:00-06:00,2025-12-01,2025,12,emitido,GTQ,A1,5973814,"Constructora Horizonte, S.A.",3,Sucursal Escuintla,Escuintla,Escuintla,Canal tienda,1732.85,3,PROD-007,Servicio de entrega departamental,Servicios,8,69.75,558.0,1547.19,185.66
GT-DEMO-000022,2025-12-01T08:18:00-06:00,2025-12-01,2025,12,emitido,GTQ,A1,5973814,"Constructora Horizonte, S.A.",3,Sucursal Escuintla,Escuintla,Escuintla,Canal tienda,1732.85,4,PROD-001,Café en grano 500 g,Alimentos,3,70.69,212.07,1547.19,185.66
GT-DEMO-000127,2025-12-01T10:01:00-06:00,2025-12-01,2025,12,emitido,GTQ,A2,9037812,"Grupo Empresarial Centroamericano, S.A.",2,Sucursal Quetzaltenango,Quetzaltenango,Quetzaltenango,Canal tienda,634.02,1,PROD-002,Café molido 500 g,Alimentos,8,61.14,489.12,566.09,67.93
GT-DEMO-000127,2025-12-01T10:01:00-06:00,2025-12-01,2025,12,emitido,GTQ,A2,9037812,"Grupo Empresarial Centroamericano, S.A.",2,Sucursal Quetzaltenango,Quetzaltenango,Quetzaltenango,Canal tienda,634.02,2,PROD-003,Té premium caja 25 unidades,Alimentos,3,48.3,144.9,566.09,67.93
GT-DEMO-000180,2025-12-01T15:22:00-06:00,2025-12-01,2025,12,emitido,GTQ,A2,5172948,"Restaurantes El Buen Sabor, S.A.",1,Sucursal Central,Guatemala,Guatemala,Canal tienda,496.91,1,PROD-007,Servicio de entrega departamental,Servicios,1,67.18,67.18,443.67,53.24
GT-DEMO-000180,2025-12-01T15:22:00-06:00,2025-12-01,2025,12,emitido,GTQ,A2,5172948,"Restaurantes El Buen Sabor, S.A.",1,Sucursal Central,Guatemala,Guatemala,Canal tienda,496.91,2,PROD-007,Servicio de entrega departamental,Servicios,7,61.39,429.73,443.67,53.24
GT-DEMO-000072,2025-12-01T17:50:00-06:00,2025-12-01,2025,12,emitido,GTQ,A1,5172948,"Restaurantes El Buen Sabor, S.A.",4,Canal corporativo,Guatemala,Guatemala,Canal corporativo,134.66,1,PROD-001,Café en grano 500 g,Alimentos,2,67.33,134.66,120.23,14.43
GT-DEMO-000565,2025-12-02T12:40:00-06:00,2025-12-02,2025,12,emitido,GTQ,B3,7812456,"Servicios Integrales Maya, S.A.",3,Sucursal Escuintla,Escuintla,Escuintla,Canal tienda,2924.96,1,PROD-009,Suscripción mensual de café,Suscripciones,7,245.8,1720.6,2611.58,313.38
GT-DEMO-000565,2025-12-02T12:40:00-06:00,2025-12-02,2025,12,emitido,GTQ,B3,7812456,"Servicios Integrales Maya, S.A.",3,Sucursal Escuintla,Escuintla,Escuintla,Canal tienda,2924.96,2,PROD-001,Café en grano 500 g,Alimentos,7,67.66,473.62,2611.58,313.38
GT-DEMO-000565,2025-12-02T12:40:00-06:00,2025-12-02,2025,12,emitido,GTQ,B3,7812456,"Servicios Integrales Maya, S.A.",3,Sucursal Escuintla,Escuintla,Escuintla,Canal tienda,2924.96,3,PROD-009,Suscripción mensual de café,Suscripciones,3,243.58,730.74,2611.58,313.38
GT-DEMO-000130,2025-12-03T11:12:00-06:00,2025-12-03,2025,12,anulado,GTQ,A2,CF,Consumidor Final,4,Canal corporativo,Guatemala,Guatemala,Canal corporativo,697.04,1,PROD-003,Té premium caja 25 unidades,Alimentos,3,46.48,139.44,622.36,74.68
GT-DEMO-000130,2025-12-03T11:12:00-06:00,2025-12-03,2025,12,anulado,GTQ,A2,CF,Consumidor Final,4,Canal corporativo,Guatemala,Guatemala,Canal corporativo,697.04,2,PROD-001,Café en grano 500 g,Alimentos,8,69.7,557.6,622.36,74.68
GT-DEMO-000637,2025-12-03T12:04:00-06:00,2025-12-03,2025,12,emitido,GTQ,C1,7492631,"Tecnología y Más, S.A.",1,Sucursal Central,Guatemala,Guatemala,Canal tienda,2260.42,1,PROD-004,Termo corporativo 500 ml,Accesorios,4,95.34,381.36,2018.23,242.19
GT-DEMO-000637,2025-12-03T12:04:00-06:00,2025-12-03,2025,12,emitido,GTQ,C1,7492631,"Tecnología y Más, S.A.",1,Sucursal Central,Guatemala,Guatemala,Canal tienda,2260.42,2,PROD-012,Caja regalo premium,Corporativo,4,312.38,1249.52,2018.23,242.19
GT-DEMO-000637,2025-12-03T12:04:00-06:00,2025-12-03,2025,12,emitido,GTQ,C1,7492631,"Tecnología y Más, S.A.",1,Sucursal Central,Guatemala,Guatemala,Canal tienda,2260.42,3,PROD-009,Suscripción mensual de café,Suscripciones,2,244.95,489.9,2018.23,242.19
GT-DEMO-000637,2025-12-03T12:04:00-06:00,2025-12-03,2025,12,emitido,GTQ,C1,7492631,"Tecnología y Más, S.A.",1,Sucursal Central,Guatemala,Guatemala,Canal tienda,2260.42,4,PROD-010,Café descafeinado 500 g,Alimentos,2,69.82,139.64,2018.23,242.19
GT-DEMO-000135,2025-12-04T10:50:00-06:00,2025-12-04,2025,12,emitido,GTQ,A2,8146293,"Hotel Vista Real, S.A.",1,Sucursal Central,Guatemala,Guatemala,Canal tienda,912.27,1,PROD-005,Taza cerámica corporativa,Accesorios,8,52.74,421.92,814.52,97.75
GT-DEMO-000135,2025-12-04T10:50:00-06:00,2025-12-04,2025,12,emitido,GTQ,A2,8146293,"Hotel Vista Real, S.A.",1,Sucursal Central,Guatemala,Guatemala,Canal tienda,912.27,2,PROD-001,Café en grano 500 g,Alimentos,7,70.05,490.35,814.52,97.75
GT-DEMO-000183,2025-12-04T15:33:00-06:00,2025-12-04,2025,12,emitido,GTQ,A2,5973814,"Constructora Horizonte, S.A.",4,Canal corporativo,Guatemala,Guatemala,Canal corporativo,2139.73,1,PROD-001,Café en grano 500 g,Alimentos,4,64.68,258.72,1910.47,229.26
GT-DEMO-000183,2025-12-04T15:33:00-06:00,2025-12-04,2025,12,emitido,GTQ,A2,5973814,"Constructora Horizonte, S.A.",4,Canal corporativo,Guatemala,Guatemala,Canal corporativo,2139.73,2,PROD-009,Suscripción mensual de café,Suscripciones,7,252.76,1769.32,1910.47,229.26
GT-DEMO-000183,2025-12-04T15:33:00-06:00,2025-12-04,2025,12,emitido,GTQ,A2,5973814,"Constructora Horizonte, S.A.",4,Canal corporativo,Guatemala,Guatemala,Canal corporativo,2139.73,3,PROD-006,Servicio de entrega local,Servicios,3,37.23,111.69,1910.47,229.26
GT-DEMO-000401,2025-12-05T08:12:00-06:00,2025-12-05,2025,12,emitido,GTQ,B2,CF,Consumidor Final,4,Canal corporativo,Guatemala,Guatemala,Canal corporativo,749.2,1,PROD-001,Café en grano 500 g,Alimentos,4,69.92,279.68,668.92,80.28
GT-DEMO-000401,2025-12-05T08:12:00-06:00,2025-12-05,2025,12,emitido,GTQ,B2,CF,Consumidor Final,4,Canal corporativo,Guatemala,Guatemala,Canal corporativo,749.2,2,PROD-005,Taza cerámica corporativa,Accesorios,8,58.69,469.52,668.92,80.28
GT-DEMO-000112,2025-12-05T13:40:00-06:00,2025-12-05,2025,12,emitido,GTQ,A2,5172948,"Restaurantes El Buen Sabor, S.A.",1,Sucursal Central,Guatemala,Guatemala,Canal tienda,157.86,1,PROD-004,Termo corporativo 500 ml,Accesorios,1,92.82,92.82,140.95,16.91
GT-DEMO-000112,2025-12-05T13:40:00-06:00,2025-12-05,2025,12,emitido,GTQ,A2,5172948,"Restaurantes El Buen Sabor, S.A.",1,Sucursal Central,Guatemala,Guatemala,Canal tienda,157.86,2,PROD-002,Café molido 500 g,Alimentos,1,65.04,65.04,140.95,16.91
GT-DEMO-000040,2025-12-06T09:36:00-06:00,2025-12-06,2025,12,emitido,GTQ,A1,3561894,"Farmacias Vida, S.A.",2,Sucursal Quetzaltenango,Quetzaltenango,Quetzaltenango,Canal tienda,1032.64,1,PROD-002,Café molido 500 g,Alimentos,8,63.96,511.68,922.0,110.64
GT-DEMO-000040,2025-12-06T09:36:00-06:00,2025-12-06,2025,12,emitido,GTQ,A1,3561894,"Farmacias Vida, S.A.",2,Sucursal Quetzaltenango,Quetzaltenango,Quetzaltenango,Canal tienda,1032.64,2,PROD-002,Café molido 500 g,Alimentos,8,65.12,520.96,922.0,110.64
GT-DEMO-000242,2025-12-07T08:10:00-06:00,2025-12-07,2025,12,emitido,GTQ,A3,6283947,"Distribuidora del Pacífico, S.A.",1,Sucursal Central,Guatemala,Guatemala,Canal tienda,781.65,1,PROD-011,Galletas artesanales 12 unidades,Alimentos,8,39.51,316.08,697.9,83.75
GT-DEMO-000242,2025-12-07T08:10:00-06:00,2025-12-07,2025,12,emitido,GTQ,A3,6283947,"Distribuidora del Pacífico, S.A.",1,Sucursal Central,Guatemala,Guatemala,Canal tienda,781.65,2,PROD-002,Café molido 500 g,Alimentos,7,66.51,465.57,697.9,83.75
GT-DEMO-000225,2025-12-07T10:30:00-06:00,2025-12-07,2025,12,emitido,GTQ,A3,4627185,"Supermercados del Valle, S.A.",2,Sucursal Quetzaltenango,Quetzaltenango,Quetzaltenango,Canal tienda,223.7,1,PROD-011,Galletas artesanales 12 unidades,Alimentos,5,44.74,223.7,199.73,23.97
GT-DEMO-000526,2025-12-07T11:59:00-06:00,2025-12-07,2025,12,emitido,GTQ,B3,6283947,"Distribuidora del Pacífico, S.A.",2,Sucursal Quetzaltenango,Quetzaltenango,Quetzaltenango,Canal tienda,1277.32,1,PROD-010,Café descafeinado 500 g,Alimentos,6,75.45,452.7,1140.47,136.85
GT-DEMO-000526,2025-12-07T11:59:00-06:00,2025-12-07,2025,12,emitido,GTQ,B3,6283947,"Distribuidora del Pacífico, S.A.",2,Sucursal Quetzaltenango,Quetzaltenango,Quetzaltenango,Canal tienda,1277.32,2,PROD-011,Galletas artesanales 12 unidades,Alimentos,7,43.22,302.54,1140.47,136.85
GT-DEMO-000526,2025-12-07T11:59:00-06:00,2025-12-07,2025,12,emitido,GTQ,B3,6283947,"Distribuidora del Pacífico, S.A.",2,Sucursal Quetzaltenango,Quetzaltenango,Quetzaltenango,Canal tienda,1277.32,3,PROD-001,Café en grano 500 g,Alimentos,8,65.26,522.08,1140.47,136.85
GT-DEMO-000142,2025-12-07T14:31:00-06:00,2025-12-07,2025,12,emitido,GTQ,A2,7264519,"Transportes del Sur, S.A.",3,Sucursal Escuintla,Escuintla,Escuintla,Canal tienda,514.83,1,PROD-008,Kit de bienvenida empresarial,Corporativo,3,171.61,514.83,459.67,55.16
GT-DEMO-000647,2025-12-08T16:36:00-06:00,2025-12-08,2025,12,emitido,GTQ,C1,9037812,"Grupo Empresarial Centroamericano, S.A.",4,Canal corporativo,Guatemala,Guatemala,Canal corporativo,1335.67,1,PROD-001,Café en grano 500 g,Alimentos,4,64.48,257.92,1192.57,143.1
GT-DEMO-000647,2025-12-08T16:36:00-06:00,2025-12-08,2025,12,emitido,GTQ,C1,9037812,"Grupo Empresarial Centroamericano, S.A.",4,Canal corporativo,Guatemala,Guatemala,Canal corporativo,1335.67,2,PROD-002,Café molido 500 g,Alimentos,8,59.63,477.04,1192.57,143.1
GT-DEMO-000647,2025-12-08T16:36:00-06:00,2025-12-08,2025,12,emitido,GTQ,C1,9037812,"Grupo Empresarial Centroamericano, S.A.",4,Canal corporativo,Guatemala,Guatemala,Canal corporativo,1335.67,3,PROD-005,Taza cerámica corporativa,Accesorios,3,55.5,166.5,1192.57,143.1
GT-DEMO-000647,2025-12-08T16:36:00-06:00,2025-12-08,2025,12,emitido,GTQ,C1,9037812,"Grupo Empresarial Centroamericano, S.A.",4,Canal corporativo,Guatemala,Guatemala,Canal corporativo,1335.67,4,PROD-002,Café molido 500 g,Alimentos,7,62.03,434.21,1192.57,143.1
GT-DEMO-000590,2025-12-09T11:03:00-06:00,2025-12-09,2025,12,emitido,GTQ,B3,4857291,"Comercial La Estrella, S.A.",3,Sucursal Escuintla,Escuintla,Escuintla,Canal tienda,640.41,1,PROD-005,Taza cerámica corporativa,Accesorios,1,52.15,52.15,571.79,68.62
GT-DEMO-000590,2025-12-09T11:03:00-06:00,2025-12-09,2025,12,emitido,GTQ,B3,4857291,"Comercial La Estrella, S.A.",3,Sucursal Escuintla,Escuintla,Escuintla,Canal tienda,640.41,2,PROD-005,Taza cerámica corporativa,Accesorios,7,56.85,397.95,571.79,68.62
GT-DEMO-000590,2025-12-09T11:03:00-06:00,2025-12-09,2025,12,emitido,GTQ,B3,4857291,"Comercial La Estrella, S.A.",3,Sucursal Escuintla,Escuintla,Escuintla,Canal tienda,640.41,3,PROD-010,Café descafeinado 500 g,Alimentos,2,74.03,148.06,571.79,68.62
GT-DEMO-000590,2025-12-09T11:03:00-06:00,2025-12-09,2025,12,emitido,GTQ,B3,4857291,"Comercial La Estrella, S.A.",3,Sucursal Escuintla,Escuintla,Escuintla,Canal tienda,640.41,4,PROD-011,Galletas artesanales 12 unidades,Alimentos,1,42.25,42.25,571.79,68.62
GT-DEMO-000397,2025-12-09T14:44:00-06:00,2025-12-09,2025,12,emitido,GTQ,B1,5172948,"Restaurantes El Buen Sabor, S.A.",4,Canal corporativo,Guatemala,Guatemala,Canal corporativo,328.44,1,PROD-007,Servicio de entrega departamental,Servicios,2,65.22,130.44,293.25,35.19
GT-DEMO-000397,2025-12-09T14:44:00-06:00,2025-12-09,2025,12,emitido,GTQ,B1,5172948,"Restaurantes El Buen Sabor, S.A.",4,Canal corporativo,Guatemala,Guatemala,Canal corporativo,328.44,2,PROD-011,Galletas artesanales 12 unidades,Alimentos,5,39.6,198.0,293.25,35.19
GT-DEMO-000205,2025-12-10T13:34:00-06:00,2025-12-10,2025,12,emitido,GTQ,A3,CF,Consumidor Final,1,Sucursal Central,Guatemala,Guatemala,Canal tienda,1038.28,1,PROD-004,Termo corporativo 500 ml,Accesorios,3,97.85,293.55,927.04,111.24
GT-DEMO-000205,2025-12-10T13:34:00-06:00,2025-12-10,2025,12,emitido,GTQ,A3,CF,Consumidor Final,1,Sucursal Central,Guatemala,Guatemala,Canal tienda,1038.28,2,PROD-004,Termo corporativo 500 ml,Accesorios,5,98.68,493.4,927.04,111.24
GT-DEMO-000205,2025-12-10T13:34:00-06:00,2025-12-10,2025,12,emitido,GTQ,A3,CF,Consumidor Final,1,Sucursal Central,Guatemala,Guatemala,Canal tienda,1038.28,3,PROD-006,Servicio de entrega local,Servicios,2,34.35,68.7,927.04,111.24
GT-DEMO-000205,2025-12-10T13:34:00-06:00,2025-12-10,2025,12,emitido,GTQ,A3,CF,Consumidor Final,1,Sucursal Central,Guatemala,Guatemala,Canal tienda,1038.28,4,PROD-008,Kit de bienvenida empresarial,Corporativo,1,182.63,182.63,927.04,111.24
GT-DEMO-000251,2025-12-10T15:22:00-06:00,2025-12-10,2025,12,emitido,GTQ,A3,9037812,"Grupo Empresarial Centroamericano, S.A.",2,Sucursal Quetzaltenango,Quetzaltenango,Quetzaltenango,Canal tienda,415.31,1,PROD-002,Café molido 500 g,Alimentos,7,59.33,415.31,370.81,44.5
GT-DEMO-000098,2025-12-10T18:21:00-06:00,2025-12-10,2025,12,emitido,GTQ,A1,5973814,"Constructora Horizonte, S.A.",1,Sucursal Central,Guatemala,Guatemala,Canal tienda,1194.15,1,PROD-007,Servicio de entrega departamental,Servicios,1,62.85,62.85,1066.21,127.94
GT-DEMO-000098,2025-12-10T18:21:00-06:00,2025-12-10,2025,12,emitido,GTQ,A1,5973814,"Constructora Horizonte, S.A.",1,Sucursal Central,Guatemala,Guatemala,Canal tienda,1194.15,2,PROD-003,Té premium caja 25 unidades,Alimentos,3,44.5,133.5,1066.21,127.94
GT-DEMO-000098,2025-12-10T18:21:00-06:00,2025-12-10,2025,12,emitido,GTQ,A1,5973814,"Constructora Horizonte, S.A.",1,Sucursal Central,Guatemala,Guatemala,Canal tienda,1194.15,3,PROD-009,Suscripción mensual de café,Suscripciones,4,249.45,997.8,1066.21,127.94
GT-DEMO-000493,2025-12-11T08:53:00-06:00,2025-12-11,2025,12,emitido,GTQ,B2,8146293,"Hotel Vista Real, S.A.",2,Sucursal Quetzaltenango,Quetzaltenango,Quetzaltenango,Canal tienda,301.21,1,PROD-006,Servicio de entrega local,Servicios,7,34.93,244.51,268.94,32.27
GT-DEMO-000493,2025-12-11T08:53:00-06:00,2025-12-11,2025,12,emitido,GTQ,B2,8146293,"Hotel Vista Real, S.A.",2,Sucursal Quetzaltenango,Quetzaltenango,Quetzaltenango,Canal tienda,301.21,2,PROD-005,Taza cerámica corporativa,Accesorios,1,56.7,56.7,268.94,32.27
GT-DEMO-000174,2025-12-11T17:31:00-06:00,2025-12-11,2025,12,emitido,GTQ,A2,9037812,"Grupo Empresarial Centroamericano, S.A.",4,Canal corporativo,Guatemala,Guatemala,Canal corporativo,2637.1,1,PROD-001,Café en grano 500 g,Alimentos,8,64.92,519.36,2354.55,282.55
GT-DEMO-000174,2025-12-11T17:31:00-06:00,2025-12-11,2025,12,emitido,GTQ,A2,9037812,"Grupo Empresarial Centroamericano, S.A.",4,Canal corporativo,Guatemala,Guatemala,Canal corporativo,2637.1,2,PROD-001,Café en grano 500 g,Alimentos,5,72.08,360.4,2354.55,282.55
GT-DEMO-000174,2025-12-11T17:31:00-06:00,2025-12-11,2025,12,emitido,GTQ,A2,9037812,"Grupo Empresarial Centroamericano, S.A.",4,Canal corporativo,Guatemala,Guatemala,Canal corporativo,2637.1,3,PROD-001,Café en grano 500 g,Alimentos,6,66.33,397.98,2354.55,282.55
GT-DEMO-000174,2025-12-11T17:31:00-06:00,2025-12-11,2025,12,emitido,GTQ,A2,9037812,"Grupo Empresarial Centroamericano, S.A.",4,Canal corporativo,Guatemala,Guatemala,Canal corporativo,2637.1,4,PROD-008,Kit de bienvenida empresarial,Corporativo,8,169.92,1359.36,2354.55,282.55
GT-DEMO-000016,2025-12-12T13:59:00-06:00,2025-12-12,2025,12,emitido,GTQ,A1,9037812,"Grupo Empresarial Centroamericano, S.A.",4,Canal corporativo,Guatemala,Guatemala,Canal corporativo,527.66,1,PROD-005,Taza cerámica corporativa,Accesorios,5,56.38,281.9,471.13,56.53
GT-DEMO-000016,2025-12-12T13:59:00-06:00,2025-12-12,2025,12,emitido,GTQ,A1,9037812,"Grupo Empresarial Centroamericano, S.A.",4,Canal corporativo,Guatemala,Guatemala,Canal corporativo,527.66,2,PROD-002,Café molido 500 g,Alimentos,4,61.44,245.76,471.13,56.53
GT-DEMO-000086,2025-12-12T15:11:00-06:00,2025-12-12,2025,12,emitido,GTQ,A1,4627185,"Supermercados del Valle, S.A.",4,Canal corporativo,Guatemala,Guatemala,Canal corporativo,721.89,1,PROD-006,Servicio de entrega local,Servicios,1,36.06,36.06,644.55,77.34
GT-DEMO-000086,2025-12-12T15:11:00-06:00,2025-12-12,2025,12,emitido,GTQ,A1,4627185,"Supermercados del Valle, S.A.",4,Canal corporativo,Guatemala,Guatemala,Canal corporativo,721.89,2,PROD-004,Termo corporativo 500 ml,Accesorios,4,92.57,370.28,644.55,77.34
GT-DEMO-000086,2025-12-12T15:11:00-06:00,2025-12-12,2025,12,emitido,GTQ,A1,4627185,"Supermercados del Valle, S.A.",4,Canal corporativo,Guatemala,Guatemala,Canal corporativo,721.89,3,PROD-002,Café molido 500 g,Alimentos,5,63.11,315.55,644.55,77.34
GT-DEMO-000611,2025-12-12T17:25:00-06:00,2025-12-12,2025,12,emitido,GTQ,C1,5973814,"Constructora Horizonte, S.A.",4,Canal corporativo,Guatemala,Guatemala,Canal corporativo,1248.53,1,PROD-009,Suscripción mensual de café,Suscripciones,3,228.81,686.43,1114.75,133.78
GT-DEMO-000611,2025-12-12T17:25:00-06:00,2025-12-12,2025,12,emitido,GTQ,C1,5973814,"Constructora Horizonte, S.A.",4,Canal corporativo,Guatemala,Guatemala,Canal corporativo,1248.53,2,PROD-005,Taza cerámica corporativa,Accesorios,8,53.65,429.2,1114.75,133.78
GT-DEMO-000611,2025-12-12T17:25:00-06:00,2025-12-12,2025,12,emitido,GTQ,C1,5973814,"Constructora Horizonte, S.A.",4,Canal corporativo,Guatemala,Guatemala,Canal corporativo,1248.53,3,PROD-001,Café en grano 500 g,Alimentos,2,66.45,132.9,1114.75,133.78
GT-DEMO-000399,2025-12-13T10:55:00-06:00,2025-12-13,2025,12,emitido,GTQ,B1,CF,Consumidor Final,1,Sucursal Central,Guatemala,Guatemala,Canal tienda,1339.32,1,PROD-003,Té premium caja 25 unidades,Alimentos,5,44.41,222.05,1195.82,143.5
GT-DEMO-000399,2025-12-13T10:55:00-06:00,2025-12-13,2025,12,emitido,GTQ,B1,CF,Consumidor Final,1,Sucursal Central,Guatemala,Guatemala,Canal tienda,1339.32,2,PROD-004,Termo corporativo 500 ml,Accesorios,7,95.44,668.08,1195.82,143.5
GT-DEMO-000399,2025-12-13T10:55:00-06:00,2025-12-13,2025,12,emitido,GTQ,B1,CF,Consumidor Final,1,Sucursal Central,Guatemala,Guatemala,Canal tienda,1339.32,3,PROD-001,Café en grano 500 g,Alimentos,7,64.17,449.19,1195.82,143.5
GT-DEMO-000188,2025-12-13T17:59:00-06:00,2025-12-13,2025,12,emitido,GTQ,A2,CF,Consumidor Final,4,Canal corporativo,Guatemala,Guatemala,Canal corporativo,470.64,1,PROD-010,Café descafeinado 500 g,Alimentos,6,67.27,403.62,420.22,50.42
GT-DEMO-000188,2025-12-13T17:59:00-06:00,2025-12-13,2025,12,emitido,GTQ,A2,CF,Consumidor Final,4,Canal corporativo,Guatemala,Guatemala,Canal corporativo,470.64,2,PROD-001,Café en grano 500 g,Alimentos,1,67.02,67.02,420.22,50.42
GT-DEMO-000586,2025-12-14T16:18:00-06:00,2025-12-14,2025,12,anulado,GTQ,B3,7492631,"Tecnología y Más, S.A.",4,Canal corporativo,Guatemala,Guatemala,Canal corporativo,877.51,1,PROD-004,Termo corporativo 500 ml,Accesorios,8,97.33,778.64,783.49,94.02
GT-DEMO-000586,2025-12-14T16:18:00-06:00,2025-12-14,2025,12,anulado,GTQ,B3,7492631,"Tecnología y Más, S.A.",4,Canal corporativo,Guatemala,Guatemala,Canal corporativo,877.51,2,PROD-004,Termo corporativo 500 ml,Accesorios,1,98.87,98.87,783.49,94.02
GT-DEMO-000041,2025-12-14T18:41:00-06:00,2025-12-14,2025,12,emitido,GTQ,A1,CF,Consumidor Final,2,Sucursal Quetzaltenango,Quetzaltenango,Quetzaltenango,Canal tienda,816.27,1,PROD-003,Té premium caja 25 unidades,Alimentos,7,48.56,339.92,728.82,87.45
GT-DEMO-000041,2025-12-14T18:41:00-06:00,2025-12-14,2025,12,emitido,GTQ,A1,CF,Consumidor Final,2,Sucursal Quetzaltenango,Quetzaltenango,Quetzaltenango,Canal tienda,816.27,2,PROD-004,Termo corporativo 500 ml,Accesorios,3,97.01,291.03,728.82,87.45
GT-DEMO-000041,2025-12-14T18:41:00-06:00,2025-12-14,2025,12,emitido,GTQ,A1,CF,Consumidor Final,2,Sucursal Quetzaltenango,Quetzaltenango,Quetzaltenango,Canal tienda,816.27,3,PROD-002,Café molido 500 g,Alimentos,2,58.31,116.62,728.82,87.45
GT-DEMO-000041,2025-12-14T18:41:00-06:00,2025-12-14,2025,12,emitido,GTQ,A1,CF,Consumidor Final,2,Sucursal Quetzaltenango,Quetzaltenango,Quetzaltenango,Canal tienda,816.27,4,PROD-006,Servicio de entrega local,Servicios,2,34.35,68.7,728.82,87.45
GT-DEMO-000482,2025-12-15T08:01:00-06:00,2025-12-15,2025,12,emitido,GTQ,B2,8146293,"Hotel Vista Real, S.A.",3,Sucursal Escuintla,Escuintla,Escuintla,Canal tienda,1440.99,1,PROD-007,Servicio de entrega departamental,Servicios,2,61.15,122.3,1286.6,154.39
GT-DEMO-000482,2025-12-15T08:01:00-06:00,2025-12-15,2025,12,emitido,GTQ,B2,8146293,"Hotel Vista Real, S.A.",3,Sucursal Escuintla,Escuintla,Escuintla,Canal tienda,1440.99,2,PROD-007,Servicio de entrega departamental,Servicios,3,61.38,184.14,1286.6,154.39
GT-DEMO-000482,2025-12-15T08:01:00-06:00,2025-12-15,2025,12,emitido,GTQ,B2,8146293,"Hotel Vista Real, S.A.",3,Sucursal Escuintla,Escuintla,Escuintla,Canal tienda,1440.99,3,PROD-011,Galletas artesanales 12 unidades,Alimentos,5,42.71,213.55,1286.6,154.39
GT-DEMO-000482,2025-12-15T08:01:00-06:00,2025-12-15,2025,12,emitido,GTQ,B2,8146293,"Hotel Vista Real, S.A.",3,Sucursal Escuintla,Escuintla,Escuintla,Canal tienda,1440.99,4,PROD-009,Suscripción mensual de café,Suscripciones,4,230.25,921.0,1286.6,154.39
GT-DEMO-000044,2025-12-15T09:34:00-06:00,2025-12-15,2025,12,emitido,GTQ,A1,CF,Consumidor Final,2,Sucursal Quetzaltenango,Quetzaltenango,Quetzaltenango,Canal tienda,275.66,1,PROD-010,Café descafeinado 500 g,Alimentos,1,68.51,68.51,246.13,29.53
GT-DEMO-000044,2025-12-15T09:34:00-06:00,2025-12-15,2025,12,emitido,GTQ,A1,CF,Consumidor Final,2,Sucursal Quetzaltenango,Quetzaltenango,Quetzaltenango,Canal tienda,275.66,2,PROD-011,Galletas artesanales 12 unidades,Alimentos,5,41.43,207.15,246.13,29.53
GT-DEMO-000019,2025-12-15T18:53:00-06:00,2025-12-15,2025,12,emitido,GTQ,A1,7264519,"Transportes del Sur, S.A.",1,Sucursal Central,Guatemala,Guatemala,Canal tienda,356.7,1,PROD-002,Café molido 500 g,Alimentos,6,59.45,356.7,318.48,38.22
GT-DEMO-000507,2025-12-16T11:07:00-06:00,2025-12-16,2025,12,emitido,GTQ,B3,CF,Consumidor Final,1,Sucursal Central,Guatemala,Guatemala,Canal tienda,1073.06,1,PROD-009,Suscripción mensual de café,Suscripciones,3,225.98,677.94,958.09,114.97
GT-DEMO-000507,2025-12-16T11:07:00-06:00,2025-12-16,2025,12,emitido,GTQ,B3,CF,Consumidor Final,1,Sucursal Central,Guatemala,Guatemala,Canal tienda,1073.06,2,PROD-004,Termo corporativo 500 ml,Accesorios,4,98.78,395.12,958.09,114.97
GT-DEMO-000216,2025-12-16T13:19:00-06:00,2025-12-16,2025,12,emitido,GTQ,A3,7264519,"Transportes del Sur, S.A.",1,Sucursal Central,Guatemala,Guatemala,Canal tienda,755.59,1,PROD-004,Termo corporativo 500 ml,Accesorios,3,100.48,301.44,674.63,80.96
GT-DEMO-000216,2025-12-16T13:19:00-06:00,2025-12-16,2025,12,emitido,GTQ,A3,7264519,"Transportes del Sur, S.A.",1,Sucursal Central,Guatemala,Guatemala,Canal tienda,755.59,2,PROD-004,Termo corporativo 500 ml,Accesorios,5,90.83,454.15,674.63,80.96
GT-DEMO-000424,2025-12-16T16:26:00-06:00,2025-12-16,2025,12,emitido,GTQ,B2,5172948,"Restaurantes El Buen Sabor, S.A.",2,Sucursal Quetzaltenango,Quetzaltenango,Quetzaltenango,Canal tienda,659.48,1,PROD-003,Té premium caja 25 unidades,Alimentos,4,42.53,170.12,588.82,70.66
GT-DEMO-000424,2025-12-16T16:26:00-06:00,2025-12-16,2025,12,emitido,GTQ,B2,5172948,"Restaurantes El Buen Sabor, S.A.",2,Sucursal Quetzaltenango,Quetzaltenango,Quetzaltenango,Canal tienda,659.48,2,PROD-002,Café molido 500 g,Alimentos,8,61.17,489.36,588.82,70.66
GT-DEMO-000210,2025-12-17T08:13:00-06:00,2025-12-17,2025,12,emitido,GTQ,A3,CF,Consumidor Final,1,Sucursal Central,Guatemala,Guatemala,Canal tienda,692.8,1,PROD-004,Termo corporativo 500 ml,Accesorios,2,101.96,203.92,618.57,74.23
GT-DEMO-000210,2025-12-17T08:13:00-06:00,2025-12-17,2025,12,emitido,GTQ,A3,CF,Consumidor Final,1,Sucursal Central,Guatemala,Guatemala,Canal tienda,692.8,2,PROD-002,Café molido 500 g,Alimentos,8,61.11,488.88,618.57,74.23
GT-DEMO-000049,2025-12-17T08:17:00-06:00,2025-12-17,2025,12,emitido,GTQ,A1,4857291,"Comercial La Estrella, S.A.",1,Sucursal Central,Guatemala,Guatemala,Canal tienda,469.48,1,PROD-004,Termo corporativo 500 ml,Accesorios,4,96.81,387.24,419.18,50.3
GT-DEMO-000049,2025-12-17T08:17:00-06:00,2025-12-17,2025,12,emitido,GTQ,A1,4857291,"Comercial La Estrella, S.A.",1,Sucursal Central,Guatemala,Guatemala,Canal tienda,469.48,2,PROD-011,Galletas artesanales 12 unidades,Alimentos,2,41.12,82.24,419.18,50.3
GT-DEMO-000263,2025-12-17T08:50:00-06:00,2025-12-17,2025,12,emitido,GTQ,A3,5172948,"Restaurantes El Buen Sabor, S.A.",4,Canal corporativo,Guatemala,Guatemala,Canal corporativo,274.95,1,PROD-005,Taza cerámica corporativa,Accesorios,5,54.99,274.95,245.49,29.46
GT-DEMO-000293,2025-12-17T10:31:00-06:00,2025-12-17,2025,12,emitido,GTQ,A3,CF,Consumidor Final,2,Sucursal Quetzaltenango,Quetzaltenango,Quetzaltenango,Canal tienda,414.6,1,PROD-002,Café molido 500 g,Alimentos,2,58.94,117.88,370.18,44.42
GT-DEMO-000293,2025-12-17T10:31:00-06:00,2025-12-17,2025,12,emitido,GTQ,A3,CF,Consumidor Final,2,Sucursal Quetzaltenango,Quetzaltenango,Quetzaltenango,Canal tienda,414.6,2,PROD-006,Servicio de entrega local,Servicios,8,37.09,296.72,370.18,44.42
GT-DEMO-000306,2025-12-17T14:32:00-06:00,2025-12-17,2025,12,emitido,GTQ,B1,5973814,"Constructora Horizonte, S.A.",4,Canal corporativo,Guatemala,Guatemala,Canal corporativo,292.1,1,PROD-005,Taza cerámica corporativa,Accesorios,5,58.42,292.1,260.8,31.3
GT-DEMO-000200,2025-12-17T18:07:00-06:00,2025-12-17,2025,12,emitido,GTQ,A2,3561894,"Farmacias Vida, S.A.",3,Sucursal Escuintla,Escuintla,Escuintla,Canal tienda,132.86,1,PROD-001,Café en grano 500 g,Alimentos,2,66.43,132.86,118.63,14.23
GT-DEMO-000087,2025-12-18T08:00:00-06:00,2025-12-18,2025,12,emitido,GTQ,A1,6283947,"Distribuidora del Pacífico, S.A.",3,Sucursal Escuintla,Escuintla,Escuintla,Canal tienda,196.64,1,PROD-004,Termo corporativo 500 ml,Accesorios,2,98.32,196.64,175.57,21.07
GT-DEMO-000095,2025-12-18T14:04:00-06:00,2025-12-18,2025,12,emitido,GTQ,A1,CF,Consumidor Final,4,Canal corporativo,Guatemala,Guatemala,Canal corporativo,1333.97,1,PROD-009,Suscripción mensual de café,Suscripciones,2,241.42,482.84,1191.05,142.92
GT-DEMO-000095,2025-12-18T14:04:00-06:00,2025-12-18,2025,12,emitido,GTQ,A1,CF,Consumidor Final,4,Canal corporativo,Guatemala,Guatemala,Canal corporativo,1333.97,2,PROD-011,Galletas artesanales 12 unidades,Alimentos,3,42.65,127.95,1191.05,142.92
GT-DEMO-000095,2025-12-18T14:04:00-06:00,2025-12-18,2025,12,emitido,GTQ,A1,CF,Consumidor Final,4,Canal corporativo,Guatemala,Guatemala,Canal corporativo,1333.97,3,PROD-002,Café molido 500 g,Alimentos,4,64.29,257.16,1191.05,142.92
GT-DEMO-000095,2025-12-18T14:04:00-06:00,2025-12-18,2025,12,emitido,GTQ,A1,CF,Consumidor Final,4,Canal corporativo,Guatemala,Guatemala,Canal corporativo,1333.97,4,PROD-009,Suscripción mensual de café,Suscripciones,2,233.01,466.02,1191.05,142.92
GT-DEMO-000460,2025-12-20T15:37:00-06:00,2025-12-20,2025,12,emitido,GTQ,B2,CF,Consumidor Final,4,Canal corporativo,Guatemala,Guatemala,Canal corporativo,338.54,1,PROD-004,Termo corporativo 500 ml,Accesorios,3,92.82,278.46,302.27,36.27
GT-DEMO-000460,2025-12-20T15:37:00-06:00,2025-12-20,2025,12,emitido,GTQ,B2,CF,Consumidor Final,4,Canal corporativo,Guatemala,Guatemala,Canal corporativo,338.54,2,PROD-002,Café molido 500 g,Alimentos,1,60.08,60.08,302.27,36.27
GT-DEMO-000673,2025-12-21T17:16:00-06:00,2025-12-21,2025,12,emitido,GTQ,C1,4627185,"Supermercados del Valle, S.A.",2,Sucursal Quetzaltenango,Quetzaltenango,Quetzaltenango,Canal tienda,905.77,1,PROD-010,Café descafeinado 500 g,Alimentos,5,68.63,343.15,808.72,97.05
GT-DEMO-000673,2025-12-21T17:16:00-06:00,2025-12-21,2025,12,emitido,GTQ,C1,4627185,"Supermercados del Valle, S.A.",2,Sucursal Quetzaltenango,Quetzaltenango,Quetzaltenango,Canal tienda,905.77,2,PROD-011,Galletas artesanales 12 unidades,Alimentos,7,45.09,315.63,808.72,97.05
GT-DEMO-000673,2025-12-21T17:16:00-06:00,2025-12-21,2025,12,emitido,GTQ,C1,4627185,"Supermercados del Valle, S.A.",2,Sucursal Quetzaltenango,Quetzaltenango,Quetzaltenango,Canal tienda,905.77,3,PROD-009,Suscripción mensual de café,Suscripciones,1,246.99,246.99,808.72,97.05
GT-DEMO-000366,2025-12-22T10:37:00-06:00,2025-12-22,2025,12,emitido,GTQ,B1,5172948,"Restaurantes El Buen Sabor, S.A.",2,Sucursal Quetzaltenango,Quetzaltenango,Quetzaltenango,Canal tienda,356.73,1,PROD-005,Taza cerámica corporativa,Accesorios,3,57.16,171.48,318.51,38.22
GT-DEMO-000366,2025-12-22T10:37:00-06:00,2025-12-22,2025,12,emitido,GTQ,B1,5172948,"Restaurantes El Buen Sabor, S.A.",2,Sucursal Quetzaltenango,Quetzaltenango,Quetzaltenango,Canal tienda,356.73,2,PROD-007,Servicio de entrega departamental,Servicios,3,61.75,185.25,318.51,38.22
GT-DEMO-000613,2025-12-22T17:36:00-06:00,2025-12-22,2025,12,emitido,GTQ,C1,4627185,"Supermercados del Valle, S.A.",2,Sucursal Quetzaltenango,Quetzaltenango,Quetzaltenango,Canal tienda,202.48,1,PROD-001,Café en grano 500 g,Alimentos,2,64.37,128.74,180.79,21.69
GT-DEMO-000613,2025-12-22T17:36:00-06:00,2025-12-22,2025,12,emitido,GTQ,C1,4627185,"Supermercados del Valle, S.A.",2,Sucursal Quetzaltenango,Quetzaltenango,Quetzaltenango,Canal tienda,202.48,2,PROD-006,Servicio de entrega local,Servicios,2,36.87,73.74,180.79,21.69
GT-DEMO-000275,2025-12-23T10:49:00-06:00,2025-12-23,2025,12,emitido,GTQ,A3,CF,Consumidor Final,4,Canal corporativo,Guatemala,Guatemala,Canal corporativo,2321.28,1,PROD-004,Termo corporativo 500 ml,Accesorios,8,98.63,789.04,2072.57,248.71
GT-DEMO-000275,2025-12-23T10:49:00-06:00,2025-12-23,2025,12,emitido,GTQ,A3,CF,Consumidor Final,4,Canal corporativo,Guatemala,Guatemala,Canal corporativo,2321.28,2,PROD-012,Caja regalo premium,Corporativo,3,345.01,1035.03,2072.57,248.71
GT-DEMO-000275,2025-12-23T10:49:00-06:00,2025-12-23,2025,12,emitido,GTQ,A3,CF,Consumidor Final,4,Canal corporativo,Guatemala,Guatemala,Canal corporativo,2321.28,3,PROD-001,Café en grano 500 g,Alimentos,7,71.03,497.21,2072.57,248.71
GT-DEMO-000282,2025-12-23T11:37:00-06:00,2025-12-23,2025,12,emitido,GTQ,A3,CF,Consumidor Final,3,Sucursal Escuintla,Escuintla,Escuintla,Canal tienda,484.22,1,PROD-006,Servicio de entrega local,Servicios,6,35.45,212.7,432.34,51.88
GT-DEMO-000282,2025-12-23T11:37:00-06:00,2025-12-23,2025,12,emitido,GTQ,A3,CF,Consumidor Final,3,Sucursal Escuintla,Escuintla,Escuintla,Canal tienda,484.22,2,PROD-006,Servicio de entrega local,Servicios,8,33.94,271.52,432.34,51.88
GT-DEMO-000504,2025-12-23T12:01:00-06:00,2025-12-23,2025,12,emitido,GTQ,B3,3561894,"Farmacias Vida, S.A.",4,Canal corporativo,Guatemala,Guatemala,Canal corporativo,1199.09,1,PROD-007,Servicio de entrega departamental,Servicios,7,64.3,450.1,1070.62,128.47
GT-DEMO-000504,2025-12-23T12:01:00-06:00,2025-12-23,2025,12,emitido,GTQ,B3,3561894,"Farmacias Vida, S.A.",4,Canal corporativo,Guatemala,Guatemala,Canal corporativo,1199.09,2,PROD-010,Café descafeinado 500 g,Alimentos,8,66.92,535.36,1070.62,128.47
GT-DEMO-000504,2025-12-23T12:01:00-06:00,2025-12-23,2025,12,emitido,GTQ,B3,3561894,"Farmacias Vida, S.A.",4,Canal corporativo,Guatemala,Guatemala,Canal corporativo,1199.09,3,PROD-001,Café en grano 500 g,Alimentos,3,71.21,213.63,1070.62,128.47
GT-DEMO-000008,2025-12-23T17:56:00-06:00,2025-12-23,2025,12,emitido,GTQ,A1,7492631,"Tecnología y Más, S.A.",4,Canal corporativo,Guatemala,Guatemala,Canal corporativo,868.48,1,PROD-009,Suscripción mensual de café,Suscripciones,3,242.38,727.14,775.43,93.05
GT-DEMO-000008,2025-12-23T17:56:00-06:00,2025-12-23,2025,12,emitido,GTQ,A1,7492631,"Tecnología y Más, S.A.",4,Canal corporativo,Guatemala,Guatemala,Canal corporativo,868.48,2,PROD-001,Café en grano 500 g,Alimentos,2,70.67,141.34,775.43,93.05
GT-DEMO-000213,2025-12-24T10:17:00-06:00,2025-12-24,2025,12,emitido,GTQ,A3,7264519,"Transportes del Sur, S.A.",1,Sucursal Central,Guatemala,Guatemala,Canal tienda,921.13,1,PROD-004,Termo corporativo 500 ml,Accesorios,2,89.71,179.42,822.44,98.69
GT-DEMO-000213,2025-12-24T10:17:00-06:00,2025-12-24,2025,12,emitido,GTQ,A3,7264519,"Transportes del Sur, S.A.",1,Sucursal Central,Guatemala,Guatemala,Canal tienda,921.13,2,PROD-010,Café descafeinado 500 g,Alimentos,8,68.65,549.2,822.44,98.69
GT-DEMO-000213,2025-12-24T10:17:00-06:00,2025-12-24,2025,12,emitido,GTQ,A3,7264519,"Transportes del Sur, S.A.",1,Sucursal Central,Guatemala,Guatemala,Canal tienda,921.13,3,PROD-008,Kit de bienvenida empresarial,Corporativo,1,192.51,192.51,822.44,98.69
GT-DEMO-000498,2025-12-24T10:34:00-06:00,2025-12-24,2025,12,emitido,GTQ,B2,7492631,"Tecnología y Más, S.A.",3,Sucursal Escuintla,Escuintla,Escuintla,Canal tienda,575.23,1,PROD-002,Café molido 500 g,Alimentos,7,66.55,465.85,513.6,61.63
GT-DEMO-000498,2025-12-24T10:34:00-06:00,2025-12-24,2025,12,emitido,GTQ,B2,7492631,"Tecnología y Más, S.A.",3,Sucursal Escuintla,Escuintla,Escuintla,Canal tienda,575.23,2,PROD-006,Servicio de entrega local,Servicios,2,33.35,66.7,513.6,61.63
GT-DEMO-000498,2025-12-24T10:34:00-06:00,2025-12-24,2025,12,emitido,GTQ,B2,7492631,"Tecnología y Más, S.A.",3,Sucursal Escuintla,Escuintla,Escuintla,Canal tienda,575.23,3,PROD-003,Té premium caja 25 unidades,Alimentos,1,42.68,42.68,513.6,61.63
GT-DEMO-000319,2025-12-24T18:27:00-06:00,2025-12-24,2025,12,emitido,GTQ,B1,5973814,"Constructora Horizonte, S.A.",3,Sucursal Escuintla,Escuintla,Escuintla,Canal tienda,1853.32,1,PROD-005,Taza cerámica corporativa,Accesorios,4,55.58,222.32,1654.75,198.57
GT-DEMO-000319,2025-12-24T18:27:00-06:00,2025-12-24,2025,12,emitido,GTQ,B1,5973814,"Constructora Horizonte, S.A.",3,Sucursal Escuintla,Escuintla,Escuintla,Canal tienda,1853.32,2,PROD-009,Suscripción mensual de café,Suscripciones,7,233.0,1631.0,1654.75,198.57
GT-DEMO-000697,2025-12-25T15:31:00-06:00,2025-12-25,2025,12,emitido,GTQ,C1,CF,Consumidor Final,1,Sucursal Central,Guatemala,Guatemala,Canal tienda,853.76,1,PROD-002,Café molido 500 g,Alimentos,2,65.2,130.4,762.29,91.47
GT-DEMO-000697,2025-12-25T15:31:00-06:00,2025-12-25,2025,12,emitido,GTQ,C1,CF,Consumidor Final,1,Sucursal Central,Guatemala,Guatemala,Canal tienda,853.76,2,PROD-008,Kit de bienvenida empresarial,Corporativo,4,180.84,723.36,762.29,91.47
GT-DEMO-000032,2025-12-25T17:36:00-06:00,2025-12-25,2025,12,emitido,GTQ,A1,5172948,"Restaurantes El Buen Sabor, S.A.",1,Sucursal Central,Guatemala,Guatemala,Canal tienda,939.6,1,PROD-001,Café en grano 500 g,Alimentos,8,64.89,519.12,838.93,100.67
GT-DEMO-000032,2025-12-25T17:36:00-06:00,2025-12-25,2025,12,emitido,GTQ,A1,5172948,"Restaurantes El Buen Sabor, S.A.",1,Sucursal Central,Guatemala,Guatemala,Canal tienda,939.6,2,PROD-005,Taza cerámica corporativa,Accesorios,8,52.56,420.48,838.93,100.67
GT-DEMO-000495,2025-12-26T11:07:00-06:00,2025-12-26,2025,12,emitido,GTQ,B2,6283947,"Distribuidora del Pacífico, S.A.",1,Sucursal Central,Guatemala,Guatemala,Canal tienda,687.44,1,PROD-008,Kit de bienvenida empresarial,Corporativo,4,171.86,687.44,613.79,73.65
GT-DEMO-000698,2025-12-26T11:11:00-06:00,2025-12-26,2025,12,emitido,GTQ,C1,6283947,"Distribuidora del Pacífico, S.A.",4,Canal corporativo,Guatemala,Guatemala,Canal corporativo,744.54,1,PROD-002,Café molido 500 g,Alimentos,6,59.07,354.42,664.77,79.77
GT-DEMO-000698,2025-12-26T11:11:00-06:00,2025-12-26,2025,12,emitido,GTQ,C1,6283947,"Distribuidora del Pacífico, S.A.",4,Canal corporativo,Guatemala,Guatemala,Canal corporativo,744.54,2,PROD-004,Termo corporativo 500 ml,Accesorios,4,97.53,390.12,664.77,79.77
GT-DEMO-000166,2025-12-26T12:24:00-06:00,2025-12-26,2025,12,emitido,GTQ,A2,5172948,"Restaurantes El Buen Sabor, S.A.",2,Sucursal Quetzaltenango,Quetzaltenango,Quetzaltenango,Canal tienda,415.44,1,PROD-007,Servicio de entrega departamental,Servicios,6,69.24,415.44,370.93,44.51
GT-DEMO-000345,2025-12-26T18:23:00-06:00,2025-12-26,2025,12,emitido,GTQ,B1,7264519,"Transportes del Sur, S.A.",2,Sucursal Quetzaltenango,Quetzaltenango,Quetzaltenango,Canal tienda,492.87,1,PROD-001,Café en grano 500 g,Alimentos,7,70.41,492.87,440.06,52.81
GT-DEMO-000415,2025-12-28T08:21:00-06:00,2025-12-28,2025,12,emitido,GTQ,B2,CF,Consumidor Final,1,Sucursal Central,Guatemala,Guatemala,Canal tienda,331.28,1,PROD-002,Café molido 500 g,Alimentos,1,58.88,58.88,295.78,35.5
GT-DEMO-000415,2025-12-28T08:21:00-06:00,2025-12-28,2025,12,emitido,GTQ,B2,CF,Consumidor Final,1,Sucursal Central,Guatemala,Guatemala,Canal tienda,331.28,2,PROD-001,Café en grano 500 g,Alimentos,4,68.1,272.4,295.78,35.5
GT-DEMO-000494,2025-12-28T09:45:00-06:00,2025-12-28,2025,12,emitido,GTQ,B2,4627185,"Supermercados del Valle, S.A.",1,Sucursal Central,Guatemala,Guatemala,Canal tienda,533.01,1,PROD-003,Té premium caja 25 unidades,Alimentos,7,42.43,297.01,475.9,57.11
GT-DEMO-000494,2025-12-28T09:45:00-06:00,2025-12-28,2025,12,emitido,GTQ,B2,4627185,"Supermercados del Valle, S.A.",1,Sucursal Central,Guatemala,Guatemala,Canal tienda,533.01,2,PROD-005,Taza cerámica corporativa,Accesorios,4,59.0,236.0,475.9,57.11
GT-DEMO-000490,2025-12-28T11:40:00-06:00,2025-12-28,2025,12,emitido,GTQ,B2,5973814,"Constructora Horizonte, S.A.",1,Sucursal Central,Guatemala,Guatemala,Canal tienda,335.24,1,PROD-006,Servicio de entrega local,Servicios,3,34.94,104.82,299.32,35.92
GT-DEMO-000490,2025-12-28T11:40:00-06:00,2025-12-28,2025,12,emitido,GTQ,B2,5973814,"Constructora Horizonte, S.A.",1,Sucursal Central,Guatemala,Guatemala,Canal tienda,335.24,2,PROD-009,Suscripción mensual de café,Suscripciones,1,230.42,230.42,299.32,35.92
GT-DEMO-000539,2025-12-28T11:55:00-06:00,2025-12-28,2025,12,emitido,GTQ,B3,5973814,"Constructora Horizonte, S.A.",3,Sucursal Escuintla,Escuintla,Escuintla,Canal tienda,572.53,1,PROD-001,Café en grano 500 g,Alimentos,5,67.83,339.15,511.19,61.34
GT-DEMO-000539,2025-12-28T11:55:00-06:00,2025-12-28,2025,12,emitido,GTQ,B3,5973814,"Constructora Horizonte, S.A.",3,Sucursal Escuintla,Escuintla,Escuintla,Canal tienda,572.53,2,PROD-006,Servicio de entrega local,Servicios,7,33.34,233.38,511.19,61.34
GT-DEMO-000435,2025-12-28T12:23:00-06:00,2025-12-28,2025,12,emitido,GTQ,B2,7812456,"Servicios Integrales Maya, S.A.",2,Sucursal Quetzaltenango,Quetzaltenango,Quetzaltenango,Canal tienda,2405.07,1,PROD-002,Café molido 500 g,Alimentos,6,63.39,380.34,2147.39,257.68
GT-DEMO-000435,2025-12-28T12:23:00-06:00,2025-12-28,2025,12,emitido,GTQ,B2,7812456,"Servicios Integrales Maya, S.A.",2,Sucursal Quetzaltenango,Quetzaltenango,Quetzaltenango,Canal tienda,2405.07,2,PROD-006,Servicio de entrega local,Servicios,5,36.39,181.95,2147.39,257.68
GT-DEMO-000435,2025-12-28T12:23:00-06:00,2025-12-28,2025,12,emitido,GTQ,B2,7812456,"Servicios Integrales Maya, S.A.",2,Sucursal Quetzaltenango,Quetzaltenango,Quetzaltenango,Canal tienda,2405.07,3,PROD-009,Suscripción mensual de café,Suscripciones,6,242.98,1457.88,2147.39,257.68
GT-DEMO-000435,2025-12-28T12:23:00-06:00,2025-12-28,2025,12,emitido,GTQ,B2,7812456,"Servicios Integrales Maya, S.A.",2,Sucursal Quetzaltenango,Quetzaltenango,Quetzaltenango,Canal tienda,2405.07,4,PROD-002,Café molido 500 g,Alimentos,6,64.15,384.9,2147.39,257.68
GT-DEMO-000693,2025-12-28T17:10:00-06:00,2025-12-28,2025,12,emitido,GTQ,C1,3561894,"Farmacias Vida, S.A.",1,Sucursal Central,Guatemala,Guatemala,Canal tienda,949.7,1,PROD-008,Kit de bienvenida empresarial,Corporativo,5,189.94,949.7,847.95,101.75
GT-DEMO-000113,2025-12-28T17:35:00-06:00,2025-12-28,2025,12,emitido,GTQ,A2,7264519,"Transportes del Sur, S.A.",4,Canal corporativo,Guatemala,Guatemala,Canal corporativo,223.15,1,PROD-011,Galletas artesanales 12 unidades,Alimentos,5,44.63,223.15,199.24,23.91
GT-DEMO-000488,2025-12-29T08:28:00-06:00,2025-12-29,2025,12,emitido,GTQ,B2,4857291,"Comercial La Estrella, S.A.",4,Canal corporativo,Guatemala,Guatemala,Canal corporativo,868.68,1,PROD-003,Té premium caja 25 unidades,Alimentos,7,47.96,335.72,775.61,93.07
GT-DEMO-000488,2025-12-29T08:28:00-06:00,2025-12-29,2025,12,emitido,GTQ,B2,4857291,"Comercial La Estrella, S.A.",4,Canal corporativo,Guatemala,Guatemala,Canal corporativo,868.68,2,PROD-002,Café molido 500 g,Alimentos,8,66.62,532.96,775.61,93.07
GT-DEMO-000595,2025-12-29T09:49:00-06:00,2025-12-29,2025,12,emitido,GTQ,B3,7264519,"Transportes del Sur, S.A.",1,Sucursal Central,Guatemala,Guatemala,Canal tienda,337.18,1,PROD-001,Café en grano 500 g,Alimentos,1,70.97,70.97,301.06,36.12
GT-DEMO-000595,2025-12-29T09:49:00-06:00,2025-12-29,2025,12,emitido,GTQ,B3,7264519,"Transportes del Sur, S.A.",1,Sucursal Central,Guatemala,Guatemala,Canal tienda,337.18,2,PROD-011,Galletas artesanales 12 unidades,Alimentos,1,42.11,42.11,301.06,36.12
GT-DEMO-000595,2025-12-29T09:49:00-06:00,2025-12-29,2025,12,emitido,GTQ,B3,7264519,"Transportes del Sur, S.A.",1,Sucursal Central,Guatemala,Guatemala,Canal tienda,337.18,3,PROD-006,Servicio de entrega local,Servicios,6,37.35,224.1,301.06,36.12
GT-DEMO-000605,2025-12-29T16:38:00-06:00,2025-12-29,2025,12,emitido,GTQ,C1,3561894,"Farmacias Vida, S.A.",1,Sucursal Central,Guatemala,Guatemala,Canal tienda,298.37,1,PROD-009,Suscripción mensual de café,Suscripciones,1,231.81,231.81,266.4,31.97
GT-DEMO-000605,2025-12-29T16:38:00-06:00,2025-12-29,2025,12,emitido,GTQ,C1,3561894,"Farmacias Vida, S.A.",1,Sucursal Central,Guatemala,Guatemala,Canal tienda,298.37,2,PROD-006,Servicio de entrega local,Servicios,2,33.28,66.56,266.4,31.97
GT-DEMO-000635,2025-12-29T16:40:00-06:00,2025-12-29,2025,12,emitido,GTQ,C1,9037812,"Grupo Empresarial Centroamericano, S.A.",1,Sucursal Central,Guatemala,Guatemala,Canal tienda,2421.05,1,PROD-002,Café molido 500 g,Alimentos,8,64.04,512.32,2161.65,259.4
GT-DEMO-000635,2025-12-29T16:40:00-06:00,2025-12-29,2025,12,emitido,GTQ,C1,9037812,"Grupo Empresarial Centroamericano, S.A.",1,Sucursal Central,Guatemala,Guatemala,Canal tienda,2421.05,2,PROD-001,Café en grano 500 g,Alimentos,5,66.49,332.45,2161.65,259.4
GT-DEMO-000635,2025-12-29T16:40:00-06:00,2025-12-29,2025,12,emitido,GTQ,C1,9037812,"Grupo Empresarial Centroamericano, S.A.",1,Sucursal Central,Guatemala,Guatemala,Canal tienda,2421.05,3,PROD-012,Caja regalo premium,Corporativo,4,322.35,1289.4,2161.65,259.4
GT-DEMO-000635,2025-12-29T16:40:00-06:00,2025-12-29,2025,12,emitido,GTQ,C1,9037812,"Grupo Empresarial Centroamericano, S.A.",1,Sucursal Central,Guatemala,Guatemala,Canal tienda,2421.05,4,PROD-001,Café en grano 500 g,Alimentos,4,71.72,286.88,2161.65,259.4
GT-DEMO-000138,2025-12-30T08:08:00-06:00,2025-12-30,2025,12,emitido,GTQ,A2,6283947,"Distribuidora del Pacífico, S.A.",4,Canal corporativo,Guatemala,Guatemala,Canal corporativo,2246.84,1,PROD-004,Termo corporativo 500 ml,Accesorios,6,95.24,571.44,2006.11,240.73
GT-DEMO-000138,2025-12-30T08:08:00-06:00,2025-12-30,2025,12,emitido,GTQ,A2,6283947,"Distribuidora del Pacífico, S.A.",4,Canal corporativo,Guatemala,Guatemala,Canal corporativo,2246.84,2,PROD-007,Servicio de entrega departamental,Servicios,6,69.07,414.42,2006.11,240.73
GT-DEMO-000138,2025-12-30T08:08:00-06:00,2025-12-30,2025,12,emitido,GTQ,A2,6283947,"Distribuidora del Pacífico, S.A.",4,Canal corporativo,Guatemala,Guatemala,Canal corporativo,2246.84,3,PROD-008,Kit de bienvenida empresarial,Corporativo,7,180.14,1260.98,2006.11,240.73
GT-DEMO-000584,2025-12-31T16:27:00-06:00,2025-12-31,2025,12,emitido,GTQ,B3,5172948,"Restaurantes El Buen Sabor, S.A.",1,Sucursal Central,Guatemala,Guatemala,Canal tienda,441.06,1,PROD-010,Café descafeinado 500 g,Alimentos,6,73.51,441.06,393.8,47.26
GT-DEMO-000566,2026-01-01T15:29:00-06:00,2026-01-01,2026,1,emitido,GTQ,B3,7812456,"Servicios Integrales Maya, S.A.",2,Sucursal Quetzaltenango,Quetzaltenango,Quetzaltenango,Canal tienda,65.58,1,PROD-002,Café molido 500 g,Alimentos,1,65.58,65.58,58.55,7.03
GT-DEMO-000039,2026-01-02T15:30:00-06:00,2026-01-02,2026,1,anulado,GTQ,A1,8146293,"Hotel Vista Real, S.A.",3,Sucursal Escuintla,Escuintla,Escuintla,Canal tienda,898.83,1,PROD-006,Servicio de entrega local,Servicios,3,36.52,109.56,802.53,96.3
GT-DEMO-000039,2026-01-02T15:30:00-06:00,2026-01-02,2026,1,anulado,GTQ,A1,8146293,"Hotel Vista Real, S.A.",3,Sucursal Escuintla,Escuintla,Escuintla,Canal tienda,898.83,2,PROD-011,Galletas artesanales 12 unidades,Alimentos,7,43.21,302.47,802.53,96.3
GT-DEMO-000039,2026-01-02T15:30:00-06:00,2026-01-02,2026,1,anulado,GTQ,A1,8146293,"Hotel Vista Real, S.A.",3,Sucursal Escuintla,Escuintla,Escuintla,Canal tienda,898.83,3,PROD-001,Café en grano 500 g,Alimentos,5,70.96,354.8,802.53,96.3
GT-DEMO-000039,2026-01-02T15:30:00-06:00,2026-01-02,2026,1,anulado,GTQ,A1,8146293,"Hotel Vista Real, S.A.",3,Sucursal Escuintla,Escuintla,Escuintla,Canal tienda,898.83,4,PROD-011,Galletas artesanales 12 unidades,Alimentos,3,44.0,132.0,802.53,96.3
GT-DEMO-000623,2026-01-03T14:39:00-06:00,2026-01-03,2026,1,emitido,GTQ,C1,CF,Consumidor Final,1,Sucursal Central,Guatemala,Guatemala,Canal tienda,172.45,1,PROD-006,Servicio de entrega local,Servicios,5,34.49,172.45,153.97,18.48
GT-DEMO-000279,2026-01-03T16:55:00-06:00,2026-01-03,2026,1,emitido,GTQ,A3,7492631,"Tecnología y Más, S.A.",4,Canal corporativo,Guatemala,Guatemala,Canal corporativo,590.9,1,PROD-005,Taza cerámica corporativa,Accesorios,1,59.06,59.06,527.59,63.31
GT-DEMO-000279,2026-01-03T16:55:00-06:00,2026-01-03,2026,1,emitido,GTQ,A3,7492631,"Tecnología y Más, S.A.",4,Canal corporativo,Guatemala,Guatemala,Canal corporativo,590.9,2,PROD-002,Café molido 500 g,Alimentos,8,66.48,531.84,527.59,63.31
GT-DEMO-000163,2026-01-04T14:08:00-06:00,2026-01-04,2026,1,emitido,GTQ,A2,4627185,"Supermercados del Valle, S.A.",1,Sucursal Central,Guatemala,Guatemala,Canal tienda,989.02,1,PROD-011,Galletas artesanales 12 unidades,Alimentos,2,41.51,83.02,883.06,105.96
GT-DEMO-000163,2026-01-04T14:08:00-06:00,2026-01-04,2026,1,emitido,GTQ,A2,4627185,"Supermercados del Valle, S.A.",1,Sucursal Central,Guatemala,Guatemala,Canal tienda,989.02,2,PROD-009,Suscripción mensual de café,Suscripciones,4,226.5,906.0,883.06,105.96
GT-DEMO-000617,2026-01-04T17:54:00-06:00,2026-01-04,2026,1,emitido,GTQ,C1,6283947,"Distribuidora del Pacífico, S.A.",3,Sucursal Escuintla,Escuintla,Escuintla,Canal tienda,1404.1,1,PROD-009,Suscripción mensual de café,Suscripciones,3,253.95,761.85,1253.66,150.44
GT-DEMO-000617,2026-01-04T17:54:00-06:00,2026-01-04,2026,1,emitido,GTQ,C1,6283947,"Distribuidora del Pacífico, S.A.",3,Sucursal Escuintla,Escuintla,Escuintla,Canal tienda,1404.1,2,PROD-001,Café en grano 500 g,Alimentos,7,65.11,455.77,1253.66,150.44
GT-DEMO-000617,2026-01-04T17:54:00-06:00,2026-01-04,2026,1,emitido,GTQ,C1,6283947,"Distribuidora del Pacífico, S.A.",3,Sucursal Escuintla,Escuintla,Escuintla,Canal tienda,1404.1,3,PROD-007,Servicio de entrega departamental,Servicios,3,62.16,186.48,1253.66,150.44
GT-DEMO-000354,2026-01-05T12:46:00-06:00,2026-01-05,2026,1,emitido,GTQ,B1,9037812,"Grupo Empresarial Centroamericano, S.A.",1,Sucursal Central,Guatemala,Guatemala,Canal tienda,879.12,1,PROD-006,Servicio de entrega local,Servicios,8,37.1,296.8,784.94,94.18
GT-DEMO-000354,2026-01-05T12:46:00-06:00,2026-01-05,2026,1,emitido,GTQ,B1,9037812,"Grupo Empresarial Centroamericano, S.A.",1,Sucursal Central,Guatemala,Guatemala,Canal tienda,879.12,2,PROD-006,Servicio de entrega local,Servicios,7,33.18,232.26,784.94,94.18
GT-DEMO-000354,2026-01-05T12:46:00-06:00,2026-01-05,2026,1,emitido,GTQ,B1,9037812,"Grupo Empresarial Centroamericano, S.A.",1,Sucursal Central,Guatemala,Guatemala,Canal tienda,879.12,3,PROD-002,Café molido 500 g,Alimentos,2,64.75,129.5,784.94,94.18
GT-DEMO-000354,2026-01-05T12:46:00-06:00,2026-01-05,2026,1,emitido,GTQ,B1,9037812,"Grupo Empresarial Centroamericano, S.A.",1,Sucursal Central,Guatemala,Guatemala,Canal tienda,879.12,4,PROD-006,Servicio de entrega local,Servicios,6,36.76,220.56,784.94,94.18
GT-DEMO-000551,2026-01-06T16:30:00-06:00,2026-01-06,2026,1,emitido,GTQ,B3,7492631,"Tecnología y Más, S.A.",2,Sucursal Quetzaltenango,Quetzaltenango,Quetzaltenango,Canal tienda,979.78,1,PROD-011,Galletas artesanales 12 unidades,Alimentos,8,44.4,355.2,874.81,104.97
GT-DEMO-000551,2026-01-06T16:30:00-06:00,2026-01-06,2026,1,emitido,GTQ,B3,7492631,"Tecnología y Más, S.A.",2,Sucursal Quetzaltenango,Quetzaltenango,Quetzaltenango,Canal tienda,979.78,2,PROD-001,Café en grano 500 g,Alimentos,6,67.13,402.78,874.81,104.97
GT-DEMO-000551,2026-01-06T16:30:00-06:00,2026-01-06,2026,1,emitido,GTQ,B3,7492631,"Tecnología y Más, S.A.",2,Sucursal Quetzaltenango,Quetzaltenango,Quetzaltenango,Canal tienda,979.78,3,PROD-003,Té premium caja 25 unidades,Alimentos,5,44.36,221.8,874.81,104.97
GT-DEMO-000301,2026-01-07T09:05:00-06:00,2026-01-07,2026,1,emitido,GTQ,B1,3561894,"Farmacias Vida, S.A.",1,Sucursal Central,Guatemala,Guatemala,Canal tienda,181.8,1,PROD-006,Servicio de entrega local,Servicios,5,36.36,181.8,162.32,19.48
GT-DEMO-000674,2026-01-08T16:06:00-06:00,2026-01-08,2026,1,emitido,GTQ,C1,7812456,"Servicios Integrales Maya, S.A.",1,Sucursal Central,Guatemala,Guatemala,Canal tienda,3186.3,1,PROD-001,Café en grano 500 g,Alimentos,7,71.83,502.81,2844.91,341.39
GT-DEMO-000674,2026-01-08T16:06:00-06:00,2026-01-08,2026,1,emitido,GTQ,C1,7812456,"Servicios Integrales Maya, S.A.",1,Sucursal Central,Guatemala,Guatemala,Canal tienda,3186.3,2,PROD-007,Servicio de entrega departamental,Servicios,8,68.98,551.84,2844.91,341.39
GT-DEMO-000674,2026-01-08T16:06:00-06:00,2026-01-08,2026,1,emitido,GTQ,C1,7812456,"Servicios Integrales Maya, S.A.",1,Sucursal Central,Guatemala,Guatemala,Canal tienda,3186.3,3,PROD-012,Caja regalo premium,Corporativo,5,320.81,1604.05,2844.91,341.39
GT-DEMO-000674,2026-01-08T16:06:00-06:00,2026-01-08,2026,1,emitido,GTQ,C1,7812456,"Servicios Integrales Maya, S.A.",1,Sucursal Central,Guatemala,Guatemala,Canal tienda,3186.3,4,PROD-002,Café molido 500 g,Alimentos,8,65.95,527.6,2844.91,341.39
GT-DEMO-000079,2026-01-09T13:46:00-06:00,2026-01-09,2026,1,emitido,GTQ,A1,9037812,"Grupo Empresarial Centroamericano, S.A.",1,Sucursal Central,Guatemala,Guatemala,Canal tienda,602.61,1,PROD-006,Servicio de entrega local,Servicios,4,35.52,142.08,538.05,64.56
GT-DEMO-000079,2026-01-09T13:46:00-06:00,2026-01-09,2026,1,emitido,GTQ,A1,9037812,"Grupo Empresarial Centroamericano, S.A.",1,Sucursal Central,Guatemala,Guatemala,Canal tienda,602.61,2,PROD-007,Servicio de entrega departamental,Servicios,7,65.79,460.53,538.05,64.56
GT-DEMO-000292,2026-01-10T13:08:00-06:00,2026-01-10,2026,1,emitido,GTQ,A3,8146293,"Hotel Vista Real, S.A.",4,Canal corporativo,Guatemala,Guatemala,Canal corporativo,1293.05,1,PROD-011,Galletas artesanales 12 unidades,Alimentos,8,45.35,362.8,1154.51,138.54
GT-DEMO-000292,2026-01-10T13:08:00-06:00,2026-01-10,2026,1,emitido,GTQ,A3,8146293,"Hotel Vista Real, S.A.",4,Canal corporativo,Guatemala,Guatemala,Canal corporativo,1293.05,2,PROD-005,Taza cerámica corporativa,Accesorios,6,57.14,342.84,1154.51,138.54
GT-DEMO-000292,2026-01-10T13:08:00-06:00,2026-01-10,2026,1,emitido,GTQ,A3,8146293,"Hotel Vista Real, S.A.",4,Canal corporativo,Guatemala,Guatemala,Canal corporativo,1293.05,3,PROD-005,Taza cerámica corporativa,Accesorios,5,52.04,260.2,1154.51,138.54
GT-DEMO-000292,2026-01-10T13:08:00-06:00,2026-01-10,2026,1,emitido,GTQ,A3,8146293,"Hotel Vista Real, S.A.",4,Canal corporativo,Guatemala,Guatemala,Canal corporativo,1293.05,4,PROD-012,Caja regalo premium,Corporativo,1,327.21,327.21,1154.51,138.54
GT-DEMO-000513,2026-01-10T15:59:00-06:00,2026-01-10,2026,1,emitido,GTQ,B3,5973814,"Constructora Horizonte, S.A.",3,Sucursal Escuintla,Escuintla,Escuintla,Canal tienda,365.76,1,PROD-002,Café molido 500 g,Alimentos,6,60.96,365.76,326.57,39.19
GT-DEMO-000124,2026-01-11T08:59:00-06:00,2026-01-11,2026,1,emitido,GTQ,A2,8146293,"Hotel Vista Real, S.A.",1,Sucursal Central,Guatemala,Guatemala,Canal tienda,408.38,1,PROD-010,Café descafeinado 500 g,Alimentos,2,73.01,146.02,364.63,43.75
GT-DEMO-000124,2026-01-11T08:59:00-06:00,2026-01-11,2026,1,emitido,GTQ,A2,8146293,"Hotel Vista Real, S.A.",1,Sucursal Central,Guatemala,Guatemala,Canal tienda,408.38,2,PROD-002,Café molido 500 g,Alimentos,4,65.59,262.36,364.63,43.75
GT-DEMO-000046,2026-01-12T15:41:00-06:00,2026-01-12,2026,1,emitido,GTQ,A1,CF,Consumidor Final,4,Canal corporativo,Guatemala,Guatemala,Canal corporativo,614.84,1,PROD-001,Café en grano 500 g,Alimentos,5,72.55,362.75,548.96,65.88
GT-DEMO-000046,2026-01-12T15:41:00-06:00,2026-01-12,2026,1,emitido,GTQ,A1,CF,Consumidor Final,4,Canal corporativo,Guatemala,Guatemala,Canal corporativo,614.84,2,PROD-005,Taza cerámica corporativa,Accesorios,2,54.93,109.86,548.96,65.88
GT-DEMO-000046,2026-01-12T15:41:00-06:00,2026-01-12,2026,1,emitido,GTQ,A1,CF,Consumidor Final,4,Canal corporativo,Guatemala,Guatemala,Canal corporativo,614.84,3,PROD-010,Café descafeinado 500 g,Alimentos,1,69.98,69.98,548.96,65.88
GT-DEMO-000046,2026-01-12T15:41:00-06:00,2026-01-12,2026,1,emitido,GTQ,A1,CF,Consumidor Final,4,Canal corporativo,Guatemala,Guatemala,Canal corporativo,614.84,4,PROD-001,Café en grano 500 g,Alimentos,1,72.25,72.25,548.96,65.88
GT-DEMO-000088,2026-01-13T09:14:00-06:00,2026-01-13,2026,1,emitido,GTQ,A1,4857291,"Comercial La Estrella, S.A.",1,Sucursal Central,Guatemala,Guatemala,Canal tienda,182.61,1,PROD-008,Kit de bienvenida empresarial,Corporativo,1,182.61,182.61,163.04,19.57
GT-DEMO-000164,2026-01-13T12:57:00-06:00,2026-01-13,2026,1,emitido,GTQ,A2,5172948,"Restaurantes El Buen Sabor, S.A.",3,Sucursal Escuintla,Escuintla,Escuintla,Canal tienda,406.02,1,PROD-010,Café descafeinado 500 g,Alimentos,6,67.67,406.02,362.52,43.5
GT-DEMO-000589,2026-01-13T14:32:00-06:00,2026-01-13,2026,1,emitido,GTQ,B3,3561894,"Farmacias Vida, S.A.",2,Sucursal Quetzaltenango,Quetzaltenango,Quetzaltenango,Canal tienda,437.7,1,PROD-006,Servicio de entrega local,Servicios,8,37.78,302.24,390.81,46.89
GT-DEMO-000589,2026-01-13T14:32:00-06:00,2026-01-13,2026,1,emitido,GTQ,B3,3561894,"Farmacias Vida, S.A.",2,Sucursal Quetzaltenango,Quetzaltenango,Quetzaltenango,Canal tienda,437.7,2,PROD-001,Café en grano 500 g,Alimentos,2,67.73,135.46,390.81,46.89
GT-DEMO-000314,2026-01-14T09:09:00-06:00,2026-01-14,2026,1,emitido,GTQ,B1,4857291,"Comercial La Estrella, S.A.",3,Sucursal Escuintla,Escuintla,Escuintla,Canal tienda,240.22,1,PROD-005,Taza cerámica corporativa,Accesorios,2,54.2,108.4,214.49,25.73
GT-DEMO-000314,2026-01-14T09:09:00-06:00,2026-01-14,2026,1,emitido,GTQ,B1,4857291,"Comercial La Estrella, S.A.",3,Sucursal Escuintla,Escuintla,Escuintla,Canal tienda,240.22,2,PROD-010,Café descafeinado 500 g,Alimentos,2,65.91,131.82,214.49,25.73
GT-DEMO-000165,2026-01-14T13:01:00-06:00,2026-01-14,2026,1,emitido,GTQ,A2,CF,Consumidor Final,1,Sucursal Central,Guatemala,Guatemala,Canal tienda,1225.71,1,PROD-004,Termo corporativo 500 ml,Accesorios,3,98.77,296.31,1094.38,131.33
GT-DEMO-000165,2026-01-14T13:01:00-06:00,2026-01-14,2026,1,emitido,GTQ,A2,CF,Consumidor Final,1,Sucursal Central,Guatemala,Guatemala,Canal tienda,1225.71,2,PROD-007,Servicio de entrega departamental,Servicios,2,66.79,133.58,1094.38,131.33
GT-DEMO-000165,2026-01-14T13:01:00-06:00,2026-01-14,2026,1,emitido,GTQ,A2,CF,Consumidor Final,1,Sucursal Central,Guatemala,Guatemala,Canal tienda,1225.71,3,PROD-004,Termo corporativo 500 ml,Accesorios,8,89.48,715.84,1094.38,131.33
GT-DEMO-000165,2026-01-14T13:01:00-06:00,2026-01-14,2026,1,emitido,GTQ,A2,CF,Consumidor Final,1,Sucursal Central,Guatemala,Guatemala,Canal tienda,1225.71,4,PROD-011,Galletas artesanales 12 unidades,Alimentos,2,39.99,79.98,1094.38,131.33
GT-DEMO-000362,2026-01-15T11:03:00-06:00,2026-01-15,2026,1,emitido,GTQ,B1,6283947,"Distribuidora del Pacífico, S.A.",1,Sucursal Central,Guatemala,Guatemala,Canal tienda,347.3,1,PROD-001,Café en grano 500 g,Alimentos,5,69.46,347.3,310.09,37.21
GT-DEMO-000265,2026-01-15T16:51:00-06:00,2026-01-15,2026,1,emitido,GTQ,A3,8146293,"Hotel Vista Real, S.A.",1,Sucursal Central,Guatemala,Guatemala,Canal tienda,350.73,1,PROD-005,Taza cerámica corporativa,Accesorios,3,59.16,177.48,313.15,37.58
GT-DEMO-000265,2026-01-15T16:51:00-06:00,2026-01-15,2026,1,emitido,GTQ,A3,8146293,"Hotel Vista Real, S.A.",1,Sucursal Central,Guatemala,Guatemala,Canal tienda,350.73,2,PROD-005,Taza cerámica corporativa,Accesorios,3,57.75,173.25,313.15,37.58
GT-DEMO-000134,2026-01-16T09:56:00-06:00,2026-01-16,2026,1,emitido,GTQ,A2,CF,Consumidor Final,3,Sucursal Escuintla,Escuintla,Escuintla,Canal tienda,588.81,1,PROD-011,Galletas artesanales 12 unidades,Alimentos,3,41.95,125.85,525.73,63.08
GT-DEMO-000134,2026-01-16T09:56:00-06:00,2026-01-16,2026,1,emitido,GTQ,A2,CF,Consumidor Final,3,Sucursal Escuintla,Escuintla,Escuintla,Canal tienda,588.81,2,PROD-005,Taza cerámica corporativa,Accesorios,8,57.87,462.96,525.73,63.08
GT-DEMO-000609,2026-01-16T11:20:00-06:00,2026-01-16,2026,1,emitido,GTQ,C1,7812456,"Servicios Integrales Maya, S.A.",1,Sucursal Central,Guatemala,Guatemala,Canal tienda,2266.65,1,PROD-002,Café molido 500 g,Alimentos,6,60.08,360.48,2023.79,242.86
GT-DEMO-000609,2026-01-16T11:20:00-06:00,2026-01-16,2026,1,emitido,GTQ,C1,7812456,"Servicios Integrales Maya, S.A.",1,Sucursal Central,Guatemala,Guatemala,Canal tienda,2266.65,2,PROD-009,Suscripción mensual de café,Suscripciones,6,237.84,1427.04,2023.79,242.86
GT-DEMO-000609,2026-01-16T11:20:00-06:00,2026-01-16,2026,1,emitido,GTQ,C1,7812456,"Servicios Integrales Maya, S.A.",1,Sucursal Central,Guatemala,Guatemala,Canal tienda,2266.65,3,PROD-001,Café en grano 500 g,Alimentos,5,69.21,346.05,2023.79,242.86
GT-DEMO-000609,2026-01-16T11:20:00-06:00,2026-01-16,2026,1,emitido,GTQ,C1,7812456,"Servicios Integrales Maya, S.A.",1,Sucursal Central,Guatemala,Guatemala,Canal tienda,2266.65,4,PROD-010,Café descafeinado 500 g,Alimentos,2,66.54,133.08,2023.79,242.86
GT-DEMO-000404,2026-01-18T15:19:00-06:00,2026-01-18,2026,1,emitido,GTQ,B2,5973814,"Constructora Horizonte, S.A.",1,Sucursal Central,Guatemala,Guatemala,Canal tienda,1695.42,1,PROD-003,Té premium caja 25 unidades,Alimentos,3,47.56,142.68,1513.77,181.65
GT-DEMO-000404,2026-01-18T15:19:00-06:00,2026-01-18,2026,1,emitido,GTQ,B2,5973814,"Constructora Horizonte, S.A.",1,Sucursal Central,Guatemala,Guatemala,Canal tienda,1695.42,2,PROD-009,Suscripción mensual de café,Suscripciones,6,258.79,1552.74,1513.77,181.65
GT-DEMO-000496,2026-01-18T15:20:00-06:00,2026-01-18,2026,1,emitido,GTQ,B2,5973814,"Constructora Horizonte, S.A.",3,Sucursal Escuintla,Escuintla,Escuintla,Canal tienda,170.68,1,PROD-011,Galletas artesanales 12 unidades,Alimentos,4,42.67,170.68,152.39,18.29
GT-DEMO-000386,2026-01-19T09:58:00-06:00,2026-01-19,2026,1,emitido,GTQ,B1,5172948,"Restaurantes El Buen Sabor, S.A.",4,Canal corporativo,Guatemala,Guatemala,Canal corporativo,594.41,1,PROD-001,Café en grano 500 g,Alimentos,4,70.69,282.76,530.72,63.69
GT-DEMO-000386,2026-01-19T09:58:00-06:00,2026-01-19,2026,1,emitido,GTQ,B1,5172948,"Restaurantes El Buen Sabor, S.A.",4,Canal corporativo,Guatemala,Guatemala,Canal corporativo,594.41,2,PROD-007,Servicio de entrega departamental,Servicios,5,62.33,311.65,530.72,63.69
GT-DEMO-000649,2026-01-19T13:03:00-06:00,2026-01-19,2026,1,emitido,GTQ,C1,7812456,"Servicios Integrales Maya, S.A.",1,Sucursal Central,Guatemala,Guatemala,Canal tienda,1156.48,1,PROD-002,Café molido 500 g,Alimentos,5,64.02,320.1,1032.56,123.92
GT-DEMO-000649,2026-01-19T13:03:00-06:00,2026-01-19,2026,1,emitido,GTQ,C1,7812456,"Servicios Integrales Maya, S.A.",1,Sucursal Central,Guatemala,Guatemala,Canal tienda,1156.48,2,PROD-009,Suscripción mensual de café,Suscripciones,3,255.91,767.73,1032.56,123.92
GT-DEMO-000649,2026-01-19T13:03:00-06:00,2026-01-19,2026,1,emitido,GTQ,C1,7812456,"Servicios Integrales Maya, S.A.",1,Sucursal Central,Guatemala,Guatemala,Canal tienda,1156.48,3,PROD-001,Café en grano 500 g,Alimentos,1,68.65,68.65,1032.56,123.92
GT-DEMO-000324,2026-01-19T15:05:00-06:00,2026-01-19,2026,1,emitido,GTQ,B1,4857291,"Comercial La Estrella, S.A.",3,Sucursal Escuintla,Escuintla,Escuintla,Canal tienda,558.86,1,PROD-011,Galletas artesanales 12 unidades,Alimentos,4,42.74,170.96,498.98,59.88
GT-DEMO-000324,2026-01-19T15:05:00-06:00,2026-01-19,2026,1,emitido,GTQ,B1,4857291,"Comercial La Estrella, S.A.",3,Sucursal Escuintla,Escuintla,Escuintla,Canal tienda,558.86,2,PROD-001,Café en grano 500 g,Alimentos,6,64.65,387.9,498.98,59.88
GT-DEMO-000554,2026-01-19T17:50:00-06:00,2026-01-19,2026,1,emitido,GTQ,B3,CF,Consumidor Final,2,Sucursal Quetzaltenango,Quetzaltenango,Quetzaltenango,Canal tienda,251.16,1,PROD-007,Servicio de entrega departamental,Servicios,4,62.79,251.16,224.25,26.91
GT-DEMO-000523,2026-01-20T08:46:00-06:00,2026-01-20,2026,1,emitido,GTQ,B3,9037812,"Grupo Empresarial Centroamericano, S.A.",4,Canal corporativo,Guatemala,Guatemala,Canal corporativo,193.14,1,PROD-004,Termo corporativo 500 ml,Accesorios,2,96.57,193.14,172.45,20.69
GT-DEMO-000326,2026-01-20T13:34:00-06:00,2026-01-20,2026,1,emitido,GTQ,B1,CF,Consumidor Final,1,Sucursal Central,Guatemala,Guatemala,Canal tienda,526.72,1,PROD-001,Café en grano 500 g,Alimentos,8,65.84,526.72,470.29,56.43
GT-DEMO-000215,2026-01-22T08:41:00-06:00,2026-01-22,2026,1,emitido,GTQ,A3,5172948,"Restaurantes El Buen Sabor, S.A.",2,Sucursal Quetzaltenango,Quetzaltenango,Quetzaltenango,Canal tienda,580.08,1,PROD-001,Café en grano 500 g,Alimentos,7,63.99,447.93,517.93,62.15
GT-DEMO-000215,2026-01-22T08:41:00-06:00,2026-01-22,2026,1,emitido,GTQ,A3,5172948,"Restaurantes El Buen Sabor, S.A.",2,Sucursal Quetzaltenango,Quetzaltenango,Quetzaltenango,Canal tienda,580.08,2,PROD-011,Galletas artesanales 12 unidades,Alimentos,3,44.05,132.15,517.93,62.15
GT-DEMO-000560,2026-01-23T08:35:00-06:00,2026-01-23,2026,1,emitido,GTQ,B3,CF,Consumidor Final,3,Sucursal Escuintla,Escuintla,Escuintla,Canal tienda,462.56,1,PROD-009,Suscripción mensual de café,Suscripciones,2,231.28,462.56,413.0,49.56
GT-DEMO-000655,2026-01-24T11:46:00-06:00,2026-01-24,2026,1,emitido,GTQ,C1,7264519,"Transportes del Sur, S.A.",4,Canal corporativo,Guatemala,Guatemala,Canal corporativo,869.92,1,PROD-003,Té premium caja 25 unidades,Alimentos,8,43.48,347.84,776.72,93.2
GT-DEMO-000655,2026-01-24T11:46:00-06:00,2026-01-24,2026,1,emitido,GTQ,C1,7264519,"Transportes del Sur, S.A.",4,Canal corporativo,Guatemala,Guatemala,Canal corporativo,869.92,2,PROD-006,Servicio de entrega local,Servicios,7,36.14,252.98,776.72,93.2
GT-DEMO-000655,2026-01-24T11:46:00-06:00,2026-01-24,2026,1,emitido,GTQ,C1,7264519,"Transportes del Sur, S.A.",4,Canal corporativo,Guatemala,Guatemala,Canal corporativo,869.92,3,PROD-005,Taza cerámica corporativa,Accesorios,5,53.82,269.1,776.72,93.2
GT-DEMO-000217,2026-01-24T16:57:00-06:00,2026-01-24,2026,1,emitido,GTQ,A3,6283947,"Distribuidora del Pacífico, S.A.",2,Sucursal Quetzaltenango,Quetzaltenango,Quetzaltenango,Canal tienda,178.56,1,PROD-011,Galletas artesanales 12 unidades,Alimentos,4,44.64,178.56,159.43,19.13
GT-DEMO-000505,2026-01-25T12:01:00-06:00,2026-01-25,2026,1,emitido,GTQ,B3,7492631,"Tecnología y Más, S.A.",1,Sucursal Central,Guatemala,Guatemala,Canal tienda,836.83,1,PROD-004,Termo corporativo 500 ml,Accesorios,1,100.82,100.82,747.17,89.66
GT-DEMO-000505,2026-01-25T12:01:00-06:00,2026-01-25,2026,1,emitido,GTQ,B3,7492631,"Tecnología y Más, S.A.",1,Sucursal Central,Guatemala,Guatemala,Canal tienda,836.83,2,PROD-005,Taza cerámica corporativa,Accesorios,7,57.83,404.81,747.17,89.66
GT-DEMO-000505,2026-01-25T12:01:00-06:00,2026-01-25,2026,1,emitido,GTQ,B3,7492631,"Tecnología y Más, S.A.",1,Sucursal Central,Guatemala,Guatemala,Canal tienda,836.83,3,PROD-001,Café en grano 500 g,Alimentos,5,66.24,331.2,747.17,89.66
GT-DEMO-000508,2026-01-25T12:22:00-06:00,2026-01-25,2026,1,emitido,GTQ,B3,CF,Consumidor Final,4,Canal corporativo,Guatemala,Guatemala,Canal corporativo,297.65,1,PROD-002,Café molido 500 g,Alimentos,5,59.53,297.65,265.76,31.89
GT-DEMO-000654,2026-01-25T13:16:00-06:00,2026-01-25,2026,1,emitido,GTQ,C1,8146293,"Hotel Vista Real, S.A.",4,Canal corporativo,Guatemala,Guatemala,Canal corporativo,143.19,1,PROD-003,Té premium caja 25 unidades,Alimentos,1,44.87,44.87,127.85,15.34
GT-DEMO-000654,2026-01-25T13:16:00-06:00,2026-01-25,2026,1,emitido,GTQ,C1,8146293,"Hotel Vista Real, S.A.",4,Canal corporativo,Guatemala,Guatemala,Canal corporativo,143.19,2,PROD-004,Termo corporativo 500 ml,Accesorios,1,98.32,98.32,127.85,15.34
GT-DEMO-000610,2026-01-25T14:32:00-06:00,2026-01-25,2026,1,emitido,GTQ,C1,5172948,"Restaurantes El Buen Sabor, S.A.",4,Canal corporativo,Guatemala,Guatemala,Canal corporativo,346.6,1,PROD-001,Café en grano 500 g,Alimentos,4,64.5,258.0,309.47,37.13
GT-DEMO-000610,2026-01-25T14:32:00-06:00,2026-01-25,2026,1,emitido,GTQ,C1,5172948,"Restaurantes El Buen Sabor, S.A.",4,Canal corporativo,Guatemala,Guatemala,Canal corporativo,346.6,2,PROD-011,Galletas artesanales 12 unidades,Alimentos,2,44.3,88.6,309.47,37.13
GT-DEMO-000223,2026-01-26T09:26:00-06:00,2026-01-26,2026,1,emitido,GTQ,A3,7812456,"Servicios Integrales Maya, S.A.",1,Sucursal Central,Guatemala,Guatemala,Canal tienda,2211.0,1,PROD-012,Caja regalo premium,Corporativo,6,331.25,1987.5,1974.1,236.9
GT-DEMO-000223,2026-01-26T09:26:00-06:00,2026-01-26,2026,1,emitido,GTQ,A3,7812456,"Servicios Integrales Maya, S.A.",1,Sucursal Central,Guatemala,Guatemala,Canal tienda,2211.0,2,PROD-003,Té premium caja 25 unidades,Alimentos,5,44.7,223.5,1974.1,236.9
GT-DEMO-000658,2026-01-26T10:04:00-06:00,2026-01-26,2026,1,emitido,GTQ,C1,4627185,"Supermercados del Valle, S.A.",1,Sucursal Central,Guatemala,Guatemala,Canal tienda,2824.52,1,PROD-006,Servicio de entrega local,Servicios,1,33.48,33.48,2521.89,302.63
GT-DEMO-000658,2026-01-26T10:04:00-06:00,2026-01-26,2026,1,emitido,GTQ,C1,4627185,"Supermercados del Valle, S.A.",1,Sucursal Central,Guatemala,Guatemala,Canal tienda,2824.52,2,PROD-008,Kit de bienvenida empresarial,Corporativo,8,171.25,1370.0,2521.89,302.63
GT-DEMO-000658,2026-01-26T10:04:00-06:00,2026-01-26,2026,1,emitido,GTQ,C1,4627185,"Supermercados del Valle, S.A.",1,Sucursal Central,Guatemala,Guatemala,Canal tienda,2824.52,3,PROD-009,Suscripción mensual de café,Suscripciones,6,236.84,1421.04,2521.89,302.63
GT-DEMO-000542,2026-01-26T12:38:00-06:00,2026-01-26,2026,1,emitido,GTQ,B3,5973814,"Constructora Horizonte, S.A.",2,Sucursal Quetzaltenango,Quetzaltenango,Quetzaltenango,Canal tienda,353.95,1,PROD-003,Té premium caja 25 unidades,Alimentos,6,42.62,255.72,316.03,37.92
GT-DEMO-000542,2026-01-26T12:38:00-06:00,2026-01-26,2026,1,emitido,GTQ,B3,5973814,"Constructora Horizonte, S.A.",2,Sucursal Quetzaltenango,Quetzaltenango,Quetzaltenango,Canal tienda,353.95,2,PROD-004,Termo corporativo 500 ml,Accesorios,1,98.23,98.23,316.03,37.92
GT-DEMO-000243,2026-01-27T12:03:00-06:00,2026-01-27,2026,1,anulado,GTQ,A3,CF,Consumidor Final,1,Sucursal Central,Guatemala,Guatemala,Canal tienda,313.93,1,PROD-004,Termo corporativo 500 ml,Accesorios,2,91.9,183.8,280.3,33.63
GT-DEMO-000243,2026-01-27T12:03:00-06:00,2026-01-27,2026,1,anulado,GTQ,A3,CF,Consumidor Final,1,Sucursal Central,Guatemala,Guatemala,Canal tienda,313.93,2,PROD-005,Taza cerámica corporativa,Accesorios,1,55.47,55.47,280.3,33.63
GT-DEMO-000243,2026-01-27T12:03:00-06:00,2026-01-27,2026,1,anulado,GTQ,A3,CF,Consumidor Final,1,Sucursal Central,Guatemala,Guatemala,Canal tienda,313.93,3,PROD-006,Servicio de entrega local,Servicios,2,37.33,74.66,280.3,33.63
GT-DEMO-000475,2026-01-27T15:03:00-06:00,2026-01-27,2026,1,emitido,GTQ,B2,5973814,"Constructora Horizonte, S.A.",4,Canal corporativo,Guatemala,Guatemala,Canal corporativo,677.68,1,PROD-001,Café en grano 500 g,Alimentos,4,64.71,258.84,605.07,72.61
GT-DEMO-000475,2026-01-27T15:03:00-06:00,2026-01-27,2026,1,emitido,GTQ,B2,5973814,"Constructora Horizonte, S.A.",4,Canal corporativo,Guatemala,Guatemala,Canal corporativo,677.68,2,PROD-001,Café en grano 500 g,Alimentos,1,66.2,66.2,605.07,72.61
GT-DEMO-000475,2026-01-27T15:03:00-06:00,2026-01-27,2026,1,emitido,GTQ,B2,5973814,"Constructora Horizonte, S.A.",4,Canal corporativo,Guatemala,Guatemala,Canal corporativo,677.68,3,PROD-001,Café en grano 500 g,Alimentos,3,67.44,202.32,605.07,72.61
GT-DEMO-000475,2026-01-27T15:03:00-06:00,2026-01-27,2026,1,emitido,GTQ,B2,5973814,"Constructora Horizonte, S.A.",4,Canal corporativo,Guatemala,Guatemala,Canal corporativo,677.68,4,PROD-006,Servicio de entrega local,Servicios,4,37.58,150.32,605.07,72.61
GT-DEMO-000666,2026-01-27T16:21:00-06:00,2026-01-27,2026,1,emitido,GTQ,C1,9037812,"Grupo Empresarial Centroamericano, S.A.",2,Sucursal Quetzaltenango,Quetzaltenango,Quetzaltenango,Canal tienda,434.22,1,PROD-001,Café en grano 500 g,Alimentos,6,72.37,434.22,387.7,46.52
GT-DEMO-000264,2026-01-27T17:32:00-06:00,2026-01-27,2026,1,emitido,GTQ,A3,6283947,"Distribuidora del Pacífico, S.A.",2,Sucursal Quetzaltenango,Quetzaltenango,Quetzaltenango,Canal tienda,563.92,1,PROD-004,Termo corporativo 500 ml,Accesorios,3,99.04,297.12,503.5,60.42
GT-DEMO-000264,2026-01-27T17:32:00-06:00,2026-01-27,2026,1,emitido,GTQ,A3,6283947,"Distribuidora del Pacífico, S.A.",2,Sucursal Quetzaltenango,Quetzaltenango,Quetzaltenango,Canal tienda,563.92,2,PROD-006,Servicio de entrega local,Servicios,8,33.35,266.8,503.5,60.42
GT-DEMO-000441,2026-01-28T09:42:00-06:00,2026-01-28,2026,1,emitido,GTQ,B2,9037812,"Grupo Empresarial Centroamericano, S.A.",4,Canal corporativo,Guatemala,Guatemala,Canal corporativo,135.2,1,PROD-001,Café en grano 500 g,Alimentos,1,71.4,71.4,120.71,14.49
GT-DEMO-000441,2026-01-28T09:42:00-06:00,2026-01-28,2026,1,emitido,GTQ,B2,9037812,"Grupo Empresarial Centroamericano, S.A.",4,Canal corporativo,Guatemala,Guatemala,Canal corporativo,135.2,2,PROD-007,Servicio de entrega departamental,Servicios,1,63.8,63.8,120.71,14.49
GT-DEMO-000355,2026-01-30T16:16:00-06:00,2026-01-30,2026,1,emitido,GTQ,B1,CF,Consumidor Final,1,Sucursal Central,Guatemala,Guatemala,Canal tienda,438.66,1,PROD-003,Té premium caja 25 unidades,Alimentos,1,45.72,45.72,391.66,47.0
GT-DEMO-000355,2026-01-30T16:16:00-06:00,2026-01-30,2026,1,emitido,GTQ,B1,CF,Consumidor Final,1,Sucursal Central,Guatemala,Guatemala,Canal tienda,438.66,2,PROD-002,Café molido 500 g,Alimentos,6,65.49,392.94,391.66,47.0
GT-DEMO-000642,2026-01-30T18:03:00-06:00,2026-01-30,2026,1,emitido,GTQ,C1,7812456,"Servicios Integrales Maya, S.A.",2,Sucursal Quetzaltenango,Quetzaltenango,Quetzaltenango,Canal tienda,478.96,1,PROD-003,Té premium caja 25 unidades,Alimentos,4,44.66,178.64,427.64,51.32
GT-DEMO-000642,2026-01-30T18:03:00-06:00,2026-01-30,2026,1,emitido,GTQ,C1,7812456,"Servicios Integrales Maya, S.A.",2,Sucursal Quetzaltenango,Quetzaltenango,Quetzaltenango,Canal tienda,478.96,2,PROD-010,Café descafeinado 500 g,Alimentos,4,75.08,300.32,427.64,51.32
GT-DEMO-000302,2026-01-31T14:03:00-06:00,2026-01-31,2026,1,emitido,GTQ,B1,5973814,"Constructora Horizonte, S.A.",4,Canal corporativo,Guatemala,Guatemala,Canal corporativo,960.52,1,PROD-004,Termo corporativo 500 ml,Accesorios,5,89.33,446.65,857.6,102.92
GT-DEMO-000302,2026-01-31T14:03:00-06:00,2026-01-31,2026,1,emitido,GTQ,B1,5973814,"Constructora Horizonte, S.A.",4,Canal corporativo,Guatemala,Guatemala,Canal corporativo,960.52,2,PROD-001,Café en grano 500 g,Alimentos,7,73.41,513.87,857.6,102.92
GT-DEMO-000261,2026-02-01T08:38:00-06:00,2026-02-01,2026,2,emitido,GTQ,A3,8146293,"Hotel Vista Real, S.A.",1,Sucursal Central,Guatemala,Guatemala,Canal tienda,189.6,1,PROD-003,Té premium caja 25 unidades,Alimentos,4,47.4,189.6,169.29,20.31
GT-DEMO-000471,2026-02-01T11:53:00-06:00,2026-02-01,2026,2,emitido,GTQ,B2,4857291,"Comercial La Estrella, S.A.",3,Sucursal Escuintla,Escuintla,Escuintla,Canal tienda,181.8,1,PROD-006,Servicio de entrega local,Servicios,5,36.36,181.8,162.32,19.48
GT-DEMO-000445,2026-02-01T16:46:00-06:00,2026-02-01,2026,2,emitido,GTQ,B2,4627185,"Supermercados del Valle, S.A.",1,Sucursal Central,Guatemala,Guatemala,Canal tienda,195.33,1,PROD-002,Café molido 500 g,Alimentos,3,65.11,195.33,174.4,20.93
GT-DEMO-000429,2026-02-02T12:47:00-06:00,2026-02-02,2026,2,emitido,GTQ,B2,6283947,"Distribuidora del Pacífico, S.A.",1,Sucursal Central,Guatemala,Guatemala,Canal tienda,1937.7,1,PROD-012,Caja regalo premium,Corporativo,6,322.95,1937.7,1730.09,207.61
GT-DEMO-000232,2026-02-03T17:01:00-06:00,2026-02-03,2026,2,emitido,GTQ,A3,7492631,"Tecnología y Más, S.A.",2,Sucursal Quetzaltenango,Quetzaltenango,Quetzaltenango,Canal tienda,474.84,1,PROD-006,Servicio de entrega local,Servicios,8,36.65,293.2,423.97,50.87
GT-DEMO-000232,2026-02-03T17:01:00-06:00,2026-02-03,2026,2,emitido,GTQ,A3,7492631,"Tecnología y Más, S.A.",2,Sucursal Quetzaltenango,Quetzaltenango,Quetzaltenango,Canal tienda,474.84,2,PROD-003,Té premium caja 25 unidades,Alimentos,4,45.41,181.64,423.97,50.87
GT-DEMO-000133,2026-02-04T14:03:00-06:00,2026-02-04,2026,2,emitido,GTQ,A2,4857291,"Comercial La Estrella, S.A.",4,Canal corporativo,Guatemala,Guatemala,Canal corporativo,426.74,1,PROD-005,Taza cerámica corporativa,Accesorios,1,58.56,58.56,381.02,45.72
GT-DEMO-000133,2026-02-04T14:03:00-06:00,2026-02-04,2026,2,emitido,GTQ,A2,4857291,"Comercial La Estrella, S.A.",4,Canal corporativo,Guatemala,Guatemala,Canal corporativo,426.74,2,PROD-011,Galletas artesanales 12 unidades,Alimentos,4,43.91,175.64,381.02,45.72
GT-DEMO-000133,2026-02-04T14:03:00-06:00,2026-02-04,2026,2,emitido,GTQ,A2,4857291,"Comercial La Estrella, S.A.",4,Canal corporativo,Guatemala,Guatemala,Canal corporativo,426.74,3,PROD-001,Café en grano 500 g,Alimentos,3,64.18,192.54,381.02,45.72
GT-DEMO-000416,2026-02-05T10:48:00-06:00,2026-02-05,2026,2,emitido,GTQ,B2,3561894,"Farmacias Vida, S.A.",2,Sucursal Quetzaltenango,Quetzaltenango,Quetzaltenango,Canal tienda,550.0,1,PROD-001,Café en grano 500 g,Alimentos,8,68.75,550.0,491.07,58.93
GT-DEMO-000151,2026-02-05T16:41:00-06:00,2026-02-05,2026,2,emitido,GTQ,A2,5973814,"Constructora Horizonte, S.A.",1,Sucursal Central,Guatemala,Guatemala,Canal tienda,1192.63,1,PROD-007,Servicio de entrega departamental,Servicios,7,68.61,480.27,1064.85,127.78
GT-DEMO-000151,2026-02-05T16:41:00-06:00,2026-02-05,2026,2,emitido,GTQ,A2,5973814,"Constructora Horizonte, S.A.",1,Sucursal Central,Guatemala,Guatemala,Canal tienda,1192.63,2,PROD-004,Termo corporativo 500 ml,Accesorios,4,101.74,406.96,1064.85,127.78
GT-DEMO-000151,2026-02-05T16:41:00-06:00,2026-02-05,2026,2,emitido,GTQ,A2,5973814,"Constructora Horizonte, S.A.",1,Sucursal Central,Guatemala,Guatemala,Canal tienda,1192.63,3,PROD-004,Termo corporativo 500 ml,Accesorios,3,101.8,305.4,1064.85,127.78
GT-DEMO-000541,2026-02-06T09:47:00-06:00,2026-02-06,2026,2,emitido,GTQ,B3,6283947,"Distribuidora del Pacífico, S.A.",2,Sucursal Quetzaltenango,Quetzaltenango,Quetzaltenango,Canal tienda,70.12,1,PROD-010,Café descafeinado 500 g,Alimentos,1,70.12,70.12,62.61,7.51
GT-DEMO-000377,2026-02-06T13:40:00-06:00,2026-02-06,2026,2,emitido,GTQ,B1,5973814,"Constructora Horizonte, S.A.",1,Sucursal Central,Guatemala,Guatemala,Canal tienda,2353.31,1,PROD-002,Café molido 500 g,Alimentos,5,59.75,298.75,2101.17,252.14
GT-DEMO-000377,2026-02-06T13:40:00-06:00,2026-02-06,2026,2,emitido,GTQ,B1,5973814,"Constructora Horizonte, S.A.",1,Sucursal Central,Guatemala,Guatemala,Canal tienda,2353.31,2,PROD-009,Suscripción mensual de café,Suscripciones,8,256.82,2054.56,2101.17,252.14
GT-DEMO-000570,2026-02-06T18:48:00-06:00,2026-02-06,2026,2,emitido,GTQ,B3,4857291,"Comercial La Estrella, S.A.",2,Sucursal Quetzaltenango,Quetzaltenango,Quetzaltenango,Canal tienda,373.36,1,PROD-006,Servicio de entrega local,Servicios,6,35.78,214.68,333.36,40.0
GT-DEMO-000570,2026-02-06T18:48:00-06:00,2026-02-06,2026,2,emitido,GTQ,B3,4857291,"Comercial La Estrella, S.A.",2,Sucursal Quetzaltenango,Quetzaltenango,Quetzaltenango,Canal tienda,373.36,2,PROD-011,Galletas artesanales 12 unidades,Alimentos,4,39.67,158.68,333.36,40.0
GT-DEMO-000645,2026-02-07T09:20:00-06:00,2026-02-07,2026,2,emitido,GTQ,C1,CF,Consumidor Final,4,Canal corporativo,Guatemala,Guatemala,Canal corporativo,1303.03,1,PROD-004,Termo corporativo 500 ml,Accesorios,7,94.96,664.72,1163.42,139.61
GT-DEMO-000645,2026-02-07T09:20:00-06:00,2026-02-07,2026,2,emitido,GTQ,C1,CF,Consumidor Final,4,Canal corporativo,Guatemala,Guatemala,Canal corporativo,1303.03,2,PROD-007,Servicio de entrega departamental,Servicios,5,68.46,342.3,1163.42,139.61
GT-DEMO-000645,2026-02-07T09:20:00-06:00,2026-02-07,2026,2,emitido,GTQ,C1,CF,Consumidor Final,4,Canal corporativo,Guatemala,Guatemala,Canal corporativo,1303.03,3,PROD-004,Termo corporativo 500 ml,Accesorios,3,98.67,296.01,1163.42,139.61
GT-DEMO-000131,2026-02-07T16:07:00-06:00,2026-02-07,2026,2,emitido,GTQ,A2,3561894,"Farmacias Vida, S.A.",1,Sucursal Central,Guatemala,Guatemala,Canal tienda,549.05,1,PROD-002,Café molido 500 g,Alimentos,4,66.8,267.2,490.22,58.83
GT-DEMO-000131,2026-02-07T16:07:00-06:00,2026-02-07,2026,2,emitido,GTQ,A2,3561894,"Farmacias Vida, S.A.",1,Sucursal Central,Guatemala,Guatemala,Canal tienda,549.05,2,PROD-005,Taza cerámica corporativa,Accesorios,5,56.37,281.85,490.22,58.83
GT-DEMO-000454,2026-02-08T09:59:00-06:00,2026-02-08,2026,2,emitido,GTQ,B2,CF,Consumidor Final,3,Sucursal Escuintla,Escuintla,Escuintla,Canal tienda,321.24,1,PROD-002,Café molido 500 g,Alimentos,1,64.76,64.76,286.82,34.42
GT-DEMO-000454,2026-02-08T09:59:00-06:00,2026-02-08,2026,2,emitido,GTQ,B2,CF,Consumidor Final,3,Sucursal Escuintla,Escuintla,Escuintla,Canal tienda,321.24,2,PROD-001,Café en grano 500 g,Alimentos,1,73.18,73.18,286.82,34.42
GT-DEMO-000454,2026-02-08T09:59:00-06:00,2026-02-08,2026,2,emitido,GTQ,B2,CF,Consumidor Final,3,Sucursal Escuintla,Escuintla,Escuintla,Canal tienda,321.24,3,PROD-002,Café molido 500 g,Alimentos,3,61.1,183.3,286.82,34.42
GT-DEMO-000204,2026-02-08T12:16:00-06:00,2026-02-08,2026,2,emitido,GTQ,A3,4627185,"Supermercados del Valle, S.A.",2,Sucursal Quetzaltenango,Quetzaltenango,Quetzaltenango,Canal tienda,319.55,1,PROD-002,Café molido 500 g,Alimentos,5,63.91,319.55,285.31,34.24
GT-DEMO-000420,2026-02-08T14:30:00-06:00,2026-02-08,2026,2,emitido,GTQ,B2,8146293,"Hotel Vista Real, S.A.",4,Canal corporativo,Guatemala,Guatemala,Canal corporativo,1275.36,1,PROD-009,Suscripción mensual de café,Suscripciones,3,247.2,741.6,1138.71,136.65
GT-DEMO-000420,2026-02-08T14:30:00-06:00,2026-02-08,2026,2,emitido,GTQ,B2,8146293,"Hotel Vista Real, S.A.",4,Canal corporativo,Guatemala,Guatemala,Canal corporativo,1275.36,2,PROD-001,Café en grano 500 g,Alimentos,8,66.72,533.76,1138.71,136.65
GT-DEMO-000640,2026-02-08T14:44:00-06:00,2026-02-08,2026,2,emitido,GTQ,C1,CF,Consumidor Final,1,Sucursal Central,Guatemala,Guatemala,Canal tienda,129.74,1,PROD-001,Café en grano 500 g,Alimentos,2,64.87,129.74,115.84,13.9
GT-DEMO-000692,2026-02-08T18:47:00-06:00,2026-02-08,2026,2,emitido,GTQ,C1,7812456,"Servicios Integrales Maya, S.A.",2,Sucursal Quetzaltenango,Quetzaltenango,Quetzaltenango,Canal tienda,2002.07,1,PROD-001,Café en grano 500 g,Alimentos,6,67.87,407.22,1787.56,214.51
GT-DEMO-000692,2026-02-08T18:47:00-06:00,2026-02-08,2026,2,emitido,GTQ,C1,7812456,"Servicios Integrales Maya, S.A.",2,Sucursal Quetzaltenango,Quetzaltenango,Quetzaltenango,Canal tienda,2002.07,2,PROD-012,Caja regalo premium,Corporativo,5,318.97,1594.85,1787.56,214.51
GT-DEMO-000331,2026-02-09T08:06:00-06:00,2026-02-09,2026,2,emitido,GTQ,B1,7812456,"Servicios Integrales Maya, S.A.",1,Sucursal Central,Guatemala,Guatemala,Canal tienda,810.74,1,PROD-005,Taza cerámica corporativa,Accesorios,8,52.03,416.24,723.87,86.87
GT-DEMO-000331,2026-02-09T08:06:00-06:00,2026-02-09,2026,2,emitido,GTQ,B1,7812456,"Servicios Integrales Maya, S.A.",1,Sucursal Central,Guatemala,Guatemala,Canal tienda,810.74,2,PROD-007,Servicio de entrega departamental,Servicios,6,65.75,394.5,723.87,86.87
GT-DEMO-000626,2026-02-09T08:41:00-06:00,2026-02-09,2026,2,emitido,GTQ,C1,7812456,"Servicios Integrales Maya, S.A.",2,Sucursal Quetzaltenango,Quetzaltenango,Quetzaltenango,Canal tienda,821.96,1,PROD-006,Servicio de entrega local,Servicios,8,36.6,292.8,733.89,88.07
GT-DEMO-000626,2026-02-09T08:41:00-06:00,2026-02-09,2026,2,emitido,GTQ,C1,7812456,"Servicios Integrales Maya, S.A.",2,Sucursal Quetzaltenango,Quetzaltenango,Quetzaltenango,Canal tienda,821.96,2,PROD-003,Té premium caja 25 unidades,Alimentos,8,42.79,342.32,733.89,88.07
GT-DEMO-000626,2026-02-09T08:41:00-06:00,2026-02-09,2026,2,emitido,GTQ,C1,7812456,"Servicios Integrales Maya, S.A.",2,Sucursal Quetzaltenango,Quetzaltenango,Quetzaltenango,Canal tienda,821.96,3,PROD-002,Café molido 500 g,Alimentos,3,62.28,186.84,733.89,88.07
GT-DEMO-000057,2026-02-09T12:25:00-06:00,2026-02-09,2026,2,emitido,GTQ,A1,7264519,"Transportes del Sur, S.A.",2,Sucursal Quetzaltenango,Quetzaltenango,Quetzaltenango,Canal tienda,1299.82,1,PROD-002,Café molido 500 g,Alimentos,7,60.62,424.34,1160.56,139.26
GT-DEMO-000057,2026-02-09T12:25:00-06:00,2026-02-09,2026,2,emitido,GTQ,A1,7264519,"Transportes del Sur, S.A.",2,Sucursal Quetzaltenango,Quetzaltenango,Quetzaltenango,Canal tienda,1299.82,2,PROD-012,Caja regalo premium,Corporativo,1,321.98,321.98,1160.56,139.26
GT-DEMO-000057,2026-02-09T12:25:00-06:00,2026-02-09,2026,2,emitido,GTQ,A1,7264519,"Transportes del Sur, S.A.",2,Sucursal Quetzaltenango,Quetzaltenango,Quetzaltenango,Canal tienda,1299.82,3,PROD-004,Termo corporativo 500 ml,Accesorios,6,92.25,553.5,1160.56,139.26
GT-DEMO-000320,2026-02-09T17:51:00-06:00,2026-02-09,2026,2,emitido,GTQ,B1,CF,Consumidor Final,1,Sucursal Central,Guatemala,Guatemala,Canal tienda,2211.9,1,PROD-009,Suscripción mensual de café,Suscripciones,8,226.61,1812.88,1974.91,236.99
GT-DEMO-000320,2026-02-09T17:51:00-06:00,2026-02-09,2026,2,emitido,GTQ,B1,CF,Consumidor Final,1,Sucursal Central,Guatemala,Guatemala,Canal tienda,2211.9,2,PROD-007,Servicio de entrega departamental,Servicios,2,66.83,133.66,1974.91,236.99
GT-DEMO-000320,2026-02-09T17:51:00-06:00,2026-02-09,2026,2,emitido,GTQ,B1,CF,Consumidor Final,1,Sucursal Central,Guatemala,Guatemala,Canal tienda,2211.9,3,PROD-006,Servicio de entrega local,Servicios,8,33.17,265.36,1974.91,236.99
GT-DEMO-000048,2026-02-11T10:00:00-06:00,2026-02-11,2026,2,emitido,GTQ,A1,CF,Consumidor Final,1,Sucursal Central,Guatemala,Guatemala,Canal tienda,614.72,1,PROD-002,Café molido 500 g,Alimentos,6,59.35,356.1,548.86,65.86
GT-DEMO-000048,2026-02-11T10:00:00-06:00,2026-02-11,2026,2,emitido,GTQ,A1,CF,Consumidor Final,1,Sucursal Central,Guatemala,Guatemala,Canal tienda,614.72,2,PROD-006,Servicio de entrega local,Servicios,6,37.35,224.1,548.86,65.86
GT-DEMO-000048,2026-02-11T10:00:00-06:00,2026-02-11,2026,2,emitido,GTQ,A1,CF,Consumidor Final,1,Sucursal Central,Guatemala,Guatemala,Canal tienda,614.72,3,PROD-006,Servicio de entrega local,Servicios,1,34.52,34.52,548.86,65.86
GT-DEMO-000644,2026-02-11T15:14:00-06:00,2026-02-11,2026,2,emitido,GTQ,C1,4627185,"Supermercados del Valle, S.A.",4,Canal corporativo,Guatemala,Guatemala,Canal corporativo,1943.02,1,PROD-009,Suscripción mensual de café,Suscripciones,6,254.81,1528.86,1734.84,208.18
GT-DEMO-000644,2026-02-11T15:14:00-06:00,2026-02-11,2026,2,emitido,GTQ,C1,4627185,"Supermercados del Valle, S.A.",4,Canal corporativo,Guatemala,Guatemala,Canal corporativo,1943.02,2,PROD-003,Té premium caja 25 unidades,Alimentos,5,43.07,215.35,1734.84,208.18
GT-DEMO-000644,2026-02-11T15:14:00-06:00,2026-02-11,2026,2,emitido,GTQ,C1,4627185,"Supermercados del Valle, S.A.",4,Canal corporativo,Guatemala,Guatemala,Canal corporativo,1943.02,3,PROD-002,Café molido 500 g,Alimentos,3,66.27,198.81,1734.84,208.18
GT-DEMO-000067,2026-02-11T15:30:00-06:00,2026-02-11,2026,2,emitido,GTQ,A1,5973814,"Constructora Horizonte, S.A.",4,Canal corporativo,Guatemala,Guatemala,Canal corporativo,2213.33,1,PROD-012,Caja regalo premium,Corporativo,7,316.19,2213.33,1976.19,237.14
GT-DEMO-000344,2026-02-12T13:05:00-06:00,2026-02-12,2026,2,emitido,GTQ,B1,6283947,"Distribuidora del Pacífico, S.A.",1,Sucursal Central,Guatemala,Guatemala,Canal tienda,518.38,1,PROD-002,Café molido 500 g,Alimentos,5,60.56,302.8,462.84,55.54
GT-DEMO-000344,2026-02-12T13:05:00-06:00,2026-02-12,2026,2,emitido,GTQ,B1,6283947,"Distribuidora del Pacífico, S.A.",1,Sucursal Central,Guatemala,Guatemala,Canal tienda,518.38,2,PROD-006,Servicio de entrega local,Servicios,6,35.93,215.58,462.84,55.54
GT-DEMO-000667,2026-02-13T08:36:00-06:00,2026-02-13,2026,2,emitido,GTQ,C1,4627185,"Supermercados del Valle, S.A.",1,Sucursal Central,Guatemala,Guatemala,Canal tienda,1609.56,1,PROD-001,Café en grano 500 g,Alimentos,5,71.06,355.3,1437.11,172.45
GT-DEMO-000667,2026-02-13T08:36:00-06:00,2026-02-13,2026,2,emitido,GTQ,C1,4627185,"Supermercados del Valle, S.A.",1,Sucursal Central,Guatemala,Guatemala,Canal tienda,1609.56,2,PROD-008,Kit de bienvenida empresarial,Corporativo,7,179.18,1254.26,1437.11,172.45
GT-DEMO-000334,2026-02-13T10:27:00-06:00,2026-02-13,2026,2,emitido,GTQ,B1,6283947,"Distribuidora del Pacífico, S.A.",4,Canal corporativo,Guatemala,Guatemala,Canal corporativo,604.11,1,PROD-004,Termo corporativo 500 ml,Accesorios,5,95.11,475.55,539.39,64.72
GT-DEMO-000334,2026-02-13T10:27:00-06:00,2026-02-13,2026,2,emitido,GTQ,B1,6283947,"Distribuidora del Pacífico, S.A.",4,Canal corporativo,Guatemala,Guatemala,Canal corporativo,604.11,2,PROD-002,Café molido 500 g,Alimentos,2,64.28,128.56,539.39,64.72
GT-DEMO-000519,2026-02-13T15:02:00-06:00,2026-02-13,2026,2,emitido,GTQ,B3,4857291,"Comercial La Estrella, S.A.",1,Sucursal Central,Guatemala,Guatemala,Canal tienda,1669.61,1,PROD-007,Servicio de entrega departamental,Servicios,6,66.81,400.86,1490.73,178.88
GT-DEMO-000519,2026-02-13T15:02:00-06:00,2026-02-13,2026,2,emitido,GTQ,B3,4857291,"Comercial La Estrella, S.A.",1,Sucursal Central,Guatemala,Guatemala,Canal tienda,1669.61,2,PROD-010,Café descafeinado 500 g,Alimentos,7,71.74,502.18,1490.73,178.88
GT-DEMO-000519,2026-02-13T15:02:00-06:00,2026-02-13,2026,2,emitido,GTQ,B3,4857291,"Comercial La Estrella, S.A.",1,Sucursal Central,Guatemala,Guatemala,Canal tienda,1669.61,3,PROD-003,Té premium caja 25 unidades,Alimentos,3,46.11,138.33,1490.73,178.88
GT-DEMO-000519,2026-02-13T15:02:00-06:00,2026-02-13,2026,2,emitido,GTQ,B3,4857291,"Comercial La Estrella, S.A.",1,Sucursal Central,Guatemala,Guatemala,Canal tienda,1669.61,4,PROD-012,Caja regalo premium,Corporativo,2,314.12,628.24,1490.73,178.88
GT-DEMO-000579,2026-02-13T17:46:00-06:00,2026-02-13,2026,2,emitido,GTQ,B3,4627185,"Supermercados del Valle, S.A.",1,Sucursal Central,Guatemala,Guatemala,Canal tienda,642.06,1,PROD-009,Suscripción mensual de café,Suscripciones,1,242.94,242.94,573.27,68.79
GT-DEMO-000579,2026-02-13T17:46:00-06:00,2026-02-13,2026,2,emitido,GTQ,B3,4627185,"Supermercados del Valle, S.A.",1,Sucursal Central,Guatemala,Guatemala,Canal tienda,642.06,2,PROD-001,Café en grano 500 g,Alimentos,6,66.52,399.12,573.27,68.79
GT-DEMO-000502,2026-02-14T18:12:00-06:00,2026-02-14,2026,2,emitido,GTQ,B3,3561894,"Farmacias Vida, S.A.",1,Sucursal Central,Guatemala,Guatemala,Canal tienda,229.41,1,PROD-006,Servicio de entrega local,Servicios,5,34.11,170.55,204.83,24.58
GT-DEMO-000502,2026-02-14T18:12:00-06:00,2026-02-14,2026,2,emitido,GTQ,B3,3561894,"Farmacias Vida, S.A.",1,Sucursal Central,Guatemala,Guatemala,Canal tienda,229.41,2,PROD-002,Café molido 500 g,Alimentos,1,58.86,58.86,204.83,24.58
GT-DEMO-000297,2026-02-14T18:27:00-06:00,2026-02-14,2026,2,emitido,GTQ,A3,8146293,"Hotel Vista Real, S.A.",1,Sucursal Central,Guatemala,Guatemala,Canal tienda,642.75,1,PROD-001,Café en grano 500 g,Alimentos,7,67.15,470.05,573.88,68.87
GT-DEMO-000297,2026-02-14T18:27:00-06:00,2026-02-14,2026,2,emitido,GTQ,A3,8146293,"Hotel Vista Real, S.A.",1,Sucursal Central,Guatemala,Guatemala,Canal tienda,642.75,2,PROD-002,Café molido 500 g,Alimentos,1,62.33,62.33,573.88,68.87
GT-DEMO-000297,2026-02-14T18:27:00-06:00,2026-02-14,2026,2,emitido,GTQ,A3,8146293,"Hotel Vista Real, S.A.",1,Sucursal Central,Guatemala,Guatemala,Canal tienda,642.75,3,PROD-006,Servicio de entrega local,Servicios,3,36.79,110.37,573.88,68.87
GT-DEMO-000132,2026-02-14T18:31:00-06:00,2026-02-14,2026,2,emitido,GTQ,A2,9037812,"Grupo Empresarial Centroamericano, S.A.",3,Sucursal Escuintla,Escuintla,Escuintla,Canal tienda,836.33,1,PROD-005,Taza cerámica corporativa,Accesorios,7,56.99,398.93,746.73,89.6
GT-DEMO-000132,2026-02-14T18:31:00-06:00,2026-02-14,2026,2,emitido,GTQ,A2,9037812,"Grupo Empresarial Centroamericano, S.A.",3,Sucursal Escuintla,Escuintla,Escuintla,Canal tienda,836.33,2,PROD-010,Café descafeinado 500 g,Alimentos,6,72.9,437.4,746.73,89.6
GT-DEMO-000433,2026-02-15T12:34:00-06:00,2026-02-15,2026,2,emitido,GTQ,B2,CF,Consumidor Final,1,Sucursal Central,Guatemala,Guatemala,Canal tienda,643.39,1,PROD-003,Té premium caja 25 unidades,Alimentos,5,45.29,226.45,574.45,68.94
GT-DEMO-000433,2026-02-15T12:34:00-06:00,2026-02-15,2026,2,emitido,GTQ,B2,CF,Consumidor Final,1,Sucursal Central,Guatemala,Guatemala,Canal tienda,643.39,2,PROD-007,Servicio de entrega departamental,Servicios,1,69.59,69.59,574.45,68.94
GT-DEMO-000433,2026-02-15T12:34:00-06:00,2026-02-15,2026,2,emitido,GTQ,B2,CF,Consumidor Final,1,Sucursal Central,Guatemala,Guatemala,Canal tienda,643.39,3,PROD-001,Café en grano 500 g,Alimentos,5,69.47,347.35,574.45,68.94
GT-DEMO-000106,2026-02-16T08:28:00-06:00,2026-02-16,2026,2,emitido,GTQ,A2,5973814,"Constructora Horizonte, S.A.",3,Sucursal Escuintla,Escuintla,Escuintla,Canal tienda,824.8,1,PROD-002,Café molido 500 g,Alimentos,7,61.24,428.68,736.43,88.37
GT-DEMO-000106,2026-02-16T08:28:00-06:00,2026-02-16,2026,2,emitido,GTQ,A2,5973814,"Constructora Horizonte, S.A.",3,Sucursal Escuintla,Escuintla,Escuintla,Canal tienda,824.8,2,PROD-010,Café descafeinado 500 g,Alimentos,6,66.02,396.12,736.43,88.37
GT-DEMO-000477,2026-02-16T11:55:00-06:00,2026-02-16,2026,2,emitido,GTQ,B2,5973814,"Constructora Horizonte, S.A.",4,Canal corporativo,Guatemala,Guatemala,Canal corporativo,1015.27,1,PROD-011,Galletas artesanales 12 unidades,Alimentos,6,40.92,245.52,906.48,108.79
GT-DEMO-000477,2026-02-16T11:55:00-06:00,2026-02-16,2026,2,emitido,GTQ,B2,5973814,"Constructora Horizonte, S.A.",4,Canal corporativo,Guatemala,Guatemala,Canal corporativo,1015.27,2,PROD-004,Termo corporativo 500 ml,Accesorios,5,97.79,488.95,906.48,108.79
GT-DEMO-000477,2026-02-16T11:55:00-06:00,2026-02-16,2026,2,emitido,GTQ,B2,5973814,"Constructora Horizonte, S.A.",4,Canal corporativo,Guatemala,Guatemala,Canal corporativo,1015.27,3,PROD-001,Café en grano 500 g,Alimentos,4,70.2,280.8,906.48,108.79
GT-DEMO-000333,2026-02-17T09:39:00-06:00,2026-02-17,2026,2,emitido,GTQ,B1,CF,Consumidor Final,1,Sucursal Central,Guatemala,Guatemala,Canal tienda,1209.25,1,PROD-012,Caja regalo premium,Corporativo,2,313.79,627.58,1079.68,129.57
GT-DEMO-000333,2026-02-17T09:39:00-06:00,2026-02-17,2026,2,emitido,GTQ,B1,CF,Consumidor Final,1,Sucursal Central,Guatemala,Guatemala,Canal tienda,1209.25,2,PROD-001,Café en grano 500 g,Alimentos,4,64.53,258.12,1079.68,129.57
GT-DEMO-000333,2026-02-17T09:39:00-06:00,2026-02-17,2026,2,emitido,GTQ,B1,CF,Consumidor Final,1,Sucursal Central,Guatemala,Guatemala,Canal tienda,1209.25,3,PROD-001,Café en grano 500 g,Alimentos,5,64.71,323.55,1079.68,129.57
GT-DEMO-000671,2026-02-17T13:37:00-06:00,2026-02-17,2026,2,emitido,GTQ,C1,7812456,"Servicios Integrales Maya, S.A.",1,Sucursal Central,Guatemala,Guatemala,Canal tienda,1120.38,1,PROD-009,Suscripción mensual de café,Suscripciones,4,251.17,1004.68,1000.35,120.03
GT-DEMO-000671,2026-02-17T13:37:00-06:00,2026-02-17,2026,2,emitido,GTQ,C1,7812456,"Servicios Integrales Maya, S.A.",1,Sucursal Central,Guatemala,Guatemala,Canal tienda,1120.38,2,PROD-003,Té premium caja 25 unidades,Alimentos,1,47.46,47.46,1000.35,120.03
GT-DEMO-000671,2026-02-17T13:37:00-06:00,2026-02-17,2026,2,emitido,GTQ,C1,7812456,"Servicios Integrales Maya, S.A.",1,Sucursal Central,Guatemala,Guatemala,Canal tienda,1120.38,3,PROD-010,Café descafeinado 500 g,Alimentos,1,68.24,68.24,1000.35,120.03
GT-DEMO-000669,2026-02-17T14:03:00-06:00,2026-02-17,2026,2,emitido,GTQ,C1,CF,Consumidor Final,1,Sucursal Central,Guatemala,Guatemala,Canal tienda,388.54,1,PROD-003,Té premium caja 25 unidades,Alimentos,7,46.19,323.33,346.91,41.63
GT-DEMO-000669,2026-02-17T14:03:00-06:00,2026-02-17,2026,2,emitido,GTQ,C1,CF,Consumidor Final,1,Sucursal Central,Guatemala,Guatemala,Canal tienda,388.54,2,PROD-007,Servicio de entrega departamental,Servicios,1,65.21,65.21,346.91,41.63
GT-DEMO-000448,2026-02-17T17:17:00-06:00,2026-02-17,2026,2,emitido,GTQ,B2,8146293,"Hotel Vista Real, S.A.",1,Sucursal Central,Guatemala,Guatemala,Canal tienda,1116.16,1,PROD-001,Café en grano 500 g,Alimentos,8,72.59,580.72,996.57,119.59
GT-DEMO-000448,2026-02-17T17:17:00-06:00,2026-02-17,2026,2,emitido,GTQ,B2,8146293,"Hotel Vista Real, S.A.",1,Sucursal Central,Guatemala,Guatemala,Canal tienda,1116.16,2,PROD-001,Café en grano 500 g,Alimentos,8,66.93,535.44,996.57,119.59
GT-DEMO-000176,2026-02-18T17:44:00-06:00,2026-02-18,2026,2,emitido,GTQ,A2,4857291,"Comercial La Estrella, S.A.",1,Sucursal Central,Guatemala,Guatemala,Canal tienda,2516.97,1,PROD-005,Taza cerámica corporativa,Accesorios,3,56.74,170.22,2247.29,269.68
GT-DEMO-000176,2026-02-18T17:44:00-06:00,2026-02-18,2026,2,emitido,GTQ,A2,4857291,"Comercial La Estrella, S.A.",1,Sucursal Central,Guatemala,Guatemala,Canal tienda,2516.97,2,PROD-001,Café en grano 500 g,Alimentos,8,69.3,554.4,2247.29,269.68
GT-DEMO-000176,2026-02-18T17:44:00-06:00,2026-02-18,2026,2,emitido,GTQ,A2,4857291,"Comercial La Estrella, S.A.",1,Sucursal Central,Guatemala,Guatemala,Canal tienda,2516.97,3,PROD-009,Suscripción mensual de café,Suscripciones,7,256.05,1792.35,2247.29,269.68
GT-DEMO-000092,2026-02-19T16:40:00-06:00,2026-02-19,2026,2,emitido,GTQ,A1,4627185,"Supermercados del Valle, S.A.",4,Canal corporativo,Guatemala,Guatemala,Canal corporativo,1213.02,1,PROD-001,Café en grano 500 g,Alimentos,4,73.12,292.48,1083.06,129.96
GT-DEMO-000092,2026-02-19T16:40:00-06:00,2026-02-19,2026,2,emitido,GTQ,A1,4627185,"Supermercados del Valle, S.A.",4,Canal corporativo,Guatemala,Guatemala,Canal corporativo,1213.02,2,PROD-003,Té premium caja 25 unidades,Alimentos,4,42.56,170.24,1083.06,129.96
GT-DEMO-000092,2026-02-19T16:40:00-06:00,2026-02-19,2026,2,emitido,GTQ,A1,4627185,"Supermercados del Valle, S.A.",4,Canal corporativo,Guatemala,Guatemala,Canal corporativo,1213.02,3,PROD-003,Té premium caja 25 unidades,Alimentos,6,48.4,290.4,1083.06,129.96
GT-DEMO-000092,2026-02-19T16:40:00-06:00,2026-02-19,2026,2,emitido,GTQ,A1,4627185,"Supermercados del Valle, S.A.",4,Canal corporativo,Guatemala,Guatemala,Canal corporativo,1213.02,4,PROD-007,Servicio de entrega departamental,Servicios,7,65.7,459.9,1083.06,129.96
GT-DEMO-000503,2026-02-20T16:10:00-06:00,2026-02-20,2026,2,emitido,GTQ,B3,4857291,"Comercial La Estrella, S.A.",2,Sucursal Quetzaltenango,Quetzaltenango,Quetzaltenango,Canal tienda,572.24,1,PROD-001,Café en grano 500 g,Alimentos,8,71.53,572.24,510.93,61.31
GT-DEMO-000211,2026-02-21T12:20:00-06:00,2026-02-21,2026,2,emitido,GTQ,A3,8146293,"Hotel Vista Real, S.A.",3,Sucursal Escuintla,Escuintla,Escuintla,Canal tienda,377.38,1,PROD-003,Té premium caja 25 unidades,Alimentos,6,48.08,288.48,336.95,40.43
GT-DEMO-000211,2026-02-21T12:20:00-06:00,2026-02-21,2026,2,emitido,GTQ,A3,8146293,"Hotel Vista Real, S.A.",3,Sucursal Escuintla,Escuintla,Escuintla,Canal tienda,377.38,2,PROD-011,Galletas artesanales 12 unidades,Alimentos,2,44.45,88.9,336.95,40.43
GT-DEMO-000578,2026-02-21T16:47:00-06:00,2026-02-21,2026,2,emitido,GTQ,B3,5172948,"Restaurantes El Buen Sabor, S.A.",2,Sucursal Quetzaltenango,Quetzaltenango,Quetzaltenango,Canal tienda,985.46,1,PROD-011,Galletas artesanales 12 unidades,Alimentos,3,42.27,126.81,879.87,105.59
GT-DEMO-000578,2026-02-21T16:47:00-06:00,2026-02-21,2026,2,emitido,GTQ,B3,5172948,"Restaurantes El Buen Sabor, S.A.",2,Sucursal Quetzaltenango,Quetzaltenango,Quetzaltenango,Canal tienda,985.46,2,PROD-008,Kit de bienvenida empresarial,Corporativo,5,171.73,858.65,879.87,105.59
GT-DEMO-000108,2026-02-22T08:49:00-06:00,2026-02-22,2026,2,emitido,GTQ,A2,5172948,"Restaurantes El Buen Sabor, S.A.",4,Canal corporativo,Guatemala,Guatemala,Canal corporativo,590.16,1,PROD-001,Café en grano 500 g,Alimentos,3,67.14,201.42,526.93,63.23
GT-DEMO-000108,2026-02-22T08:49:00-06:00,2026-02-22,2026,2,emitido,GTQ,A2,5172948,"Restaurantes El Buen Sabor, S.A.",4,Canal corporativo,Guatemala,Guatemala,Canal corporativo,590.16,2,PROD-002,Café molido 500 g,Alimentos,6,64.79,388.74,526.93,63.23
GT-DEMO-000450,2026-02-22T08:56:00-06:00,2026-02-22,2026,2,emitido,GTQ,B2,CF,Consumidor Final,4,Canal corporativo,Guatemala,Guatemala,Canal corporativo,162.45,1,PROD-005,Taza cerámica corporativa,Accesorios,3,54.15,162.45,145.04,17.41
GT-DEMO-000699,2026-02-22T09:10:00-06:00,2026-02-22,2026,2,emitido,GTQ,C1,5172948,"Restaurantes El Buen Sabor, S.A.",3,Sucursal Escuintla,Escuintla,Escuintla,Canal tienda,878.75,1,PROD-010,Café descafeinado 500 g,Alimentos,3,74.26,222.78,784.6,94.15
GT-DEMO-000699,2026-02-22T09:10:00-06:00,2026-02-22,2026,2,emitido,GTQ,C1,5172948,"Restaurantes El Buen Sabor, S.A.",3,Sucursal Escuintla,Escuintla,Escuintla,Canal tienda,878.75,2,PROD-002,Café molido 500 g,Alimentos,3,64.54,193.62,784.6,94.15
GT-DEMO-000699,2026-02-22T09:10:00-06:00,2026-02-22,2026,2,emitido,GTQ,C1,5172948,"Restaurantes El Buen Sabor, S.A.",3,Sucursal Escuintla,Escuintla,Escuintla,Canal tienda,878.75,3,PROD-002,Café molido 500 g,Alimentos,7,66.05,462.35,784.6,94.15
GT-DEMO-000603,2026-02-22T16:27:00-06:00,2026-02-22,2026,2,emitido,GTQ,C1,CF,Consumidor Final,1,Sucursal Central,Guatemala,Guatemala,Canal tienda,2149.99,1,PROD-001,Café en grano 500 g,Alimentos,3,65.71,197.13,1919.64,230.35
GT-DEMO-000603,2026-02-22T16:27:00-06:00,2026-02-22,2026,2,emitido,GTQ,C1,CF,Consumidor Final,1,Sucursal Central,Guatemala,Guatemala,Canal tienda,2149.99,2,PROD-004,Termo corporativo 500 ml,Accesorios,6,92.7,556.2,1919.64,230.35
GT-DEMO-000603,2026-02-22T16:27:00-06:00,2026-02-22,2026,2,emitido,GTQ,C1,CF,Consumidor Final,1,Sucursal Central,Guatemala,Guatemala,Canal tienda,2149.99,3,PROD-012,Caja regalo premium,Corporativo,2,314.27,628.54,1919.64,230.35
GT-DEMO-000603,2026-02-22T16:27:00-06:00,2026-02-22,2026,2,emitido,GTQ,C1,CF,Consumidor Final,1,Sucursal Central,Guatemala,Guatemala,Canal tienda,2149.99,4,PROD-009,Suscripción mensual de café,Suscripciones,3,256.04,768.12,1919.64,230.35
GT-DEMO-000202,2026-02-23T09:10:00-06:00,2026-02-23,2026,2,emitido,GTQ,A3,4857291,"Comercial La Estrella, S.A.",1,Sucursal Central,Guatemala,Guatemala,Canal tienda,1086.62,1,PROD-008,Kit de bienvenida empresarial,Corporativo,4,186.43,745.72,970.2,116.42
GT-DEMO-000202,2026-02-23T09:10:00-06:00,2026-02-23,2026,2,emitido,GTQ,A3,4857291,"Comercial La Estrella, S.A.",1,Sucursal Central,Guatemala,Guatemala,Canal tienda,1086.62,2,PROD-001,Café en grano 500 g,Alimentos,5,68.18,340.9,970.2,116.42
GT-DEMO-000436,2026-02-23T11:31:00-06:00,2026-02-23,2026,2,emitido,GTQ,B2,7264519,"Transportes del Sur, S.A.",1,Sucursal Central,Guatemala,Guatemala,Canal tienda,787.33,1,PROD-002,Café molido 500 g,Alimentos,5,64.51,322.55,702.97,84.36
GT-DEMO-000436,2026-02-23T11:31:00-06:00,2026-02-23,2026,2,emitido,GTQ,B2,7264519,"Transportes del Sur, S.A.",1,Sucursal Central,Guatemala,Guatemala,Canal tienda,787.33,2,PROD-009,Suscripción mensual de café,Suscripciones,2,232.39,464.78,702.97,84.36
GT-DEMO-000547,2026-02-23T13:22:00-06:00,2026-02-23,2026,2,anulado,GTQ,B3,CF,Consumidor Final,1,Sucursal Central,Guatemala,Guatemala,Canal tienda,421.44,1,PROD-001,Café en grano 500 g,Alimentos,6,70.24,421.44,376.29,45.15
GT-DEMO-000691,2026-02-23T17:59:00-06:00,2026-02-23,2026,2,emitido,GTQ,C1,5172948,"Restaurantes El Buen Sabor, S.A.",2,Sucursal Quetzaltenango,Quetzaltenango,Quetzaltenango,Canal tienda,923.97,1,PROD-010,Café descafeinado 500 g,Alimentos,4,66.63,266.52,824.97,99.0
GT-DEMO-000691,2026-02-23T17:59:00-06:00,2026-02-23,2026,2,emitido,GTQ,C1,5172948,"Restaurantes El Buen Sabor, S.A.",2,Sucursal Quetzaltenango,Quetzaltenango,Quetzaltenango,Canal tienda,923.97,2,PROD-006,Servicio de entrega local,Servicios,4,33.62,134.48,824.97,99.0
GT-DEMO-000691,2026-02-23T17:59:00-06:00,2026-02-23,2026,2,emitido,GTQ,C1,5172948,"Restaurantes El Buen Sabor, S.A.",2,Sucursal Quetzaltenango,Quetzaltenango,Quetzaltenango,Canal tienda,923.97,3,PROD-005,Taza cerámica corporativa,Accesorios,7,55.55,388.85,824.97,99.0
GT-DEMO-000691,2026-02-23T17:59:00-06:00,2026-02-23,2026,2,emitido,GTQ,C1,5172948,"Restaurantes El Buen Sabor, S.A.",2,Sucursal Quetzaltenango,Quetzaltenango,Quetzaltenango,Canal tienda,923.97,4,PROD-006,Servicio de entrega local,Servicios,4,33.53,134.12,824.97,99.0
GT-DEMO-000111,2026-02-24T09:34:00-06:00,2026-02-24,2026,2,emitido,GTQ,A2,7264519,"Transportes del Sur, S.A.",1,Sucursal Central,Guatemala,Guatemala,Canal tienda,1008.41,1,PROD-010,Café descafeinado 500 g,Alimentos,4,67.62,270.48,900.37,108.04
GT-DEMO-000111,2026-02-24T09:34:00-06:00,2026-02-24,2026,2,emitido,GTQ,A2,7264519,"Transportes del Sur, S.A.",1,Sucursal Central,Guatemala,Guatemala,Canal tienda,1008.41,2,PROD-005,Taza cerámica corporativa,Accesorios,7,57.54,402.78,900.37,108.04
GT-DEMO-000111,2026-02-24T09:34:00-06:00,2026-02-24,2026,2,emitido,GTQ,A2,7264519,"Transportes del Sur, S.A.",1,Sucursal Central,Guatemala,Guatemala,Canal tienda,1008.41,3,PROD-007,Servicio de entrega departamental,Servicios,5,67.03,335.15,900.37,108.04
GT-DEMO-000233,2026-02-25T11:31:00-06:00,2026-02-25,2026,2,emitido,GTQ,A3,7492631,"Tecnología y Más, S.A.",1,Sucursal Central,Guatemala,Guatemala,Canal tienda,642.74,1,PROD-004,Termo corporativo 500 ml,Accesorios,7,91.82,642.74,573.88,68.86
GT-DEMO-000004,2026-02-25T13:12:00-06:00,2026-02-25,2026,2,emitido,GTQ,A1,7264519,"Transportes del Sur, S.A.",1,Sucursal Central,Guatemala,Guatemala,Canal tienda,249.86,1,PROD-009,Suscripción mensual de café,Suscripciones,1,249.86,249.86,223.09,26.77
GT-DEMO-000350,2026-02-25T17:52:00-06:00,2026-02-25,2026,2,emitido,GTQ,B1,5973814,"Constructora Horizonte, S.A.",3,Sucursal Escuintla,Escuintla,Escuintla,Canal tienda,604.35,1,PROD-005,Taza cerámica corporativa,Accesorios,7,53.8,376.6,539.6,64.75
GT-DEMO-000350,2026-02-25T17:52:00-06:00,2026-02-25,2026,2,emitido,GTQ,B1,5973814,"Constructora Horizonte, S.A.",3,Sucursal Escuintla,Escuintla,Escuintla,Canal tienda,604.35,2,PROD-009,Suscripción mensual de café,Suscripciones,1,227.75,227.75,539.6,64.75
GT-DEMO-000235,2026-02-27T17:02:00-06:00,2026-02-27,2026,2,emitido,GTQ,A3,CF,Consumidor Final,1,Sucursal Central,Guatemala,Guatemala,Canal tienda,1261.32,1,PROD-001,Café en grano 500 g,Alimentos,8,64.43,515.44,1126.17,135.15
GT-DEMO-000235,2026-02-27T17:02:00-06:00,2026-02-27,2026,2,emitido,GTQ,A3,CF,Consumidor Final,1,Sucursal Central,Guatemala,Guatemala,Canal tienda,1261.32,2,PROD-003,Té premium caja 25 unidades,Alimentos,8,43.9,351.2,1126.17,135.15
GT-DEMO-000235,2026-02-27T17:02:00-06:00,2026-02-27,2026,2,emitido,GTQ,A3,CF,Consumidor Final,1,Sucursal Central,Guatemala,Guatemala,Canal tienda,1261.32,3,PROD-002,Café molido 500 g,Alimentos,6,65.78,394.68,1126.17,135.15
GT-DEMO-000271,2026-02-28T10:21:00-06:00,2026-02-28,2026,2,emitido,GTQ,A3,7492631,"Tecnología y Más, S.A.",4,Canal corporativo,Guatemala,Guatemala,Canal corporativo,990.57,1,PROD-002,Café molido 500 g,Alimentos,5,66.74,333.7,884.44,106.13
GT-DEMO-000271,2026-02-28T10:21:00-06:00,2026-02-28,2026,2,emitido,GTQ,A3,7492631,"Tecnología y Más, S.A.",4,Canal corporativo,Guatemala,Guatemala,Canal corporativo,990.57,2,PROD-001,Café en grano 500 g,Alimentos,4,64.17,256.68,884.44,106.13
GT-DEMO-000271,2026-02-28T10:21:00-06:00,2026-02-28,2026,2,emitido,GTQ,A3,7492631,"Tecnología y Más, S.A.",4,Canal corporativo,Guatemala,Guatemala,Canal corporativo,990.57,3,PROD-005,Taza cerámica corporativa,Accesorios,7,57.17,400.19,884.44,106.13
GT-DEMO-000060,2026-02-28T13:19:00-06:00,2026-02-28,2026,2,emitido,GTQ,A1,6283947,"Distribuidora del Pacífico, S.A.",4,Canal corporativo,Guatemala,Guatemala,Canal corporativo,901.44,1,PROD-001,Café en grano 500 g,Alimentos,3,69.78,209.34,804.86,96.58
GT-DEMO-000060,2026-02-28T13:19:00-06:00,2026-02-28,2026,2,emitido,GTQ,A1,6283947,"Distribuidora del Pacífico, S.A.",4,Canal corporativo,Guatemala,Guatemala,Canal corporativo,901.44,2,PROD-007,Servicio de entrega departamental,Servicios,6,65.79,394.74,804.86,96.58
GT-DEMO-000060,2026-02-28T13:19:00-06:00,2026-02-28,2026,2,emitido,GTQ,A1,6283947,"Distribuidora del Pacífico, S.A.",4,Canal corporativo,Guatemala,Guatemala,Canal corporativo,901.44,3,PROD-003,Té premium caja 25 unidades,Alimentos,7,42.48,297.36,804.86,96.58
GT-DEMO-000672,2026-02-28T17:46:00-06:00,2026-02-28,2026,2,emitido,GTQ,C1,7492631,"Tecnología y Más, S.A.",2,Sucursal Quetzaltenango,Quetzaltenango,Quetzaltenango,Canal tienda,475.59,1,PROD-003,Té premium caja 25 unidades,Alimentos,5,43.43,217.15,424.63,50.96
GT-DEMO-000672,2026-02-28T17:46:00-06:00,2026-02-28,2026,2,emitido,GTQ,C1,7492631,"Tecnología y Más, S.A.",2,Sucursal Quetzaltenango,Quetzaltenango,Quetzaltenango,Canal tienda,475.59,2,PROD-006,Servicio de entrega local,Servicios,7,36.92,258.44,424.63,50.96
GT-DEMO-000027,2026-03-01T09:59:00-06:00,2026-03-01,2026,3,emitido,GTQ,A1,7264519,"Transportes del Sur, S.A.",2,Sucursal Quetzaltenango,Quetzaltenango,Quetzaltenango,Canal tienda,2110.03,1,PROD-001,Café en grano 500 g,Alimentos,5,65.09,325.45,1883.96,226.07
GT-DEMO-000027,2026-03-01T09:59:00-06:00,2026-03-01,2026,3,emitido,GTQ,A1,7264519,"Transportes del Sur, S.A.",2,Sucursal Quetzaltenango,Quetzaltenango,Quetzaltenango,Canal tienda,2110.03,2,PROD-009,Suscripción mensual de café,Suscripciones,7,233.84,1636.88,1883.96,226.07
GT-DEMO-000027,2026-03-01T09:59:00-06:00,2026-03-01,2026,3,emitido,GTQ,A1,7264519,"Transportes del Sur, S.A.",2,Sucursal Quetzaltenango,Quetzaltenango,Quetzaltenango,Canal tienda,2110.03,3,PROD-010,Café descafeinado 500 g,Alimentos,2,73.85,147.7,1883.96,226.07
GT-DEMO-000665,2026-03-01T10:49:00-06:00,2026-03-01,2026,3,emitido,GTQ,C1,7264519,"Transportes del Sur, S.A.",3,Sucursal Escuintla,Escuintla,Escuintla,Canal tienda,392.83,1,PROD-001,Café en grano 500 g,Alimentos,5,64.07,320.35,350.74,42.09
GT-DEMO-000665,2026-03-01T10:49:00-06:00,2026-03-01,2026,3,emitido,GTQ,C1,7264519,"Transportes del Sur, S.A.",3,Sucursal Escuintla,Escuintla,Escuintla,Canal tienda,392.83,2,PROD-006,Servicio de entrega local,Servicios,2,36.24,72.48,350.74,42.09
GT-DEMO-000338,2026-03-01T11:52:00-06:00,2026-03-01,2026,3,emitido,GTQ,B1,7264519,"Transportes del Sur, S.A.",4,Canal corporativo,Guatemala,Guatemala,Canal corporativo,834.59,1,PROD-001,Café en grano 500 g,Alimentos,1,64.36,64.36,745.17,89.42
GT-DEMO-000338,2026-03-01T11:52:00-06:00,2026-03-01,2026,3,emitido,GTQ,B1,7264519,"Transportes del Sur, S.A.",4,Canal corporativo,Guatemala,Guatemala,Canal corporativo,834.59,2,PROD-009,Suscripción mensual de café,Suscripciones,2,252.19,504.38,745.17,89.42
GT-DEMO-000338,2026-03-01T11:52:00-06:00,2026-03-01,2026,3,emitido,GTQ,B1,7264519,"Transportes del Sur, S.A.",4,Canal corporativo,Guatemala,Guatemala,Canal corporativo,834.59,3,PROD-005,Taza cerámica corporativa,Accesorios,5,53.17,265.85,745.17,89.42
GT-DEMO-000245,2026-03-01T16:57:00-06:00,2026-03-01,2026,3,emitido,GTQ,A3,CF,Consumidor Final,1,Sucursal Central,Guatemala,Guatemala,Canal tienda,657.44,1,PROD-001,Café en grano 500 g,Alimentos,4,65.33,261.32,587.0,70.44
GT-DEMO-000245,2026-03-01T16:57:00-06:00,2026-03-01,2026,3,emitido,GTQ,A3,CF,Consumidor Final,1,Sucursal Central,Guatemala,Guatemala,Canal tienda,657.44,2,PROD-002,Café molido 500 g,Alimentos,6,66.02,396.12,587.0,70.44
GT-DEMO-000252,2026-03-01T17:26:00-06:00,2026-03-01,2026,3,emitido,GTQ,A3,7812456,"Servicios Integrales Maya, S.A.",4,Canal corporativo,Guatemala,Guatemala,Canal corporativo,129.9,1,PROD-011,Galletas artesanales 12 unidades,Alimentos,3,43.3,129.9,115.98,13.92
GT-DEMO-000249,2026-03-02T09:17:00-06:00,2026-03-02,2026,3,emitido,GTQ,A3,4857291,"Comercial La Estrella, S.A.",3,Sucursal Escuintla,Escuintla,Escuintla,Canal tienda,337.26,1,PROD-003,Té premium caja 25 unidades,Alimentos,7,48.18,337.26,301.13,36.13
GT-DEMO-000535,2026-03-02T13:05:00-06:00,2026-03-02,2026,3,emitido,GTQ,B3,7492631,"Tecnología y Más, S.A.",3,Sucursal Escuintla,Escuintla,Escuintla,Canal tienda,1141.2,1,PROD-009,Suscripción mensual de café,Suscripciones,3,228.22,684.66,1018.93,122.27
GT-DEMO-000535,2026-03-02T13:05:00-06:00,2026-03-02,2026,3,emitido,GTQ,B3,7492631,"Tecnología y Más, S.A.",3,Sucursal Escuintla,Escuintla,Escuintla,Canal tienda,1141.2,2,PROD-001,Café en grano 500 g,Alimentos,7,65.22,456.54,1018.93,122.27
GT-DEMO-000321,2026-03-02T15:44:00-06:00,2026-03-02,2026,3,emitido,GTQ,B1,5973814,"Constructora Horizonte, S.A.",1,Sucursal Central,Guatemala,Guatemala,Canal tienda,1420.54,1,PROD-007,Servicio de entrega departamental,Servicios,6,69.66,417.96,1268.34,152.2
GT-DEMO-000321,2026-03-02T15:44:00-06:00,2026-03-02,2026,3,emitido,GTQ,B1,5973814,"Constructora Horizonte, S.A.",1,Sucursal Central,Guatemala,Guatemala,Canal tienda,1420.54,2,PROD-004,Termo corporativo 500 ml,Accesorios,8,99.08,792.64,1268.34,152.2
GT-DEMO-000321,2026-03-02T15:44:00-06:00,2026-03-02,2026,3,emitido,GTQ,B1,5973814,"Constructora Horizonte, S.A.",1,Sucursal Central,Guatemala,Guatemala,Canal tienda,1420.54,3,PROD-001,Café en grano 500 g,Alimentos,3,69.98,209.94,1268.34,152.2
GT-DEMO-000010,2026-03-02T16:01:00-06:00,2026-03-02,2026,3,emitido,GTQ,A1,5973814,"Constructora Horizonte, S.A.",1,Sucursal Central,Guatemala,Guatemala,Canal tienda,141.14,1,PROD-001,Café en grano 500 g,Alimentos,2,70.57,141.14,126.02,15.12
GT-DEMO-000304,2026-03-04T09:39:00-06:00,2026-03-04,2026,3,emitido,GTQ,B1,9037812,"Grupo Empresarial Centroamericano, S.A.",2,Sucursal Quetzaltenango,Quetzaltenango,Quetzaltenango,Canal tienda,957.35,1,PROD-011,Galletas artesanales 12 unidades,Alimentos,1,43.74,43.74,854.78,102.57
GT-DEMO-000304,2026-03-04T09:39:00-06:00,2026-03-04,2026,3,emitido,GTQ,B1,9037812,"Grupo Empresarial Centroamericano, S.A.",2,Sucursal Quetzaltenango,Quetzaltenango,Quetzaltenango,Canal tienda,957.35,2,PROD-002,Café molido 500 g,Alimentos,4,64.41,257.64,854.78,102.57
GT-DEMO-000304,2026-03-04T09:39:00-06:00,2026-03-04,2026,3,emitido,GTQ,B1,9037812,"Grupo Empresarial Centroamericano, S.A.",2,Sucursal Quetzaltenango,Quetzaltenango,Quetzaltenango,Canal tienda,957.35,3,PROD-004,Termo corporativo 500 ml,Accesorios,7,93.71,655.97,854.78,102.57
GT-DEMO-000055,2026-03-04T17:06:00-06:00,2026-03-04,2026,3,anulado,GTQ,A1,4627185,"Supermercados del Valle, S.A.",1,Sucursal Central,Guatemala,Guatemala,Canal tienda,175.32,1,PROD-011,Galletas artesanales 12 unidades,Alimentos,4,43.83,175.32,156.54,18.78
GT-DEMO-000395,2026-03-04T18:15:00-06:00,2026-03-04,2026,3,emitido,GTQ,B1,5172948,"Restaurantes El Buen Sabor, S.A.",1,Sucursal Central,Guatemala,Guatemala,Canal tienda,1820.6,1,PROD-002,Café molido 500 g,Alimentos,4,59.14,236.56,1625.54,195.06
GT-DEMO-000395,2026-03-04T18:15:00-06:00,2026-03-04,2026,3,emitido,GTQ,B1,5172948,"Restaurantes El Buen Sabor, S.A.",1,Sucursal Central,Guatemala,Guatemala,Canal tienda,1820.6,2,PROD-011,Galletas artesanales 12 unidades,Alimentos,1,43.63,43.63,1625.54,195.06
GT-DEMO-000395,2026-03-04T18:15:00-06:00,2026-03-04,2026,3,emitido,GTQ,B1,5172948,"Restaurantes El Buen Sabor, S.A.",1,Sucursal Central,Guatemala,Guatemala,Canal tienda,1820.6,3,PROD-012,Caja regalo premium,Corporativo,4,312.74,1250.96,1625.54,195.06
GT-DEMO-000395,2026-03-04T18:15:00-06:00,2026-03-04,2026,3,emitido,GTQ,B1,5172948,"Restaurantes El Buen Sabor, S.A.",1,Sucursal Central,Guatemala,Guatemala,Canal tienda,1820.6,4,PROD-011,Galletas artesanales 12 unidades,Alimentos,7,41.35,289.45,1625.54,195.06
GT-DEMO-000083,2026-03-05T09:24:00-06:00,2026-03-05,2026,3,emitido,GTQ,A1,9037812,"Grupo Empresarial Centroamericano, S.A.",3,Sucursal Escuintla,Escuintla,Escuintla,Canal tienda,248.0,1,PROD-002,Café molido 500 g,Alimentos,4,62.0,248.0,221.43,26.57
GT-DEMO-000418,2026-03-07T18:38:00-06:00,2026-03-07,2026,3,emitido,GTQ,B2,7492631,"Tecnología y Más, S.A.",2,Sucursal Quetzaltenango,Quetzaltenango,Quetzaltenango,Canal tienda,1461.32,1,PROD-011,Galletas artesanales 12 unidades,Alimentos,2,41.15,82.3,1304.75,156.57
GT-DEMO-000418,2026-03-07T18:38:00-06:00,2026-03-07,2026,3,emitido,GTQ,B2,7492631,"Tecnología y Más, S.A.",2,Sucursal Quetzaltenango,Quetzaltenango,Quetzaltenango,Canal tienda,1461.32,2,PROD-008,Kit de bienvenida empresarial,Corporativo,7,177.5,1242.5,1304.75,156.57
GT-DEMO-000418,2026-03-07T18:38:00-06:00,2026-03-07,2026,3,emitido,GTQ,B2,7492631,"Tecnología y Más, S.A.",2,Sucursal Quetzaltenango,Quetzaltenango,Quetzaltenango,Canal tienda,1461.32,3,PROD-003,Té premium caja 25 unidades,Alimentos,1,47.94,47.94,1304.75,156.57
GT-DEMO-000418,2026-03-07T18:38:00-06:00,2026-03-07,2026,3,emitido,GTQ,B2,7492631,"Tecnología y Más, S.A.",2,Sucursal Quetzaltenango,Quetzaltenango,Quetzaltenango,Canal tienda,1461.32,4,PROD-003,Té premium caja 25 unidades,Alimentos,2,44.29,88.58,1304.75,156.57
GT-DEMO-000121,2026-03-09T09:42:00-06:00,2026-03-09,2026,3,emitido,GTQ,A2,7812456,"Servicios Integrales Maya, S.A.",4,Canal corporativo,Guatemala,Guatemala,Canal corporativo,127.14,1,PROD-003,Té premium caja 25 unidades,Alimentos,3,42.38,127.14,113.52,13.62
GT-DEMO-000085,2026-03-09T11:32:00-06:00,2026-03-09,2026,3,emitido,GTQ,A1,5973814,"Constructora Horizonte, S.A.",4,Canal corporativo,Guatemala,Guatemala,Canal corporativo,210.4,1,PROD-011,Galletas artesanales 12 unidades,Alimentos,5,42.08,210.4,187.86,22.54
GT-DEMO-000522,2026-03-10T08:47:00-06:00,2026-03-10,2026,3,emitido,GTQ,B3,3561894,"Farmacias Vida, S.A.",2,Sucursal Quetzaltenango,Quetzaltenango,Quetzaltenango,Canal tienda,979.33,1,PROD-002,Café molido 500 g,Alimentos,7,60.78,425.46,874.41,104.92
GT-DEMO-000522,2026-03-10T08:47:00-06:00,2026-03-10,2026,3,emitido,GTQ,B3,3561894,"Farmacias Vida, S.A.",2,Sucursal Quetzaltenango,Quetzaltenango,Quetzaltenango,Canal tienda,979.33,2,PROD-004,Termo corporativo 500 ml,Accesorios,5,96.17,480.85,874.41,104.92
GT-DEMO-000522,2026-03-10T08:47:00-06:00,2026-03-10,2026,3,emitido,GTQ,B3,3561894,"Farmacias Vida, S.A.",2,Sucursal Quetzaltenango,Quetzaltenango,Quetzaltenango,Canal tienda,979.33,3,PROD-010,Café descafeinado 500 g,Alimentos,1,73.02,73.02,874.41,104.92
GT-DEMO-000337,2026-03-10T16:59:00-06:00,2026-03-10,2026,3,emitido,GTQ,B1,7264519,"Transportes del Sur, S.A.",1,Sucursal Central,Guatemala,Guatemala,Canal tienda,523.53,1,PROD-006,Servicio de entrega local,Servicios,2,34.93,69.86,467.44,56.09
GT-DEMO-000337,2026-03-10T16:59:00-06:00,2026-03-10,2026,3,emitido,GTQ,B1,7264519,"Transportes del Sur, S.A.",1,Sucursal Central,Guatemala,Guatemala,Canal tienda,523.53,2,PROD-007,Servicio de entrega departamental,Servicios,7,64.81,453.67,467.44,56.09
GT-DEMO-000189,2026-03-11T12:05:00-06:00,2026-03-11,2026,3,emitido,GTQ,A2,7492631,"Tecnología y Más, S.A.",4,Canal corporativo,Guatemala,Guatemala,Canal corporativo,752.68,1,PROD-001,Café en grano 500 g,Alimentos,8,72.16,577.28,672.04,80.64
GT-DEMO-000189,2026-03-11T12:05:00-06:00,2026-03-11,2026,3,emitido,GTQ,A2,7492631,"Tecnología y Más, S.A.",4,Canal corporativo,Guatemala,Guatemala,Canal corporativo,752.68,2,PROD-011,Galletas artesanales 12 unidades,Alimentos,4,43.85,175.4,672.04,80.64
GT-DEMO-000717,2026-03-11T16:10:00-06:00,2026-03-11,2026,3,emitido,GTQ,C2,5172948,"Restaurantes El Buen Sabor, S.A.",2,Sucursal Quetzaltenango,Quetzaltenango,Quetzaltenango,Canal tienda,460.86,1,PROD-003,Té premium caja 25 unidades,Alimentos,6,42.45,254.7,411.48,49.38
GT-DEMO-000717,2026-03-11T16:10:00-06:00,2026-03-11,2026,3,emitido,GTQ,C2,5172948,"Restaurantes El Buen Sabor, S.A.",2,Sucursal Quetzaltenango,Quetzaltenango,Quetzaltenango,Canal tienda,460.86,2,PROD-007,Servicio de entrega departamental,Servicios,3,68.72,206.16,411.48,49.38
GT-DEMO-000707,2026-03-11T18:04:00-06:00,2026-03-11,2026,3,emitido,GTQ,C2,5973814,"Constructora Horizonte, S.A.",3,Sucursal Escuintla,Escuintla,Escuintla,Canal tienda,705.52,1,PROD-002,Café molido 500 g,Alimentos,4,66.86,267.44,629.93,75.59
GT-DEMO-000707,2026-03-11T18:04:00-06:00,2026-03-11,2026,3,emitido,GTQ,C2,5973814,"Constructora Horizonte, S.A.",3,Sucursal Escuintla,Escuintla,Escuintla,Canal tienda,705.52,2,PROD-002,Café molido 500 g,Alimentos,4,65.98,263.92,629.93,75.59
GT-DEMO-000707,2026-03-11T18:04:00-06:00,2026-03-11,2026,3,emitido,GTQ,C2,5973814,"Constructora Horizonte, S.A.",3,Sucursal Escuintla,Escuintla,Escuintla,Canal tienda,705.52,3,PROD-003,Té premium caja 25 unidades,Alimentos,4,43.54,174.16,629.93,75.59
GT-DEMO-000470,2026-03-12T11:13:00-06:00,2026-03-12,2026,3,emitido,GTQ,B2,7812456,"Servicios Integrales Maya, S.A.",1,Sucursal Central,Guatemala,Guatemala,Canal tienda,312.49,1,PROD-011,Galletas artesanales 12 unidades,Alimentos,4,44.53,178.12,279.01,33.48
GT-DEMO-000470,2026-03-12T11:13:00-06:00,2026-03-12,2026,3,emitido,GTQ,B2,7812456,"Servicios Integrales Maya, S.A.",1,Sucursal Central,Guatemala,Guatemala,Canal tienda,312.49,2,PROD-003,Té premium caja 25 unidades,Alimentos,3,44.79,134.37,279.01,33.48
GT-DEMO-000518,2026-03-13T11:20:00-06:00,2026-03-13,2026,3,emitido,GTQ,B3,4857291,"Comercial La Estrella, S.A.",4,Canal corporativo,Guatemala,Guatemala,Canal corporativo,605.48,1,PROD-003,Té premium caja 25 unidades,Alimentos,6,46.58,279.48,540.61,64.87
GT-DEMO-000518,2026-03-13T11:20:00-06:00,2026-03-13,2026,3,emitido,GTQ,B3,4857291,"Comercial La Estrella, S.A.",4,Canal corporativo,Guatemala,Guatemala,Canal corporativo,605.48,2,PROD-011,Galletas artesanales 12 unidades,Alimentos,8,40.75,326.0,540.61,64.87
GT-DEMO-000661,2026-03-13T18:31:00-06:00,2026-03-13,2026,3,emitido,GTQ,C1,5172948,"Restaurantes El Buen Sabor, S.A.",3,Sucursal Escuintla,Escuintla,Escuintla,Canal tienda,2440.39,1,PROD-005,Taza cerámica corporativa,Accesorios,2,56.39,112.78,2178.92,261.47
GT-DEMO-000661,2026-03-13T18:31:00-06:00,2026-03-13,2026,3,emitido,GTQ,C1,5172948,"Restaurantes El Buen Sabor, S.A.",3,Sucursal Escuintla,Escuintla,Escuintla,Canal tienda,2440.39,2,PROD-009,Suscripción mensual de café,Suscripciones,7,258.69,1810.83,2178.92,261.47
GT-DEMO-000661,2026-03-13T18:31:00-06:00,2026-03-13,2026,3,emitido,GTQ,C1,5172948,"Restaurantes El Buen Sabor, S.A.",3,Sucursal Escuintla,Escuintla,Escuintla,Canal tienda,2440.39,3,PROD-011,Galletas artesanales 12 unidades,Alimentos,6,39.76,238.56,2178.92,261.47
GT-DEMO-000661,2026-03-13T18:31:00-06:00,2026-03-13,2026,3,emitido,GTQ,C1,5172948,"Restaurantes El Buen Sabor, S.A.",3,Sucursal Escuintla,Escuintla,Escuintla,Canal tienda,2440.39,4,PROD-003,Té premium caja 25 unidades,Alimentos,6,46.37,278.22,2178.92,261.47
GT-DEMO-000311,2026-03-14T12:08:00-06:00,2026-03-14,2026,3,emitido,GTQ,B1,7492631,"Tecnología y Más, S.A.",3,Sucursal Escuintla,Escuintla,Escuintla,Canal tienda,669.08,1,PROD-002,Café molido 500 g,Alimentos,6,61.43,368.58,597.39,71.69
GT-DEMO-000311,2026-03-14T12:08:00-06:00,2026-03-14,2026,3,emitido,GTQ,B1,7492631,"Tecnología y Más, S.A.",3,Sucursal Escuintla,Escuintla,Escuintla,Canal tienda,669.08,2,PROD-002,Café molido 500 g,Alimentos,5,60.1,300.5,597.39,71.69
GT-DEMO-000594,2026-03-14T13:41:00-06:00,2026-03-14,2026,3,emitido,GTQ,B3,4627185,"Supermercados del Valle, S.A.",2,Sucursal Quetzaltenango,Quetzaltenango,Quetzaltenango,Canal tienda,254.92,1,PROD-007,Servicio de entrega departamental,Servicios,4,63.73,254.92,227.61,27.31
GT-DEMO-000105,2026-03-14T18:18:00-06:00,2026-03-14,2026,3,emitido,GTQ,A2,9037812,"Grupo Empresarial Centroamericano, S.A.",1,Sucursal Central,Guatemala,Guatemala,Canal tienda,1955.18,1,PROD-009,Suscripción mensual de café,Suscripciones,7,238.82,1671.74,1745.7,209.48
GT-DEMO-000105,2026-03-14T18:18:00-06:00,2026-03-14,2026,3,emitido,GTQ,A2,9037812,"Grupo Empresarial Centroamericano, S.A.",1,Sucursal Central,Guatemala,Guatemala,Canal tienda,1955.18,2,PROD-006,Servicio de entrega local,Servicios,8,35.43,283.44,1745.7,209.48
GT-DEMO-000364,2026-03-15T13:38:00-06:00,2026-03-15,2026,3,emitido,GTQ,B1,8146293,"Hotel Vista Real, S.A.",2,Sucursal Quetzaltenango,Quetzaltenango,Quetzaltenango,Canal tienda,197.5,1,PROD-011,Galletas artesanales 12 unidades,Alimentos,5,39.5,197.5,176.34,21.16
GT-DEMO-000328,2026-03-16T16:35:00-06:00,2026-03-16,2026,3,emitido,GTQ,B1,6283947,"Distribuidora del Pacífico, S.A.",1,Sucursal Central,Guatemala,Guatemala,Canal tienda,932.9,1,PROD-004,Termo corporativo 500 ml,Accesorios,8,100.26,802.08,832.94,99.96
GT-DEMO-000328,2026-03-16T16:35:00-06:00,2026-03-16,2026,3,emitido,GTQ,B1,6283947,"Distribuidora del Pacífico, S.A.",1,Sucursal Central,Guatemala,Guatemala,Canal tienda,932.9,2,PROD-007,Servicio de entrega departamental,Servicios,2,65.41,130.82,832.94,99.96
GT-DEMO-000706,2026-03-17T18:40:00-06:00,2026-03-17,2026,3,emitido,GTQ,C2,7812456,"Servicios Integrales Maya, S.A.",3,Sucursal Escuintla,Escuintla,Escuintla,Canal tienda,379.53,1,PROD-003,Té premium caja 25 unidades,Alimentos,6,45.43,272.58,338.87,40.66
GT-DEMO-000706,2026-03-17T18:40:00-06:00,2026-03-17,2026,3,emitido,GTQ,C2,7812456,"Servicios Integrales Maya, S.A.",3,Sucursal Escuintla,Escuintla,Escuintla,Canal tienda,379.53,2,PROD-006,Servicio de entrega local,Servicios,3,35.65,106.95,338.87,40.66
GT-DEMO-000351,2026-03-18T12:37:00-06:00,2026-03-18,2026,3,anulado,GTQ,B1,6283947,"Distribuidora del Pacífico, S.A.",1,Sucursal Central,Guatemala,Guatemala,Canal tienda,536.68,1,PROD-003,Té premium caja 25 unidades,Alimentos,6,46.3,277.8,479.18,57.5
GT-DEMO-000351,2026-03-18T12:37:00-06:00,2026-03-18,2026,3,anulado,GTQ,B1,6283947,"Distribuidora del Pacífico, S.A.",1,Sucursal Central,Guatemala,Guatemala,Canal tienda,536.68,2,PROD-002,Café molido 500 g,Alimentos,4,64.72,258.88,479.18,57.5
GT-DEMO-000389,2026-03-18T14:19:00-06:00,2026-03-18,2026,3,emitido,GTQ,B1,CF,Consumidor Final,2,Sucursal Quetzaltenango,Quetzaltenango,Quetzaltenango,Canal tienda,370.73,1,PROD-001,Café en grano 500 g,Alimentos,5,67.39,336.95,331.01,39.72
GT-DEMO-000389,2026-03-18T14:19:00-06:00,2026-03-18,2026,3,emitido,GTQ,B1,CF,Consumidor Final,2,Sucursal Quetzaltenango,Quetzaltenango,Quetzaltenango,Canal tienda,370.73,2,PROD-006,Servicio de entrega local,Servicios,1,33.78,33.78,331.01,39.72
GT-DEMO-000458,2026-03-18T14:29:00-06:00,2026-03-18,2026,3,emitido,GTQ,B2,4627185,"Supermercados del Valle, S.A.",1,Sucursal Central,Guatemala,Guatemala,Canal tienda,595.52,1,PROD-010,Café descafeinado 500 g,Alimentos,5,66.59,332.95,531.72,63.8
GT-DEMO-000458,2026-03-18T14:29:00-06:00,2026-03-18,2026,3,emitido,GTQ,B2,4627185,"Supermercados del Valle, S.A.",1,Sucursal Central,Guatemala,Guatemala,Canal tienda,595.52,2,PROD-006,Servicio de entrega local,Servicios,7,37.51,262.57,531.72,63.8
GT-DEMO-000287,2026-03-18T18:23:00-06:00,2026-03-18,2026,3,emitido,GTQ,A3,7492631,"Tecnología y Más, S.A.",2,Sucursal Quetzaltenango,Quetzaltenango,Quetzaltenango,Canal tienda,462.07,1,PROD-003,Té premium caja 25 unidades,Alimentos,7,45.08,315.56,412.56,49.51
GT-DEMO-000287,2026-03-18T18:23:00-06:00,2026-03-18,2026,3,emitido,GTQ,A3,7492631,"Tecnología y Más, S.A.",2,Sucursal Quetzaltenango,Quetzaltenango,Quetzaltenango,Canal tienda,462.07,2,PROD-006,Servicio de entrega local,Servicios,3,34.83,104.49,412.56,49.51
GT-DEMO-000287,2026-03-18T18:23:00-06:00,2026-03-18,2026,3,emitido,GTQ,A3,7492631,"Tecnología y Más, S.A.",2,Sucursal Quetzaltenango,Quetzaltenango,Quetzaltenango,Canal tienda,462.07,3,PROD-011,Galletas artesanales 12 unidades,Alimentos,1,42.02,42.02,412.56,49.51
GT-DEMO-000510,2026-03-18T18:32:00-06:00,2026-03-18,2026,3,emitido,GTQ,B3,9037812,"Grupo Empresarial Centroamericano, S.A.",1,Sucursal Central,Guatemala,Guatemala,Canal tienda,2111.06,1,PROD-012,Caja regalo premium,Corporativo,7,301.58,2111.06,1884.88,226.18
GT-DEMO-000116,2026-03-19T12:00:00-06:00,2026-03-19,2026,3,emitido,GTQ,A2,8146293,"Hotel Vista Real, S.A.",1,Sucursal Central,Guatemala,Guatemala,Canal tienda,725.13,1,PROD-005,Taza cerámica corporativa,Accesorios,7,57.03,399.21,647.44,77.69
GT-DEMO-000116,2026-03-19T12:00:00-06:00,2026-03-19,2026,3,emitido,GTQ,A2,8146293,"Hotel Vista Real, S.A.",1,Sucursal Central,Guatemala,Guatemala,Canal tienda,725.13,2,PROD-003,Té premium caja 25 unidades,Alimentos,7,46.56,325.92,647.44,77.69
GT-DEMO-000171,2026-03-19T12:52:00-06:00,2026-03-19,2026,3,emitido,GTQ,A2,4857291,"Comercial La Estrella, S.A.",1,Sucursal Central,Guatemala,Guatemala,Canal tienda,236.25,1,PROD-003,Té premium caja 25 unidades,Alimentos,5,47.25,236.25,210.94,25.31
GT-DEMO-000228,2026-03-19T18:51:00-06:00,2026-03-19,2026,3,emitido,GTQ,A3,5172948,"Restaurantes El Buen Sabor, S.A.",3,Sucursal Escuintla,Escuintla,Escuintla,Canal tienda,2228.44,1,PROD-001,Café en grano 500 g,Alimentos,4,70.0,280.0,1989.68,238.76
GT-DEMO-000228,2026-03-19T18:51:00-06:00,2026-03-19,2026,3,emitido,GTQ,A3,5172948,"Restaurantes El Buen Sabor, S.A.",3,Sucursal Escuintla,Escuintla,Escuintla,Canal tienda,2228.44,2,PROD-012,Caja regalo premium,Corporativo,4,305.88,1223.52,1989.68,238.76
GT-DEMO-000228,2026-03-19T18:51:00-06:00,2026-03-19,2026,3,emitido,GTQ,A3,5172948,"Restaurantes El Buen Sabor, S.A.",3,Sucursal Escuintla,Escuintla,Escuintla,Canal tienda,2228.44,3,PROD-001,Café en grano 500 g,Alimentos,8,72.16,577.28,1989.68,238.76
GT-DEMO-000228,2026-03-19T18:51:00-06:00,2026-03-19,2026,3,emitido,GTQ,A3,5172948,"Restaurantes El Buen Sabor, S.A.",3,Sucursal Escuintla,Escuintla,Escuintla,Canal tienda,2228.44,4,PROD-006,Servicio de entrega local,Servicios,4,36.91,147.64,1989.68,238.76
GT-DEMO-000237,2026-03-20T16:17:00-06:00,2026-03-20,2026,3,emitido,GTQ,A3,9037812,"Grupo Empresarial Centroamericano, S.A.",1,Sucursal Central,Guatemala,Guatemala,Canal tienda,333.45,1,PROD-011,Galletas artesanales 12 unidades,Alimentos,1,45.25,45.25,297.72,35.73
GT-DEMO-000237,2026-03-20T16:17:00-06:00,2026-03-20,2026,3,emitido,GTQ,A3,9037812,"Grupo Empresarial Centroamericano, S.A.",1,Sucursal Central,Guatemala,Guatemala,Canal tienda,333.45,2,PROD-006,Servicio de entrega local,Servicios,2,34.0,68.0,297.72,35.73
GT-DEMO-000237,2026-03-20T16:17:00-06:00,2026-03-20,2026,3,emitido,GTQ,A3,9037812,"Grupo Empresarial Centroamericano, S.A.",1,Sucursal Central,Guatemala,Guatemala,Canal tienda,333.45,3,PROD-006,Servicio de entrega local,Servicios,6,36.7,220.2,297.72,35.73
GT-DEMO-000154,2026-03-21T09:45:00-06:00,2026-03-21,2026,3,emitido,GTQ,A2,5973814,"Constructora Horizonte, S.A.",2,Sucursal Quetzaltenango,Quetzaltenango,Quetzaltenango,Canal tienda,154.94,1,PROD-003,Té premium caja 25 unidades,Alimentos,2,44.24,88.48,138.34,16.6
GT-DEMO-000154,2026-03-21T09:45:00-06:00,2026-03-21,2026,3,emitido,GTQ,A2,5973814,"Constructora Horizonte, S.A.",2,Sucursal Quetzaltenango,Quetzaltenango,Quetzaltenango,Canal tienda,154.94,2,PROD-007,Servicio de entrega departamental,Servicios,1,66.46,66.46,138.34,16.6
GT-DEMO-000479,2026-03-22T10:43:00-06:00,2026-03-22,2026,3,emitido,GTQ,B2,5973814,"Constructora Horizonte, S.A.",3,Sucursal Escuintla,Escuintla,Escuintla,Canal tienda,352.48,1,PROD-003,Té premium caja 25 unidades,Alimentos,8,44.06,352.48,314.71,37.77
GT-DEMO-000042,2026-03-22T12:46:00-06:00,2026-03-22,2026,3,emitido,GTQ,A1,4627185,"Supermercados del Valle, S.A.",3,Sucursal Escuintla,Escuintla,Escuintla,Canal tienda,1703.64,1,PROD-009,Suscripción mensual de café,Suscripciones,6,257.01,1542.06,1521.11,182.53
GT-DEMO-000042,2026-03-22T12:46:00-06:00,2026-03-22,2026,3,emitido,GTQ,A1,4627185,"Supermercados del Valle, S.A.",3,Sucursal Escuintla,Escuintla,Escuintla,Canal tienda,1703.64,2,PROD-005,Taza cerámica corporativa,Accesorios,3,53.86,161.58,1521.11,182.53
GT-DEMO-000325,2026-03-22T15:25:00-06:00,2026-03-22,2026,3,emitido,GTQ,B1,5973814,"Constructora Horizonte, S.A.",2,Sucursal Quetzaltenango,Quetzaltenango,Quetzaltenango,Canal tienda,700.22,1,PROD-003,Té premium caja 25 unidades,Alimentos,7,46.28,323.96,625.2,75.02
GT-DEMO-000325,2026-03-22T15:25:00-06:00,2026-03-22,2026,3,emitido,GTQ,B1,5973814,"Constructora Horizonte, S.A.",2,Sucursal Quetzaltenango,Quetzaltenango,Quetzaltenango,Canal tienda,700.22,2,PROD-002,Café molido 500 g,Alimentos,6,62.71,376.26,625.2,75.02
GT-DEMO-000457,2026-03-23T10:17:00-06:00,2026-03-23,2026,3,emitido,GTQ,B2,5973814,"Constructora Horizonte, S.A.",1,Sucursal Central,Guatemala,Guatemala,Canal tienda,106.5,1,PROD-002,Café molido 500 g,Alimentos,1,64.23,64.23,95.09,11.41
GT-DEMO-000457,2026-03-23T10:17:00-06:00,2026-03-23,2026,3,emitido,GTQ,B2,5973814,"Constructora Horizonte, S.A.",1,Sucursal Central,Guatemala,Guatemala,Canal tienda,106.5,2,PROD-011,Galletas artesanales 12 unidades,Alimentos,1,42.27,42.27,95.09,11.41
GT-DEMO-000262,2026-03-23T16:06:00-06:00,2026-03-23,2026,3,emitido,GTQ,A3,8146293,"Hotel Vista Real, S.A.",2,Sucursal Quetzaltenango,Quetzaltenango,Quetzaltenango,Canal tienda,413.88,1,PROD-001,Café en grano 500 g,Alimentos,6,68.98,413.88,369.54,44.34
GT-DEMO-000556,2026-03-24T11:34:00-06:00,2026-03-24,2026,3,emitido,GTQ,B3,7812456,"Servicios Integrales Maya, S.A.",2,Sucursal Quetzaltenango,Quetzaltenango,Quetzaltenango,Canal tienda,932.02,1,PROD-009,Suscripción mensual de café,Suscripciones,3,235.59,706.77,832.16,99.86
GT-DEMO-000556,2026-03-24T11:34:00-06:00,2026-03-24,2026,3,emitido,GTQ,B3,7812456,"Servicios Integrales Maya, S.A.",2,Sucursal Quetzaltenango,Quetzaltenango,Quetzaltenango,Canal tienda,932.02,2,PROD-003,Té premium caja 25 unidades,Alimentos,5,45.05,225.25,832.16,99.86
GT-DEMO-000184,2026-03-24T14:01:00-06:00,2026-03-24,2026,3,emitido,GTQ,A2,CF,Consumidor Final,2,Sucursal Quetzaltenango,Quetzaltenango,Quetzaltenango,Canal tienda,700.23,1,PROD-009,Suscripción mensual de café,Suscripciones,3,233.41,700.23,625.21,75.02
GT-DEMO-000114,2026-03-25T16:20:00-06:00,2026-03-25,2026,3,emitido,GTQ,A2,5172948,"Restaurantes El Buen Sabor, S.A.",3,Sucursal Escuintla,Escuintla,Escuintla,Canal tienda,858.3,1,PROD-010,Café descafeinado 500 g,Alimentos,7,72.33,506.31,766.34,91.96
GT-DEMO-000114,2026-03-25T16:20:00-06:00,2026-03-25,2026,3,emitido,GTQ,A2,5172948,"Restaurantes El Buen Sabor, S.A.",3,Sucursal Escuintla,Escuintla,Escuintla,Canal tienda,858.3,2,PROD-003,Té premium caja 25 unidades,Alimentos,2,43.38,86.76,766.34,91.96
GT-DEMO-000114,2026-03-25T16:20:00-06:00,2026-03-25,2026,3,emitido,GTQ,A2,5172948,"Restaurantes El Buen Sabor, S.A.",3,Sucursal Escuintla,Escuintla,Escuintla,Canal tienda,858.3,3,PROD-005,Taza cerámica corporativa,Accesorios,4,57.43,229.72,766.34,91.96
GT-DEMO-000114,2026-03-25T16:20:00-06:00,2026-03-25,2026,3,emitido,GTQ,A2,5172948,"Restaurantes El Buen Sabor, S.A.",3,Sucursal Escuintla,Escuintla,Escuintla,Canal tienda,858.3,4,PROD-006,Servicio de entrega local,Servicios,1,35.51,35.51,766.34,91.96
GT-DEMO-000432,2026-03-27T09:22:00-06:00,2026-03-27,2026,3,emitido,GTQ,B2,4627185,"Supermercados del Valle, S.A.",4,Canal corporativo,Guatemala,Guatemala,Canal corporativo,266.65,1,PROD-005,Taza cerámica corporativa,Accesorios,5,53.33,266.65,238.08,28.57
GT-DEMO-000186,2026-03-27T16:42:00-06:00,2026-03-27,2026,3,emitido,GTQ,A2,7492631,"Tecnología y Más, S.A.",2,Sucursal Quetzaltenango,Quetzaltenango,Quetzaltenango,Canal tienda,718.36,1,PROD-002,Café molido 500 g,Alimentos,1,63.75,63.75,641.4,76.96
GT-DEMO-000186,2026-03-27T16:42:00-06:00,2026-03-27,2026,3,emitido,GTQ,A2,7492631,"Tecnología y Más, S.A.",2,Sucursal Quetzaltenango,Quetzaltenango,Quetzaltenango,Canal tienda,718.36,2,PROD-003,Té premium caja 25 unidades,Alimentos,2,42.38,84.76,641.4,76.96
GT-DEMO-000186,2026-03-27T16:42:00-06:00,2026-03-27,2026,3,emitido,GTQ,A2,7492631,"Tecnología y Más, S.A.",2,Sucursal Quetzaltenango,Quetzaltenango,Quetzaltenango,Canal tienda,718.36,3,PROD-002,Café molido 500 g,Alimentos,3,66.27,198.81,641.4,76.96
GT-DEMO-000186,2026-03-27T16:42:00-06:00,2026-03-27,2026,3,emitido,GTQ,A2,7492631,"Tecnología y Más, S.A.",2,Sucursal Quetzaltenango,Quetzaltenango,Quetzaltenango,Canal tienda,718.36,4,PROD-003,Té premium caja 25 unidades,Alimentos,8,46.38,371.04,641.4,76.96
GT-DEMO-000540,2026-03-28T14:44:00-06:00,2026-03-28,2026,3,emitido,GTQ,B3,3561894,"Farmacias Vida, S.A.",4,Canal corporativo,Guatemala,Guatemala,Canal corporativo,898.94,1,PROD-002,Café molido 500 g,Alimentos,2,59.01,118.02,802.64,96.3
GT-DEMO-000540,2026-03-28T14:44:00-06:00,2026-03-28,2026,3,emitido,GTQ,B3,3561894,"Farmacias Vida, S.A.",4,Canal corporativo,Guatemala,Guatemala,Canal corporativo,898.94,2,PROD-001,Café en grano 500 g,Alimentos,7,67.86,475.02,802.64,96.3
GT-DEMO-000540,2026-03-28T14:44:00-06:00,2026-03-28,2026,3,emitido,GTQ,B3,3561894,"Farmacias Vida, S.A.",4,Canal corporativo,Guatemala,Guatemala,Canal corporativo,898.94,3,PROD-003,Té premium caja 25 unidades,Alimentos,7,43.7,305.9,802.64,96.3
GT-DEMO-000051,2026-03-30T13:14:00-06:00,2026-03-30,2026,3,emitido,GTQ,A1,CF,Consumidor Final,2,Sucursal Quetzaltenango,Quetzaltenango,Quetzaltenango,Canal tienda,893.3,1,PROD-007,Servicio de entrega departamental,Servicios,2,65.24,130.48,797.6,95.7
GT-DEMO-000051,2026-03-30T13:14:00-06:00,2026-03-30,2026,3,emitido,GTQ,A1,CF,Consumidor Final,2,Sucursal Quetzaltenango,Quetzaltenango,Quetzaltenango,Canal tienda,893.3,2,PROD-007,Servicio de entrega departamental,Servicios,1,66.38,66.38,797.6,95.7
GT-DEMO-000051,2026-03-30T13:14:00-06:00,2026-03-30,2026,3,emitido,GTQ,A1,CF,Consumidor Final,2,Sucursal Quetzaltenango,Quetzaltenango,Quetzaltenango,Canal tienda,893.3,3,PROD-005,Taza cerámica corporativa,Accesorios,3,57.88,173.64,797.6,95.7
GT-DEMO-000051,2026-03-30T13:14:00-06:00,2026-03-30,2026,3,emitido,GTQ,A1,CF,Consumidor Final,2,Sucursal Quetzaltenango,Quetzaltenango,Quetzaltenango,Canal tienda,893.3,4,PROD-007,Servicio de entrega departamental,Servicios,8,65.35,522.8,797.6,95.7
GT-DEMO-000491,2026-03-30T16:12:00-06:00,2026-03-30,2026,3,emitido,GTQ,B2,CF,Consumidor Final,2,Sucursal Quetzaltenango,Quetzaltenango,Quetzaltenango,Canal tienda,652.72,1,PROD-006,Servicio de entrega local,Servicios,4,32.94,131.76,582.78,69.94
GT-DEMO-000491,2026-03-30T16:12:00-06:00,2026-03-30,2026,3,emitido,GTQ,B2,CF,Consumidor Final,2,Sucursal Quetzaltenango,Quetzaltenango,Quetzaltenango,Canal tienda,652.72,2,PROD-002,Café molido 500 g,Alimentos,8,65.12,520.96,582.78,69.94
GT-DEMO-000181,2026-03-31T09:45:00-06:00,2026-03-31,2026,3,emitido,GTQ,A2,CF,Consumidor Final,1,Sucursal Central,Guatemala,Guatemala,Canal tienda,391.2,1,PROD-001,Café en grano 500 g,Alimentos,6,65.2,391.2,349.29,41.91
GT-DEMO-000618,2026-04-01T08:50:00-06:00,2026-04-01,2026,4,emitido,GTQ,C1,7812456,"Servicios Integrales Maya, S.A.",1,Sucursal Central,Guatemala,Guatemala,Canal tienda,450.67,1,PROD-005,Taza cerámica corporativa,Accesorios,5,55.79,278.95,402.38,48.29
GT-DEMO-000618,2026-04-01T08:50:00-06:00,2026-04-01,2026,4,emitido,GTQ,C1,7812456,"Servicios Integrales Maya, S.A.",1,Sucursal Central,Guatemala,Guatemala,Canal tienda,450.67,2,PROD-005,Taza cerámica corporativa,Accesorios,3,57.24,171.72,402.38,48.29
GT-DEMO-000446,2026-04-01T09:53:00-06:00,2026-04-01,2026,4,emitido,GTQ,B2,3561894,"Farmacias Vida, S.A.",1,Sucursal Central,Guatemala,Guatemala,Canal tienda,1235.31,1,PROD-002,Café molido 500 g,Alimentos,7,59.14,413.98,1102.96,132.35
GT-DEMO-000446,2026-04-01T09:53:00-06:00,2026-04-01,2026,4,emitido,GTQ,B2,3561894,"Farmacias Vida, S.A.",1,Sucursal Central,Guatemala,Guatemala,Canal tienda,1235.31,2,PROD-001,Café en grano 500 g,Alimentos,8,69.16,553.28,1102.96,132.35
GT-DEMO-000446,2026-04-01T09:53:00-06:00,2026-04-01,2026,4,emitido,GTQ,B2,3561894,"Farmacias Vida, S.A.",1,Sucursal Central,Guatemala,Guatemala,Canal tienda,1235.31,3,PROD-005,Taza cerámica corporativa,Accesorios,5,53.61,268.05,1102.96,132.35
GT-DEMO-000685,2026-04-01T12:48:00-06:00,2026-04-01,2026,4,emitido,GTQ,C1,7812456,"Servicios Integrales Maya, S.A.",1,Sucursal Central,Guatemala,Guatemala,Canal tienda,871.18,1,PROD-006,Servicio de entrega local,Servicios,5,36.8,184.0,777.84,93.34
GT-DEMO-000685,2026-04-01T12:48:00-06:00,2026-04-01,2026,4,emitido,GTQ,C1,7812456,"Servicios Integrales Maya, S.A.",1,Sucursal Central,Guatemala,Guatemala,Canal tienda,871.18,2,PROD-006,Servicio de entrega local,Servicios,6,33.05,198.3,777.84,93.34
GT-DEMO-000685,2026-04-01T12:48:00-06:00,2026-04-01,2026,4,emitido,GTQ,C1,7812456,"Servicios Integrales Maya, S.A.",1,Sucursal Central,Guatemala,Guatemala,Canal tienda,871.18,3,PROD-002,Café molido 500 g,Alimentos,8,61.11,488.88,777.84,93.34
GT-DEMO-000719,2026-04-01T17:28:00-06:00,2026-04-01,2026,4,emitido,GTQ,C2,CF,Consumidor Final,4,Canal corporativo,Guatemala,Guatemala,Canal corporativo,2324.13,1,PROD-012,Caja regalo premium,Corporativo,5,331.32,1656.6,2075.12,249.01
GT-DEMO-000719,2026-04-01T17:28:00-06:00,2026-04-01,2026,4,emitido,GTQ,C2,CF,Consumidor Final,4,Canal corporativo,Guatemala,Guatemala,Canal corporativo,2324.13,2,PROD-011,Galletas artesanales 12 unidades,Alimentos,2,42.82,85.64,2075.12,249.01
GT-DEMO-000719,2026-04-01T17:28:00-06:00,2026-04-01,2026,4,emitido,GTQ,C2,CF,Consumidor Final,4,Canal corporativo,Guatemala,Guatemala,Canal corporativo,2324.13,3,PROD-002,Café molido 500 g,Alimentos,1,63.68,63.68,2075.12,249.01
GT-DEMO-000719,2026-04-01T17:28:00-06:00,2026-04-01,2026,4,emitido,GTQ,C2,CF,Consumidor Final,4,Canal corporativo,Guatemala,Guatemala,Canal corporativo,2324.13,4,PROD-010,Café descafeinado 500 g,Alimentos,7,74.03,518.21,2075.12,249.01
GT-DEMO-000568,2026-04-03T09:40:00-06:00,2026-04-03,2026,4,emitido,GTQ,B3,7492631,"Tecnología y Más, S.A.",2,Sucursal Quetzaltenango,Quetzaltenango,Quetzaltenango,Canal tienda,401.6,1,PROD-005,Taza cerámica corporativa,Accesorios,4,56.42,225.68,358.57,43.03
GT-DEMO-000568,2026-04-03T09:40:00-06:00,2026-04-03,2026,4,emitido,GTQ,B3,7492631,"Tecnología y Más, S.A.",2,Sucursal Quetzaltenango,Quetzaltenango,Quetzaltenango,Canal tienda,401.6,2,PROD-003,Té premium caja 25 unidades,Alimentos,4,43.98,175.92,358.57,43.03
GT-DEMO-000009,2026-04-03T09:55:00-06:00,2026-04-03,2026,4,emitido,GTQ,A1,7264519,"Transportes del Sur, S.A.",1,Sucursal Central,Guatemala,Guatemala,Canal tienda,668.34,1,PROD-001,Café en grano 500 g,Alimentos,5,73.39,366.95,596.73,71.61
GT-DEMO-000009,2026-04-03T09:55:00-06:00,2026-04-03,2026,4,emitido,GTQ,A1,7264519,"Transportes del Sur, S.A.",1,Sucursal Central,Guatemala,Guatemala,Canal tienda,668.34,2,PROD-012,Caja regalo premium,Corporativo,1,301.39,301.39,596.73,71.61
GT-DEMO-000588,2026-04-04T14:08:00-06:00,2026-04-04,2026,4,emitido,GTQ,B3,8146293,"Hotel Vista Real, S.A.",1,Sucursal Central,Guatemala,Guatemala,Canal tienda,422.97,1,PROD-011,Galletas artesanales 12 unidades,Alimentos,3,39.54,118.62,377.65,45.32
GT-DEMO-000588,2026-04-04T14:08:00-06:00,2026-04-04,2026,4,emitido,GTQ,B3,8146293,"Hotel Vista Real, S.A.",1,Sucursal Central,Guatemala,Guatemala,Canal tienda,422.97,2,PROD-002,Café molido 500 g,Alimentos,5,60.87,304.35,377.65,45.32
GT-DEMO-000630,2026-04-04T14:23:00-06:00,2026-04-04,2026,4,emitido,GTQ,C1,6283947,"Distribuidora del Pacífico, S.A.",2,Sucursal Quetzaltenango,Quetzaltenango,Quetzaltenango,Canal tienda,564.71,1,PROD-002,Café molido 500 g,Alimentos,8,61.7,493.6,504.2,60.51
GT-DEMO-000630,2026-04-04T14:23:00-06:00,2026-04-04,2026,4,emitido,GTQ,C1,6283947,"Distribuidora del Pacífico, S.A.",2,Sucursal Quetzaltenango,Quetzaltenango,Quetzaltenango,Canal tienda,564.71,2,PROD-001,Café en grano 500 g,Alimentos,1,71.11,71.11,504.2,60.51
GT-DEMO-000281,2026-04-04T18:43:00-06:00,2026-04-04,2026,4,emitido,GTQ,A3,5973814,"Constructora Horizonte, S.A.",2,Sucursal Quetzaltenango,Quetzaltenango,Quetzaltenango,Canal tienda,762.25,1,PROD-001,Café en grano 500 g,Alimentos,3,69.31,207.93,680.58,81.67
GT-DEMO-000281,2026-04-04T18:43:00-06:00,2026-04-04,2026,4,emitido,GTQ,A3,5973814,"Constructora Horizonte, S.A.",2,Sucursal Quetzaltenango,Quetzaltenango,Quetzaltenango,Canal tienda,762.25,2,PROD-001,Café en grano 500 g,Alimentos,8,69.29,554.32,680.58,81.67
GT-DEMO-000394,2026-04-05T08:19:00-06:00,2026-04-05,2026,4,emitido,GTQ,B1,3561894,"Farmacias Vida, S.A.",1,Sucursal Central,Guatemala,Guatemala,Canal tienda,564.76,1,PROD-001,Café en grano 500 g,Alimentos,4,71.52,286.08,504.25,60.51
GT-DEMO-000394,2026-04-05T08:19:00-06:00,2026-04-05,2026,4,emitido,GTQ,B1,3561894,"Farmacias Vida, S.A.",1,Sucursal Central,Guatemala,Guatemala,Canal tienda,564.76,2,PROD-001,Café en grano 500 g,Alimentos,4,69.67,278.68,504.25,60.51
GT-DEMO-000305,2026-04-05T14:28:00-06:00,2026-04-05,2026,4,emitido,GTQ,B1,3561894,"Farmacias Vida, S.A.",2,Sucursal Quetzaltenango,Quetzaltenango,Quetzaltenango,Canal tienda,302.65,1,PROD-002,Café molido 500 g,Alimentos,1,61.15,61.15,270.23,32.42
GT-DEMO-000305,2026-04-05T14:28:00-06:00,2026-04-05,2026,4,emitido,GTQ,B1,3561894,"Farmacias Vida, S.A.",2,Sucursal Quetzaltenango,Quetzaltenango,Quetzaltenango,Canal tienda,302.65,2,PROD-006,Servicio de entrega local,Servicios,7,34.5,241.5,270.23,32.42
GT-DEMO-000094,2026-04-07T08:23:00-06:00,2026-04-07,2026,4,emitido,GTQ,A1,7492631,"Tecnología y Más, S.A.",1,Sucursal Central,Guatemala,Guatemala,Canal tienda,947.09,1,PROD-010,Café descafeinado 500 g,Alimentos,7,70.55,493.85,845.62,101.47
GT-DEMO-000094,2026-04-07T08:23:00-06:00,2026-04-07,2026,4,emitido,GTQ,A1,7492631,"Tecnología y Más, S.A.",1,Sucursal Central,Guatemala,Guatemala,Canal tienda,947.09,2,PROD-010,Café descafeinado 500 g,Alimentos,6,75.54,453.24,845.62,101.47
GT-DEMO-000003,2026-04-07T08:58:00-06:00,2026-04-07,2026,4,emitido,GTQ,A1,7492631,"Tecnología y Más, S.A.",1,Sucursal Central,Guatemala,Guatemala,Canal tienda,587.51,1,PROD-007,Servicio de entrega departamental,Servicios,1,66.05,66.05,524.56,62.95
GT-DEMO-000003,2026-04-07T08:58:00-06:00,2026-04-07,2026,4,emitido,GTQ,A1,7492631,"Tecnología y Más, S.A.",1,Sucursal Central,Guatemala,Guatemala,Canal tienda,587.51,2,PROD-001,Café en grano 500 g,Alimentos,5,66.66,333.3,524.56,62.95
GT-DEMO-000003,2026-04-07T08:58:00-06:00,2026-04-07,2026,4,emitido,GTQ,A1,7492631,"Tecnología y Más, S.A.",1,Sucursal Central,Guatemala,Guatemala,Canal tienda,587.51,3,PROD-004,Termo corporativo 500 ml,Accesorios,2,94.08,188.16,524.56,62.95
GT-DEMO-000167,2026-04-07T09:38:00-06:00,2026-04-07,2026,4,emitido,GTQ,A2,4627185,"Supermercados del Valle, S.A.",4,Canal corporativo,Guatemala,Guatemala,Canal corporativo,278.24,1,PROD-001,Café en grano 500 g,Alimentos,4,69.56,278.24,248.43,29.81
GT-DEMO-000715,2026-04-07T18:50:00-06:00,2026-04-07,2026,4,emitido,GTQ,C2,8146293,"Hotel Vista Real, S.A.",2,Sucursal Quetzaltenango,Quetzaltenango,Quetzaltenango,Canal tienda,1125.93,1,PROD-010,Café descafeinado 500 g,Alimentos,3,72.02,216.06,1005.29,120.64
GT-DEMO-000715,2026-04-07T18:50:00-06:00,2026-04-07,2026,4,emitido,GTQ,C2,8146293,"Hotel Vista Real, S.A.",2,Sucursal Quetzaltenango,Quetzaltenango,Quetzaltenango,Canal tienda,1125.93,2,PROD-006,Servicio de entrega local,Servicios,8,34.4,275.2,1005.29,120.64
GT-DEMO-000715,2026-04-07T18:50:00-06:00,2026-04-07,2026,4,emitido,GTQ,C2,8146293,"Hotel Vista Real, S.A.",2,Sucursal Quetzaltenango,Quetzaltenango,Quetzaltenango,Canal tienda,1125.93,3,PROD-005,Taza cerámica corporativa,Accesorios,5,54.91,274.55,1005.29,120.64
GT-DEMO-000715,2026-04-07T18:50:00-06:00,2026-04-07,2026,4,emitido,GTQ,C2,8146293,"Hotel Vista Real, S.A.",2,Sucursal Quetzaltenango,Quetzaltenango,Quetzaltenango,Canal tienda,1125.93,4,PROD-004,Termo corporativo 500 ml,Accesorios,4,90.03,360.12,1005.29,120.64
GT-DEMO-000357,2026-04-08T08:55:00-06:00,2026-04-08,2026,4,emitido,GTQ,B1,6283947,"Distribuidora del Pacífico, S.A.",3,Sucursal Escuintla,Escuintla,Escuintla,Canal tienda,800.92,1,PROD-001,Café en grano 500 g,Alimentos,8,66.26,530.08,715.11,85.81
GT-DEMO-000357,2026-04-08T08:55:00-06:00,2026-04-08,2026,4,emitido,GTQ,B1,6283947,"Distribuidora del Pacífico, S.A.",3,Sucursal Escuintla,Escuintla,Escuintla,Canal tienda,800.92,2,PROD-003,Té premium caja 25 unidades,Alimentos,6,45.14,270.84,715.11,85.81
GT-DEMO-000720,2026-04-08T13:34:00-06:00,2026-04-08,2026,4,emitido,GTQ,C2,5172948,"Restaurantes El Buen Sabor, S.A.",2,Sucursal Quetzaltenango,Quetzaltenango,Quetzaltenango,Canal tienda,331.92,1,PROD-005,Taza cerámica corporativa,Accesorios,6,55.32,331.92,296.36,35.56
GT-DEMO-000274,2026-04-08T16:54:00-06:00,2026-04-08,2026,4,emitido,GTQ,A3,7264519,"Transportes del Sur, S.A.",1,Sucursal Central,Guatemala,Guatemala,Canal tienda,215.52,1,PROD-005,Taza cerámica corporativa,Accesorios,4,53.88,215.52,192.43,23.09
GT-DEMO-000713,2026-04-09T17:06:00-06:00,2026-04-09,2026,4,emitido,GTQ,C2,9037812,"Grupo Empresarial Centroamericano, S.A.",1,Sucursal Central,Guatemala,Guatemala,Canal tienda,380.72,1,PROD-005,Taza cerámica corporativa,Accesorios,1,56.22,56.22,339.93,40.79
GT-DEMO-000713,2026-04-09T17:06:00-06:00,2026-04-09,2026,4,emitido,GTQ,C2,9037812,"Grupo Empresarial Centroamericano, S.A.",1,Sucursal Central,Guatemala,Guatemala,Canal tienda,380.72,2,PROD-002,Café molido 500 g,Alimentos,5,64.9,324.5,339.93,40.79
GT-DEMO-000557,2026-04-10T13:18:00-06:00,2026-04-10,2026,4,emitido,GTQ,B3,5973814,"Constructora Horizonte, S.A.",4,Canal corporativo,Guatemala,Guatemala,Canal corporativo,795.32,1,PROD-005,Taza cerámica corporativa,Accesorios,2,53.37,106.74,710.11,85.21
GT-DEMO-000557,2026-04-10T13:18:00-06:00,2026-04-10,2026,4,emitido,GTQ,B3,5973814,"Constructora Horizonte, S.A.",4,Canal corporativo,Guatemala,Guatemala,Canal corporativo,795.32,2,PROD-004,Termo corporativo 500 ml,Accesorios,2,91.94,183.88,710.11,85.21
GT-DEMO-000557,2026-04-10T13:18:00-06:00,2026-04-10,2026,4,emitido,GTQ,B3,5973814,"Constructora Horizonte, S.A.",4,Canal corporativo,Guatemala,Guatemala,Canal corporativo,795.32,3,PROD-010,Café descafeinado 500 g,Alimentos,7,72.1,504.7,710.11,85.21
GT-DEMO-000140,2026-04-11T08:17:00-06:00,2026-04-11,2026,4,emitido,GTQ,A2,9037812,"Grupo Empresarial Centroamericano, S.A.",3,Sucursal Escuintla,Escuintla,Escuintla,Canal tienda,784.72,1,PROD-005,Taza cerámica corporativa,Accesorios,4,55.29,221.16,700.64,84.08
GT-DEMO-000140,2026-04-11T08:17:00-06:00,2026-04-11,2026,4,emitido,GTQ,A2,9037812,"Grupo Empresarial Centroamericano, S.A.",3,Sucursal Escuintla,Escuintla,Escuintla,Canal tienda,784.72,2,PROD-011,Galletas artesanales 12 unidades,Alimentos,7,45.08,315.56,700.64,84.08
GT-DEMO-000140,2026-04-11T08:17:00-06:00,2026-04-11,2026,4,emitido,GTQ,A2,9037812,"Grupo Empresarial Centroamericano, S.A.",3,Sucursal Escuintla,Escuintla,Escuintla,Canal tienda,784.72,3,PROD-002,Café molido 500 g,Alimentos,4,62.0,248.0,700.64,84.08
GT-DEMO-000599,2026-04-11T15:08:00-06:00,2026-04-11,2026,4,emitido,GTQ,B3,6283947,"Distribuidora del Pacífico, S.A.",1,Sucursal Central,Guatemala,Guatemala,Canal tienda,914.48,1,PROD-007,Servicio de entrega departamental,Servicios,6,67.08,402.48,816.5,97.98
GT-DEMO-000599,2026-04-11T15:08:00-06:00,2026-04-11,2026,4,emitido,GTQ,B3,6283947,"Distribuidora del Pacífico, S.A.",1,Sucursal Central,Guatemala,Guatemala,Canal tienda,914.48,2,PROD-007,Servicio de entrega departamental,Servicios,8,64.0,512.0,816.5,97.98
GT-DEMO-000409,2026-04-12T10:12:00-06:00,2026-04-12,2026,4,emitido,GTQ,B2,3561894,"Farmacias Vida, S.A.",1,Sucursal Central,Guatemala,Guatemala,Canal tienda,257.89,1,PROD-005,Taza cerámica corporativa,Accesorios,1,59.11,59.11,230.26,27.63
GT-DEMO-000409,2026-04-12T10:12:00-06:00,2026-04-12,2026,4,emitido,GTQ,B2,3561894,"Farmacias Vida, S.A.",1,Sucursal Central,Guatemala,Guatemala,Canal tienda,257.89,2,PROD-002,Café molido 500 g,Alimentos,3,66.26,198.78,230.26,27.63
GT-DEMO-000073,2026-04-12T12:46:00-06:00,2026-04-12,2026,4,emitido,GTQ,A1,7492631,"Tecnología y Más, S.A.",2,Sucursal Quetzaltenango,Quetzaltenango,Quetzaltenango,Canal tienda,378.18,1,PROD-001,Café en grano 500 g,Alimentos,3,65.74,197.22,337.66,40.52
GT-DEMO-000073,2026-04-12T12:46:00-06:00,2026-04-12,2026,4,emitido,GTQ,A1,7492631,"Tecnología y Más, S.A.",2,Sucursal Quetzaltenango,Quetzaltenango,Quetzaltenango,Canal tienda,378.18,2,PROD-011,Galletas artesanales 12 unidades,Alimentos,4,45.24,180.96,337.66,40.52
GT-DEMO-000656,2026-04-15T08:03:00-06:00,2026-04-15,2026,4,emitido,GTQ,C1,5172948,"Restaurantes El Buen Sabor, S.A.",1,Sucursal Central,Guatemala,Guatemala,Canal tienda,1044.35,1,PROD-004,Termo corporativo 500 ml,Accesorios,7,89.94,629.58,932.46,111.89
GT-DEMO-000656,2026-04-15T08:03:00-06:00,2026-04-15,2026,4,emitido,GTQ,C1,5172948,"Restaurantes El Buen Sabor, S.A.",1,Sucursal Central,Guatemala,Guatemala,Canal tienda,1044.35,2,PROD-010,Café descafeinado 500 g,Alimentos,5,74.08,370.4,932.46,111.89
GT-DEMO-000656,2026-04-15T08:03:00-06:00,2026-04-15,2026,4,emitido,GTQ,C1,5172948,"Restaurantes El Buen Sabor, S.A.",1,Sucursal Central,Guatemala,Guatemala,Canal tienda,1044.35,3,PROD-011,Galletas artesanales 12 unidades,Alimentos,1,44.37,44.37,932.46,111.89
GT-DEMO-000620,2026-04-15T08:40:00-06:00,2026-04-15,2026,4,emitido,GTQ,C1,CF,Consumidor Final,1,Sucursal Central,Guatemala,Guatemala,Canal tienda,2769.13,1,PROD-003,Té premium caja 25 unidades,Alimentos,5,44.15,220.75,2472.44,296.69
GT-DEMO-000620,2026-04-15T08:40:00-06:00,2026-04-15,2026,4,emitido,GTQ,C1,CF,Consumidor Final,1,Sucursal Central,Guatemala,Guatemala,Canal tienda,2769.13,2,PROD-004,Termo corporativo 500 ml,Accesorios,4,102.05,408.2,2472.44,296.69
GT-DEMO-000620,2026-04-15T08:40:00-06:00,2026-04-15,2026,4,emitido,GTQ,C1,CF,Consumidor Final,1,Sucursal Central,Guatemala,Guatemala,Canal tienda,2769.13,3,PROD-009,Suscripción mensual de café,Suscripciones,8,244.43,1955.44,2472.44,296.69
GT-DEMO-000620,2026-04-15T08:40:00-06:00,2026-04-15,2026,4,emitido,GTQ,C1,CF,Consumidor Final,1,Sucursal Central,Guatemala,Guatemala,Canal tienda,2769.13,4,PROD-002,Café molido 500 g,Alimentos,3,61.58,184.74,2472.44,296.69
GT-DEMO-000221,2026-04-15T12:06:00-06:00,2026-04-15,2026,4,emitido,GTQ,A3,7492631,"Tecnología y Más, S.A.",4,Canal corporativo,Guatemala,Guatemala,Canal corporativo,1137.28,1,PROD-004,Termo corporativo 500 ml,Accesorios,8,96.69,773.52,1015.43,121.85
GT-DEMO-000221,2026-04-15T12:06:00-06:00,2026-04-15,2026,4,emitido,GTQ,A3,7492631,"Tecnología y Más, S.A.",4,Canal corporativo,Guatemala,Guatemala,Canal corporativo,1137.28,2,PROD-003,Té premium caja 25 unidades,Alimentos,8,45.47,363.76,1015.43,121.85
GT-DEMO-000521,2026-04-16T15:40:00-06:00,2026-04-16,2026,4,emitido,GTQ,B3,CF,Consumidor Final,4,Canal corporativo,Guatemala,Guatemala,Canal corporativo,411.16,1,PROD-010,Café descafeinado 500 g,Alimentos,3,67.04,201.12,367.11,44.05
GT-DEMO-000521,2026-04-16T15:40:00-06:00,2026-04-16,2026,4,emitido,GTQ,B3,CF,Consumidor Final,4,Canal corporativo,Guatemala,Guatemala,Canal corporativo,411.16,2,PROD-005,Taza cerámica corporativa,Accesorios,4,52.51,210.04,367.11,44.05
GT-DEMO-000426,2026-04-16T16:15:00-06:00,2026-04-16,2026,4,emitido,GTQ,B2,5172948,"Restaurantes El Buen Sabor, S.A.",4,Canal corporativo,Guatemala,Guatemala,Canal corporativo,1071.9,1,PROD-011,Galletas artesanales 12 unidades,Alimentos,3,42.39,127.17,957.05,114.85
GT-DEMO-000426,2026-04-16T16:15:00-06:00,2026-04-16,2026,4,emitido,GTQ,B2,5172948,"Restaurantes El Buen Sabor, S.A.",4,Canal corporativo,Guatemala,Guatemala,Canal corporativo,1071.9,2,PROD-001,Café en grano 500 g,Alimentos,6,66.39,398.34,957.05,114.85
GT-DEMO-000426,2026-04-16T16:15:00-06:00,2026-04-16,2026,4,emitido,GTQ,B2,5172948,"Restaurantes El Buen Sabor, S.A.",4,Canal corporativo,Guatemala,Guatemala,Canal corporativo,1071.9,3,PROD-008,Kit de bienvenida empresarial,Corporativo,3,182.13,546.39,957.05,114.85
GT-DEMO-000550,2026-04-17T10:55:00-06:00,2026-04-17,2026,4,emitido,GTQ,B3,CF,Consumidor Final,1,Sucursal Central,Guatemala,Guatemala,Canal tienda,239.89,1,PROD-006,Servicio de entrega local,Servicios,7,34.27,239.89,214.19,25.7
GT-DEMO-000455,2026-04-18T18:54:00-06:00,2026-04-18,2026,4,emitido,GTQ,B2,4627185,"Supermercados del Valle, S.A.",3,Sucursal Escuintla,Escuintla,Escuintla,Canal tienda,565.36,1,PROD-011,Galletas artesanales 12 unidades,Alimentos,2,39.59,79.18,504.79,60.57
GT-DEMO-000455,2026-04-18T18:54:00-06:00,2026-04-18,2026,4,emitido,GTQ,B2,4627185,"Supermercados del Valle, S.A.",3,Sucursal Escuintla,Escuintla,Escuintla,Canal tienda,565.36,2,PROD-009,Suscripción mensual de café,Suscripciones,2,243.09,486.18,504.79,60.57
GT-DEMO-000506,2026-04-19T09:38:00-06:00,2026-04-19,2026,4,emitido,GTQ,B3,5973814,"Constructora Horizonte, S.A.",1,Sucursal Central,Guatemala,Guatemala,Canal tienda,130.28,1,PROD-001,Café en grano 500 g,Alimentos,2,65.14,130.28,116.32,13.96
GT-DEMO-000484,2026-04-19T11:14:00-06:00,2026-04-19,2026,4,emitido,GTQ,B2,9037812,"Grupo Empresarial Centroamericano, S.A.",2,Sucursal Quetzaltenango,Quetzaltenango,Quetzaltenango,Canal tienda,289.15,1,PROD-003,Té premium caja 25 unidades,Alimentos,4,47.51,190.04,258.17,30.98
GT-DEMO-000484,2026-04-19T11:14:00-06:00,2026-04-19,2026,4,emitido,GTQ,B2,9037812,"Grupo Empresarial Centroamericano, S.A.",2,Sucursal Quetzaltenango,Quetzaltenango,Quetzaltenango,Canal tienda,289.15,2,PROD-004,Termo corporativo 500 ml,Accesorios,1,99.11,99.11,258.17,30.98
GT-DEMO-000474,2026-04-19T16:42:00-06:00,2026-04-19,2026,4,emitido,GTQ,B2,CF,Consumidor Final,4,Canal corporativo,Guatemala,Guatemala,Canal corporativo,601.63,1,PROD-002,Café molido 500 g,Alimentos,7,61.79,432.53,537.17,64.46
GT-DEMO-000474,2026-04-19T16:42:00-06:00,2026-04-19,2026,4,emitido,GTQ,B2,CF,Consumidor Final,4,Canal corporativo,Guatemala,Guatemala,Canal corporativo,601.63,2,PROD-006,Servicio de entrega local,Servicios,5,33.82,169.1,537.17,64.46
GT-DEMO-000607,2026-04-20T10:04:00-06:00,2026-04-20,2026,4,emitido,GTQ,C1,CF,Consumidor Final,3,Sucursal Escuintla,Escuintla,Escuintla,Canal tienda,881.44,1,PROD-003,Té premium caja 25 unidades,Alimentos,8,46.98,375.84,787.0,94.44
GT-DEMO-000607,2026-04-20T10:04:00-06:00,2026-04-20,2026,4,emitido,GTQ,C1,CF,Consumidor Final,3,Sucursal Escuintla,Escuintla,Escuintla,Canal tienda,881.44,2,PROD-002,Café molido 500 g,Alimentos,8,63.2,505.6,787.0,94.44
GT-DEMO-000438,2026-04-20T16:49:00-06:00,2026-04-20,2026,4,emitido,GTQ,B2,5172948,"Restaurantes El Buen Sabor, S.A.",1,Sucursal Central,Guatemala,Guatemala,Canal tienda,2028.3,1,PROD-011,Galletas artesanales 12 unidades,Alimentos,7,41.21,288.47,1810.98,217.32
GT-DEMO-000438,2026-04-20T16:49:00-06:00,2026-04-20,2026,4,emitido,GTQ,B2,5172948,"Restaurantes El Buen Sabor, S.A.",1,Sucursal Central,Guatemala,Guatemala,Canal tienda,2028.3,2,PROD-004,Termo corporativo 500 ml,Accesorios,8,97.21,777.68,1810.98,217.32
GT-DEMO-000438,2026-04-20T16:49:00-06:00,2026-04-20,2026,4,emitido,GTQ,B2,5172948,"Restaurantes El Buen Sabor, S.A.",1,Sucursal Central,Guatemala,Guatemala,Canal tienda,2028.3,3,PROD-008,Kit de bienvenida empresarial,Corporativo,5,192.43,962.15,1810.98,217.32
GT-DEMO-000091,2026-04-21T17:21:00-06:00,2026-04-21,2026,4,emitido,GTQ,A1,CF,Consumidor Final,1,Sucursal Central,Guatemala,Guatemala,Canal tienda,1727.15,1,PROD-012,Caja regalo premium,Corporativo,5,345.43,1727.15,1542.1,185.05
GT-DEMO-000464,2026-04-21T18:46:00-06:00,2026-04-21,2026,4,emitido,GTQ,B2,7264519,"Transportes del Sur, S.A.",2,Sucursal Quetzaltenango,Quetzaltenango,Quetzaltenango,Canal tienda,243.92,1,PROD-002,Café molido 500 g,Alimentos,4,60.98,243.92,217.79,26.13
GT-DEMO-000172,2026-04-22T08:14:00-06:00,2026-04-22,2026,4,emitido,GTQ,A2,7264519,"Transportes del Sur, S.A.",1,Sucursal Central,Guatemala,Guatemala,Canal tienda,1422.01,1,PROD-005,Taza cerámica corporativa,Accesorios,1,55.21,55.21,1269.65,152.36
GT-DEMO-000172,2026-04-22T08:14:00-06:00,2026-04-22,2026,4,emitido,GTQ,A2,7264519,"Transportes del Sur, S.A.",1,Sucursal Central,Guatemala,Guatemala,Canal tienda,1422.01,2,PROD-012,Caja regalo premium,Corporativo,2,334.8,669.6,1269.65,152.36
GT-DEMO-000172,2026-04-22T08:14:00-06:00,2026-04-22,2026,4,emitido,GTQ,A2,7264519,"Transportes del Sur, S.A.",1,Sucursal Central,Guatemala,Guatemala,Canal tienda,1422.01,3,PROD-004,Termo corporativo 500 ml,Accesorios,5,95.92,479.6,1269.65,152.36
GT-DEMO-000172,2026-04-22T08:14:00-06:00,2026-04-22,2026,4,emitido,GTQ,A2,7264519,"Transportes del Sur, S.A.",1,Sucursal Central,Guatemala,Guatemala,Canal tienda,1422.01,4,PROD-011,Galletas artesanales 12 unidades,Alimentos,5,43.52,217.6,1269.65,152.36
GT-DEMO-000115,2026-04-22T11:03:00-06:00,2026-04-22,2026,4,emitido,GTQ,A2,8146293,"Hotel Vista Real, S.A.",1,Sucursal Central,Guatemala,Guatemala,Canal tienda,567.66,1,PROD-001,Café en grano 500 g,Alimentos,6,72.78,436.68,506.84,60.82
GT-DEMO-000115,2026-04-22T11:03:00-06:00,2026-04-22,2026,4,emitido,GTQ,A2,8146293,"Hotel Vista Real, S.A.",1,Sucursal Central,Guatemala,Guatemala,Canal tienda,567.66,2,PROD-001,Café en grano 500 g,Alimentos,2,65.49,130.98,506.84,60.82
GT-DEMO-000413,2026-04-23T14:09:00-06:00,2026-04-23,2026,4,emitido,GTQ,B2,7492631,"Tecnología y Más, S.A.",1,Sucursal Central,Guatemala,Guatemala,Canal tienda,346.35,1,PROD-001,Café en grano 500 g,Alimentos,5,69.27,346.35,309.24,37.11
GT-DEMO-000421,2026-04-23T15:34:00-06:00,2026-04-23,2026,4,emitido,GTQ,B2,7264519,"Transportes del Sur, S.A.",1,Sucursal Central,Guatemala,Guatemala,Canal tienda,392.76,1,PROD-001,Café en grano 500 g,Alimentos,3,71.35,214.05,350.68,42.08
GT-DEMO-000421,2026-04-23T15:34:00-06:00,2026-04-23,2026,4,emitido,GTQ,B2,7264519,"Transportes del Sur, S.A.",1,Sucursal Central,Guatemala,Guatemala,Canal tienda,392.76,2,PROD-002,Café molido 500 g,Alimentos,3,59.57,178.71,350.68,42.08
GT-DEMO-000069,2026-04-24T09:33:00-06:00,2026-04-24,2026,4,emitido,GTQ,A1,3561894,"Farmacias Vida, S.A.",2,Sucursal Quetzaltenango,Quetzaltenango,Quetzaltenango,Canal tienda,213.63,1,PROD-001,Café en grano 500 g,Alimentos,3,71.21,213.63,190.74,22.89
GT-DEMO-000118,2026-04-24T17:46:00-06:00,2026-04-24,2026,4,emitido,GTQ,A2,CF,Consumidor Final,1,Sucursal Central,Guatemala,Guatemala,Canal tienda,426.84,1,PROD-010,Café descafeinado 500 g,Alimentos,2,68.31,136.62,381.11,45.73
GT-DEMO-000118,2026-04-24T17:46:00-06:00,2026-04-24,2026,4,emitido,GTQ,A2,CF,Consumidor Final,1,Sucursal Central,Guatemala,Guatemala,Canal tienda,426.84,2,PROD-011,Galletas artesanales 12 unidades,Alimentos,7,41.46,290.22,381.11,45.73
GT-DEMO-000388,2026-04-25T16:36:00-06:00,2026-04-25,2026,4,emitido,GTQ,B1,CF,Consumidor Final,2,Sucursal Quetzaltenango,Quetzaltenango,Quetzaltenango,Canal tienda,271.24,1,PROD-001,Café en grano 500 g,Alimentos,4,67.81,271.24,242.18,29.06
GT-DEMO-000453,2026-04-26T12:00:00-06:00,2026-04-26,2026,4,emitido,GTQ,B2,7492631,"Tecnología y Más, S.A.",1,Sucursal Central,Guatemala,Guatemala,Canal tienda,1029.88,1,PROD-009,Suscripción mensual de café,Suscripciones,4,257.47,1029.88,919.54,110.34
GT-DEMO-000708,2026-04-26T15:11:00-06:00,2026-04-26,2026,4,anulado,GTQ,C2,3561894,"Farmacias Vida, S.A.",1,Sucursal Central,Guatemala,Guatemala,Canal tienda,1166.9,1,PROD-009,Suscripción mensual de café,Suscripciones,5,233.38,1166.9,1041.88,125.02
GT-DEMO-000465,2026-04-26T15:15:00-06:00,2026-04-26,2026,4,emitido,GTQ,B2,CF,Consumidor Final,2,Sucursal Quetzaltenango,Quetzaltenango,Quetzaltenango,Canal tienda,1604.85,1,PROD-002,Café molido 500 g,Alimentos,8,58.79,470.32,1432.91,171.94
GT-DEMO-000465,2026-04-26T15:15:00-06:00,2026-04-26,2026,4,emitido,GTQ,B2,CF,Consumidor Final,2,Sucursal Quetzaltenango,Quetzaltenango,Quetzaltenango,Canal tienda,1604.85,2,PROD-001,Café en grano 500 g,Alimentos,7,69.41,485.87,1432.91,171.94
GT-DEMO-000465,2026-04-26T15:15:00-06:00,2026-04-26,2026,4,emitido,GTQ,B2,CF,Consumidor Final,2,Sucursal Quetzaltenango,Quetzaltenango,Quetzaltenango,Canal tienda,1604.85,3,PROD-006,Servicio de entrega local,Servicios,6,35.66,213.96,1432.91,171.94
GT-DEMO-000465,2026-04-26T15:15:00-06:00,2026-04-26,2026,4,emitido,GTQ,B2,CF,Consumidor Final,2,Sucursal Quetzaltenango,Quetzaltenango,Quetzaltenango,Canal tienda,1604.85,4,PROD-002,Café molido 500 g,Alimentos,7,62.1,434.7,1432.91,171.94
GT-DEMO-000591,2026-04-28T08:23:00-06:00,2026-04-28,2026,4,emitido,GTQ,B3,7812456,"Servicios Integrales Maya, S.A.",1,Sucursal Central,Guatemala,Guatemala,Canal tienda,785.22,1,PROD-004,Termo corporativo 500 ml,Accesorios,7,90.9,636.3,701.09,84.13
GT-DEMO-000591,2026-04-28T08:23:00-06:00,2026-04-28,2026,4,emitido,GTQ,B3,7812456,"Servicios Integrales Maya, S.A.",1,Sucursal Central,Guatemala,Guatemala,Canal tienda,785.22,2,PROD-010,Café descafeinado 500 g,Alimentos,2,74.46,148.92,701.09,84.13
GT-DEMO-000632,2026-04-28T10:51:00-06:00,2026-04-28,2026,4,emitido,GTQ,C1,4857291,"Comercial La Estrella, S.A.",4,Canal corporativo,Guatemala,Guatemala,Canal corporativo,58.4,1,PROD-002,Café molido 500 g,Alimentos,1,58.4,58.4,52.14,6.26
GT-DEMO-000602,2026-04-28T12:43:00-06:00,2026-04-28,2026,4,emitido,GTQ,C1,9037812,"Grupo Empresarial Centroamericano, S.A.",2,Sucursal Quetzaltenango,Quetzaltenango,Quetzaltenango,Canal tienda,284.37,1,PROD-007,Servicio de entrega departamental,Servicios,1,68.22,68.22,253.9,30.47
GT-DEMO-000602,2026-04-28T12:43:00-06:00,2026-04-28,2026,4,emitido,GTQ,C1,9037812,"Grupo Empresarial Centroamericano, S.A.",2,Sucursal Quetzaltenango,Quetzaltenango,Quetzaltenango,Canal tienda,284.37,2,PROD-011,Galletas artesanales 12 unidades,Alimentos,5,43.23,216.15,253.9,30.47
GT-DEMO-000686,2026-04-29T08:29:00-06:00,2026-04-29,2026,4,emitido,GTQ,C1,6283947,"Distribuidora del Pacífico, S.A.",1,Sucursal Central,Guatemala,Guatemala,Canal tienda,414.54,1,PROD-005,Taza cerámica corporativa,Accesorios,7,59.22,414.54,370.13,44.41
GT-DEMO-000290,2026-04-29T09:43:00-06:00,2026-04-29,2026,4,emitido,GTQ,A3,9037812,"Grupo Empresarial Centroamericano, S.A.",2,Sucursal Quetzaltenango,Quetzaltenango,Quetzaltenango,Canal tienda,66.9,1,PROD-002,Café molido 500 g,Alimentos,1,66.9,66.9,59.73,7.17
GT-DEMO-000434,2026-04-29T16:26:00-06:00,2026-04-29,2026,4,emitido,GTQ,B2,4627185,"Supermercados del Valle, S.A.",3,Sucursal Escuintla,Escuintla,Escuintla,Canal tienda,968.6,1,PROD-009,Suscripción mensual de café,Suscripciones,4,242.15,968.6,864.82,103.78
GT-DEMO-000363,2026-04-29T18:35:00-06:00,2026-04-29,2026,4,emitido,GTQ,B1,6283947,"Distribuidora del Pacífico, S.A.",2,Sucursal Quetzaltenango,Quetzaltenango,Quetzaltenango,Canal tienda,664.87,1,PROD-010,Café descafeinado 500 g,Alimentos,7,72.55,507.85,593.64,71.23
GT-DEMO-000363,2026-04-29T18:35:00-06:00,2026-04-29,2026,4,emitido,GTQ,B1,6283947,"Distribuidora del Pacífico, S.A.",2,Sucursal Quetzaltenango,Quetzaltenango,Quetzaltenango,Canal tienda,664.87,2,PROD-005,Taza cerámica corporativa,Accesorios,3,52.34,157.02,593.64,71.23
GT-DEMO-000361,2026-04-30T17:30:00-06:00,2026-04-30,2026,4,emitido,GTQ,B1,CF,Consumidor Final,1,Sucursal Central,Guatemala,Guatemala,Canal tienda,683.64,1,PROD-007,Servicio de entrega departamental,Servicios,4,64.35,257.4,610.39,73.25
GT-DEMO-000361,2026-04-30T17:30:00-06:00,2026-04-30,2026,4,emitido,GTQ,B1,CF,Consumidor Final,1,Sucursal Central,Guatemala,Guatemala,Canal tienda,683.64,2,PROD-010,Café descafeinado 500 g,Alimentos,6,71.04,426.24,610.39,73.25
GT-DEMO-000161,2026-04-30T18:38:00-06:00,2026-04-30,2026,4,emitido,GTQ,A2,CF,Consumidor Final,4,Canal corporativo,Guatemala,Guatemala,Canal corporativo,460.11,1,PROD-001,Café en grano 500 g,Alimentos,7,65.73,460.11,410.81,49.3
GT-DEMO-000675,2026-05-01T13:13:00-06:00,2026-05-01,2026,5,emitido,GTQ,C1,4627185,"Supermercados del Valle, S.A.",2,Sucursal Quetzaltenango,Quetzaltenango,Quetzaltenango,Canal tienda,815.5,1,PROD-001,Café en grano 500 g,Alimentos,4,73.36,293.44,728.13,87.37
GT-DEMO-000675,2026-05-01T13:13:00-06:00,2026-05-01,2026,5,emitido,GTQ,C1,4627185,"Supermercados del Valle, S.A.",2,Sucursal Quetzaltenango,Quetzaltenango,Quetzaltenango,Canal tienda,815.5,2,PROD-001,Café en grano 500 g,Alimentos,1,65.38,65.38,728.13,87.37
GT-DEMO-000675,2026-05-01T13:13:00-06:00,2026-05-01,2026,5,emitido,GTQ,C1,4627185,"Supermercados del Valle, S.A.",2,Sucursal Quetzaltenango,Quetzaltenango,Quetzaltenango,Canal tienda,815.5,3,PROD-002,Café molido 500 g,Alimentos,7,65.24,456.68,728.13,87.37
GT-DEMO-000414,2026-05-02T10:51:00-06:00,2026-05-02,2026,5,emitido,GTQ,B2,CF,Consumidor Final,2,Sucursal Quetzaltenango,Quetzaltenango,Quetzaltenango,Canal tienda,1776.04,1,PROD-005,Taza cerámica corporativa,Accesorios,1,57.21,57.21,1585.75,190.29
GT-DEMO-000414,2026-05-02T10:51:00-06:00,2026-05-02,2026,5,emitido,GTQ,B2,CF,Consumidor Final,2,Sucursal Quetzaltenango,Quetzaltenango,Quetzaltenango,Canal tienda,1776.04,2,PROD-003,Té premium caja 25 unidades,Alimentos,2,47.45,94.9,1585.75,190.29
GT-DEMO-000414,2026-05-02T10:51:00-06:00,2026-05-02,2026,5,emitido,GTQ,B2,CF,Consumidor Final,2,Sucursal Quetzaltenango,Quetzaltenango,Quetzaltenango,Canal tienda,1776.04,3,PROD-009,Suscripción mensual de café,Suscripciones,7,231.99,1623.93,1585.75,190.29
GT-DEMO-000286,2026-05-02T15:25:00-06:00,2026-05-02,2026,5,anulado,GTQ,A3,3561894,"Farmacias Vida, S.A.",1,Sucursal Central,Guatemala,Guatemala,Canal tienda,881.58,1,PROD-002,Café molido 500 g,Alimentos,5,62.74,313.7,787.12,94.46
GT-DEMO-000286,2026-05-02T15:25:00-06:00,2026-05-02,2026,5,anulado,GTQ,A3,3561894,"Farmacias Vida, S.A.",1,Sucursal Central,Guatemala,Guatemala,Canal tienda,881.58,2,PROD-002,Café molido 500 g,Alimentos,4,59.47,237.88,787.12,94.46
GT-DEMO-000286,2026-05-02T15:25:00-06:00,2026-05-02,2026,5,anulado,GTQ,A3,3561894,"Farmacias Vida, S.A.",1,Sucursal Central,Guatemala,Guatemala,Canal tienda,881.58,3,PROD-002,Café molido 500 g,Alimentos,5,66.0,330.0,787.12,94.46
GT-DEMO-000270,2026-05-02T17:15:00-06:00,2026-05-02,2026,5,emitido,GTQ,A3,9037812,"Grupo Empresarial Centroamericano, S.A.",3,Sucursal Escuintla,Escuintla,Escuintla,Canal tienda,1359.54,1,PROD-003,Té premium caja 25 unidades,Alimentos,1,45.87,45.87,1213.88,145.66
GT-DEMO-000270,2026-05-02T17:15:00-06:00,2026-05-02,2026,5,emitido,GTQ,A3,9037812,"Grupo Empresarial Centroamericano, S.A.",3,Sucursal Escuintla,Escuintla,Escuintla,Canal tienda,1359.54,2,PROD-001,Café en grano 500 g,Alimentos,1,70.77,70.77,1213.88,145.66
GT-DEMO-000270,2026-05-02T17:15:00-06:00,2026-05-02,2026,5,emitido,GTQ,A3,9037812,"Grupo Empresarial Centroamericano, S.A.",3,Sucursal Escuintla,Escuintla,Escuintla,Canal tienda,1359.54,3,PROD-009,Suscripción mensual de café,Suscripciones,5,248.58,1242.9,1213.88,145.66
GT-DEMO-000056,2026-05-03T10:28:00-06:00,2026-05-03,2026,5,emitido,GTQ,A1,CF,Consumidor Final,4,Canal corporativo,Guatemala,Guatemala,Canal corporativo,740.32,1,PROD-002,Café molido 500 g,Alimentos,5,60.79,303.95,661.0,79.32
GT-DEMO-000056,2026-05-03T10:28:00-06:00,2026-05-03,2026,5,emitido,GTQ,A1,CF,Consumidor Final,4,Canal corporativo,Guatemala,Guatemala,Canal corporativo,740.32,2,PROD-002,Café molido 500 g,Alimentos,6,61.62,369.72,661.0,79.32
GT-DEMO-000056,2026-05-03T10:28:00-06:00,2026-05-03,2026,5,emitido,GTQ,A1,CF,Consumidor Final,4,Canal corporativo,Guatemala,Guatemala,Canal corporativo,740.32,3,PROD-001,Café en grano 500 g,Alimentos,1,66.65,66.65,661.0,79.32
GT-DEMO-000332,2026-05-04T15:48:00-06:00,2026-05-04,2026,5,emitido,GTQ,B1,4627185,"Supermercados del Valle, S.A.",1,Sucursal Central,Guatemala,Guatemala,Canal tienda,1370.8,1,PROD-006,Servicio de entrega local,Servicios,5,35.96,179.8,1223.94,146.86
GT-DEMO-000332,2026-05-04T15:48:00-06:00,2026-05-04,2026,5,emitido,GTQ,B1,4627185,"Supermercados del Valle, S.A.",1,Sucursal Central,Guatemala,Guatemala,Canal tienda,1370.8,2,PROD-003,Té premium caja 25 unidades,Alimentos,1,44.82,44.82,1223.94,146.86
GT-DEMO-000332,2026-05-04T15:48:00-06:00,2026-05-04,2026,5,emitido,GTQ,B1,4627185,"Supermercados del Valle, S.A.",1,Sucursal Central,Guatemala,Guatemala,Canal tienda,1370.8,3,PROD-008,Kit de bienvenida empresarial,Corporativo,6,191.03,1146.18,1223.94,146.86
GT-DEMO-000639,2026-05-05T15:23:00-06:00,2026-05-05,2026,5,emitido,GTQ,C1,CF,Consumidor Final,2,Sucursal Quetzaltenango,Quetzaltenango,Quetzaltenango,Canal tienda,85.68,1,PROD-011,Galletas artesanales 12 unidades,Alimentos,2,42.84,85.68,76.5,9.18
GT-DEMO-000451,2026-05-05T17:05:00-06:00,2026-05-05,2026,5,emitido,GTQ,B2,7812456,"Servicios Integrales Maya, S.A.",1,Sucursal Central,Guatemala,Guatemala,Canal tienda,391.32,1,PROD-001,Café en grano 500 g,Alimentos,6,65.22,391.32,349.39,41.93
GT-DEMO-000408,2026-05-05T17:27:00-06:00,2026-05-05,2026,5,emitido,GTQ,B2,CF,Consumidor Final,4,Canal corporativo,Guatemala,Guatemala,Canal corporativo,764.8,1,PROD-003,Té premium caja 25 unidades,Alimentos,8,44.85,358.8,682.86,81.94
GT-DEMO-000408,2026-05-05T17:27:00-06:00,2026-05-05,2026,5,emitido,GTQ,B2,CF,Consumidor Final,4,Canal corporativo,Guatemala,Guatemala,Canal corporativo,764.8,2,PROD-004,Termo corporativo 500 ml,Accesorios,4,101.5,406.0,682.86,81.94
GT-DEMO-000569,2026-05-07T16:00:00-06:00,2026-05-07,2026,5,emitido,GTQ,B3,CF,Consumidor Final,1,Sucursal Central,Guatemala,Guatemala,Canal tienda,492.21,1,PROD-010,Café descafeinado 500 g,Alimentos,1,69.47,69.47,439.48,52.73
GT-DEMO-000569,2026-05-07T16:00:00-06:00,2026-05-07,2026,5,emitido,GTQ,B3,CF,Consumidor Final,1,Sucursal Central,Guatemala,Guatemala,Canal tienda,492.21,2,PROD-006,Servicio de entrega local,Servicios,6,36.74,220.44,439.48,52.73
GT-DEMO-000569,2026-05-07T16:00:00-06:00,2026-05-07,2026,5,emitido,GTQ,B3,CF,Consumidor Final,1,Sucursal Central,Guatemala,Guatemala,Canal tienda,492.21,3,PROD-011,Galletas artesanales 12 unidades,Alimentos,5,40.46,202.3,439.48,52.73
GT-DEMO-000631,2026-05-08T10:11:00-06:00,2026-05-08,2026,5,emitido,GTQ,C1,7812456,"Servicios Integrales Maya, S.A.",1,Sucursal Central,Guatemala,Guatemala,Canal tienda,652.52,1,PROD-001,Café en grano 500 g,Alimentos,8,65.41,523.28,582.6,69.92
GT-DEMO-000631,2026-05-08T10:11:00-06:00,2026-05-08,2026,5,emitido,GTQ,C1,7812456,"Servicios Integrales Maya, S.A.",1,Sucursal Central,Guatemala,Guatemala,Canal tienda,652.52,2,PROD-001,Café en grano 500 g,Alimentos,2,64.62,129.24,582.6,69.92
GT-DEMO-000548,2026-05-08T11:59:00-06:00,2026-05-08,2026,5,emitido,GTQ,B3,5973814,"Constructora Horizonte, S.A.",4,Canal corporativo,Guatemala,Guatemala,Canal corporativo,558.81,1,PROD-007,Servicio de entrega departamental,Servicios,6,63.31,379.86,498.94,59.87
GT-DEMO-000548,2026-05-08T11:59:00-06:00,2026-05-08,2026,5,emitido,GTQ,B3,5973814,"Constructora Horizonte, S.A.",4,Canal corporativo,Guatemala,Guatemala,Canal corporativo,558.81,2,PROD-002,Café molido 500 g,Alimentos,3,59.65,178.95,498.94,59.87
GT-DEMO-000417,2026-05-08T12:00:00-06:00,2026-05-08,2026,5,emitido,GTQ,B2,8146293,"Hotel Vista Real, S.A.",1,Sucursal Central,Guatemala,Guatemala,Canal tienda,387.4,1,PROD-008,Kit de bienvenida empresarial,Corporativo,2,193.7,387.4,345.89,41.51
GT-DEMO-000572,2026-05-08T12:37:00-06:00,2026-05-08,2026,5,emitido,GTQ,B3,4857291,"Comercial La Estrella, S.A.",1,Sucursal Central,Guatemala,Guatemala,Canal tienda,873.48,1,PROD-002,Café molido 500 g,Alimentos,1,64.86,64.86,779.89,93.59
GT-DEMO-000572,2026-05-08T12:37:00-06:00,2026-05-08,2026,5,emitido,GTQ,B3,4857291,"Comercial La Estrella, S.A.",1,Sucursal Central,Guatemala,Guatemala,Canal tienda,873.48,2,PROD-007,Servicio de entrega departamental,Servicios,6,69.0,414.0,779.89,93.59
GT-DEMO-000572,2026-05-08T12:37:00-06:00,2026-05-08,2026,5,emitido,GTQ,B3,4857291,"Comercial La Estrella, S.A.",1,Sucursal Central,Guatemala,Guatemala,Canal tienda,873.48,3,PROD-007,Servicio de entrega departamental,Servicios,6,65.77,394.62,779.89,93.59
GT-DEMO-000444,2026-05-08T16:35:00-06:00,2026-05-08,2026,5,emitido,GTQ,B2,3561894,"Farmacias Vida, S.A.",1,Sucursal Central,Guatemala,Guatemala,Canal tienda,1275.75,1,PROD-007,Servicio de entrega departamental,Servicios,5,64.53,322.65,1139.06,136.69
GT-DEMO-000444,2026-05-08T16:35:00-06:00,2026-05-08,2026,5,emitido,GTQ,B2,3561894,"Farmacias Vida, S.A.",1,Sucursal Central,Guatemala,Guatemala,Canal tienda,1275.75,2,PROD-012,Caja regalo premium,Corporativo,3,317.7,953.1,1139.06,136.69
GT-DEMO-000197,2026-05-09T10:50:00-06:00,2026-05-09,2026,5,emitido,GTQ,A2,3561894,"Farmacias Vida, S.A.",1,Sucursal Central,Guatemala,Guatemala,Canal tienda,263.53,1,PROD-006,Servicio de entrega local,Servicios,5,37.63,188.15,235.29,28.24
GT-DEMO-000197,2026-05-09T10:50:00-06:00,2026-05-09,2026,5,emitido,GTQ,A2,3561894,"Farmacias Vida, S.A.",1,Sucursal Central,Guatemala,Guatemala,Canal tienda,263.53,2,PROD-010,Café descafeinado 500 g,Alimentos,1,75.38,75.38,235.29,28.24
GT-DEMO-000257,2026-05-09T18:44:00-06:00,2026-05-09,2026,5,emitido,GTQ,A3,7492631,"Tecnología y Más, S.A.",3,Sucursal Escuintla,Escuintla,Escuintla,Canal tienda,1263.55,1,PROD-012,Caja regalo premium,Corporativo,1,339.51,339.51,1128.17,135.38
GT-DEMO-000257,2026-05-09T18:44:00-06:00,2026-05-09,2026,5,emitido,GTQ,A3,7492631,"Tecnología y Más, S.A.",3,Sucursal Escuintla,Escuintla,Escuintla,Canal tienda,1263.55,2,PROD-001,Café en grano 500 g,Alimentos,8,68.58,548.64,1128.17,135.38
GT-DEMO-000257,2026-05-09T18:44:00-06:00,2026-05-09,2026,5,emitido,GTQ,A3,7492631,"Tecnología y Más, S.A.",3,Sucursal Escuintla,Escuintla,Escuintla,Canal tienda,1263.55,3,PROD-004,Termo corporativo 500 ml,Accesorios,4,93.85,375.4,1128.17,135.38
GT-DEMO-000234,2026-05-10T15:11:00-06:00,2026-05-10,2026,5,emitido,GTQ,A3,4857291,"Comercial La Estrella, S.A.",1,Sucursal Central,Guatemala,Guatemala,Canal tienda,244.33,1,PROD-006,Servicio de entrega local,Servicios,3,34.31,102.93,218.15,26.18
GT-DEMO-000234,2026-05-10T15:11:00-06:00,2026-05-10,2026,5,emitido,GTQ,A3,4857291,"Comercial La Estrella, S.A.",1,Sucursal Central,Guatemala,Guatemala,Canal tienda,244.33,2,PROD-006,Servicio de entrega local,Servicios,4,35.35,141.4,218.15,26.18
GT-DEMO-000512,2026-05-11T15:54:00-06:00,2026-05-11,2026,5,emitido,GTQ,B3,CF,Consumidor Final,2,Sucursal Quetzaltenango,Quetzaltenango,Quetzaltenango,Canal tienda,1042.18,1,PROD-002,Café molido 500 g,Alimentos,4,62.61,250.44,930.52,111.66
GT-DEMO-000512,2026-05-11T15:54:00-06:00,2026-05-11,2026,5,emitido,GTQ,B3,CF,Consumidor Final,2,Sucursal Quetzaltenango,Quetzaltenango,Quetzaltenango,Canal tienda,1042.18,2,PROD-008,Kit de bienvenida empresarial,Corporativo,4,180.92,723.68,930.52,111.66
GT-DEMO-000512,2026-05-11T15:54:00-06:00,2026-05-11,2026,5,emitido,GTQ,B3,CF,Consumidor Final,2,Sucursal Quetzaltenango,Quetzaltenango,Quetzaltenango,Canal tienda,1042.18,3,PROD-006,Servicio de entrega local,Servicios,2,34.03,68.06,930.52,111.66
GT-DEMO-000024,2026-05-12T09:45:00-06:00,2026-05-12,2026,5,emitido,GTQ,A1,CF,Consumidor Final,2,Sucursal Quetzaltenango,Quetzaltenango,Quetzaltenango,Canal tienda,343.45,1,PROD-001,Café en grano 500 g,Alimentos,5,68.69,343.45,306.65,36.8
GT-DEMO-000071,2026-05-12T14:56:00-06:00,2026-05-12,2026,5,emitido,GTQ,A1,4627185,"Supermercados del Valle, S.A.",2,Sucursal Quetzaltenango,Quetzaltenango,Quetzaltenango,Canal tienda,691.13,1,PROD-001,Café en grano 500 g,Alimentos,1,71.73,71.73,617.08,74.05
GT-DEMO-000071,2026-05-12T14:56:00-06:00,2026-05-12,2026,5,emitido,GTQ,A1,4627185,"Supermercados del Valle, S.A.",2,Sucursal Quetzaltenango,Quetzaltenango,Quetzaltenango,Canal tienda,691.13,2,PROD-011,Galletas artesanales 12 unidades,Alimentos,5,40.42,202.1,617.08,74.05
GT-DEMO-000071,2026-05-12T14:56:00-06:00,2026-05-12,2026,5,emitido,GTQ,A1,4627185,"Supermercados del Valle, S.A.",2,Sucursal Quetzaltenango,Quetzaltenango,Quetzaltenango,Canal tienda,691.13,3,PROD-001,Café en grano 500 g,Alimentos,6,69.55,417.3,617.08,74.05
GT-DEMO-000627,2026-05-12T18:20:00-06:00,2026-05-12,2026,5,emitido,GTQ,C1,8146293,"Hotel Vista Real, S.A.",1,Sucursal Central,Guatemala,Guatemala,Canal tienda,1027.94,1,PROD-005,Taza cerámica corporativa,Accesorios,6,52.33,313.98,917.81,110.13
GT-DEMO-000627,2026-05-12T18:20:00-06:00,2026-05-12,2026,5,emitido,GTQ,C1,8146293,"Hotel Vista Real, S.A.",1,Sucursal Central,Guatemala,Guatemala,Canal tienda,1027.94,2,PROD-002,Café molido 500 g,Alimentos,4,61.37,245.48,917.81,110.13
GT-DEMO-000627,2026-05-12T18:20:00-06:00,2026-05-12,2026,5,emitido,GTQ,C1,8146293,"Hotel Vista Real, S.A.",1,Sucursal Central,Guatemala,Guatemala,Canal tienda,1027.94,3,PROD-005,Taza cerámica corporativa,Accesorios,8,58.56,468.48,917.81,110.13
GT-DEMO-000405,2026-05-13T08:50:00-06:00,2026-05-13,2026,5,emitido,GTQ,B2,CF,Consumidor Final,1,Sucursal Central,Guatemala,Guatemala,Canal tienda,332.85,1,PROD-001,Café en grano 500 g,Alimentos,3,70.15,210.45,297.19,35.66
GT-DEMO-000405,2026-05-13T08:50:00-06:00,2026-05-13,2026,5,emitido,GTQ,B2,CF,Consumidor Final,1,Sucursal Central,Guatemala,Guatemala,Canal tienda,332.85,2,PROD-002,Café molido 500 g,Alimentos,2,61.2,122.4,297.19,35.66
GT-DEMO-000199,2026-05-13T08:57:00-06:00,2026-05-13,2026,5,emitido,GTQ,A2,7264519,"Transportes del Sur, S.A.",1,Sucursal Central,Guatemala,Guatemala,Canal tienda,307.51,1,PROD-003,Té premium caja 25 unidades,Alimentos,7,43.93,307.51,274.56,32.95
GT-DEMO-000650,2026-05-13T09:06:00-06:00,2026-05-13,2026,5,emitido,GTQ,C1,CF,Consumidor Final,3,Sucursal Escuintla,Escuintla,Escuintla,Canal tienda,226.02,1,PROD-006,Servicio de entrega local,Servicios,6,37.67,226.02,201.8,24.22
GT-DEMO-000017,2026-05-13T11:52:00-06:00,2026-05-13,2026,5,emitido,GTQ,A1,9037812,"Grupo Empresarial Centroamericano, S.A.",3,Sucursal Escuintla,Escuintla,Escuintla,Canal tienda,444.06,1,PROD-001,Café en grano 500 g,Alimentos,2,65.73,131.46,396.49,47.57
GT-DEMO-000017,2026-05-13T11:52:00-06:00,2026-05-13,2026,5,emitido,GTQ,A1,9037812,"Grupo Empresarial Centroamericano, S.A.",3,Sucursal Escuintla,Escuintla,Escuintla,Canal tienda,444.06,2,PROD-003,Té premium caja 25 unidades,Alimentos,4,45.13,180.52,396.49,47.57
GT-DEMO-000017,2026-05-13T11:52:00-06:00,2026-05-13,2026,5,emitido,GTQ,A1,9037812,"Grupo Empresarial Centroamericano, S.A.",3,Sucursal Escuintla,Escuintla,Escuintla,Canal tienda,444.06,3,PROD-006,Servicio de entrega local,Servicios,4,33.02,132.08,396.49,47.57
GT-DEMO-000596,2026-05-13T12:45:00-06:00,2026-05-13,2026,5,emitido,GTQ,B3,9037812,"Grupo Empresarial Centroamericano, S.A.",4,Canal corporativo,Guatemala,Guatemala,Canal corporativo,2483.61,1,PROD-012,Caja regalo premium,Corporativo,7,332.98,2330.86,2217.51,266.1
GT-DEMO-000596,2026-05-13T12:45:00-06:00,2026-05-13,2026,5,emitido,GTQ,B3,9037812,"Grupo Empresarial Centroamericano, S.A.",4,Canal corporativo,Guatemala,Guatemala,Canal corporativo,2483.61,2,PROD-006,Servicio de entrega local,Servicios,3,36.77,110.31,2217.51,266.1
GT-DEMO-000596,2026-05-13T12:45:00-06:00,2026-05-13,2026,5,emitido,GTQ,B3,9037812,"Grupo Empresarial Centroamericano, S.A.",4,Canal corporativo,Guatemala,Guatemala,Canal corporativo,2483.61,3,PROD-003,Té premium caja 25 unidades,Alimentos,1,42.44,42.44,2217.51,266.1
GT-DEMO-000150,2026-05-13T14:19:00-06:00,2026-05-13,2026,5,emitido,GTQ,A2,CF,Consumidor Final,2,Sucursal Quetzaltenango,Quetzaltenango,Quetzaltenango,Canal tienda,805.35,1,PROD-002,Café molido 500 g,Alimentos,6,62.86,377.16,719.06,86.29
GT-DEMO-000150,2026-05-13T14:19:00-06:00,2026-05-13,2026,5,emitido,GTQ,A2,CF,Consumidor Final,2,Sucursal Quetzaltenango,Quetzaltenango,Quetzaltenango,Canal tienda,805.35,2,PROD-007,Servicio de entrega departamental,Servicios,7,61.17,428.19,719.06,86.29
GT-DEMO-000222,2026-05-13T16:47:00-06:00,2026-05-13,2026,5,emitido,GTQ,A3,7492631,"Tecnología y Más, S.A.",2,Sucursal Quetzaltenango,Quetzaltenango,Quetzaltenango,Canal tienda,578.91,1,PROD-002,Café molido 500 g,Alimentos,3,65.41,196.23,516.89,62.02
GT-DEMO-000222,2026-05-13T16:47:00-06:00,2026-05-13,2026,5,emitido,GTQ,A3,7492631,"Tecnología y Más, S.A.",2,Sucursal Quetzaltenango,Quetzaltenango,Quetzaltenango,Canal tienda,578.91,2,PROD-006,Servicio de entrega local,Servicios,1,36.13,36.13,516.89,62.02
GT-DEMO-000222,2026-05-13T16:47:00-06:00,2026-05-13,2026,5,emitido,GTQ,A3,7492631,"Tecnología y Más, S.A.",2,Sucursal Quetzaltenango,Quetzaltenango,Quetzaltenango,Canal tienda,578.91,3,PROD-007,Servicio de entrega departamental,Servicios,5,69.31,346.55,516.89,62.02
GT-DEMO-000226,2026-05-13T18:45:00-06:00,2026-05-13,2026,5,emitido,GTQ,A3,5172948,"Restaurantes El Buen Sabor, S.A.",2,Sucursal Quetzaltenango,Quetzaltenango,Quetzaltenango,Canal tienda,522.35,1,PROD-002,Café molido 500 g,Alimentos,5,64.81,324.05,466.38,55.97
GT-DEMO-000226,2026-05-13T18:45:00-06:00,2026-05-13,2026,5,emitido,GTQ,A3,5172948,"Restaurantes El Buen Sabor, S.A.",2,Sucursal Quetzaltenango,Quetzaltenango,Quetzaltenango,Canal tienda,522.35,2,PROD-001,Café en grano 500 g,Alimentos,3,66.1,198.3,466.38,55.97
GT-DEMO-000203,2026-05-14T11:18:00-06:00,2026-05-14,2026,5,emitido,GTQ,A3,3561894,"Farmacias Vida, S.A.",1,Sucursal Central,Guatemala,Guatemala,Canal tienda,1663.64,1,PROD-006,Servicio de entrega local,Servicios,6,35.53,213.18,1485.39,178.25
GT-DEMO-000203,2026-05-14T11:18:00-06:00,2026-05-14,2026,5,emitido,GTQ,A3,3561894,"Farmacias Vida, S.A.",1,Sucursal Central,Guatemala,Guatemala,Canal tienda,1663.64,2,PROD-001,Café en grano 500 g,Alimentos,3,72.63,217.89,1485.39,178.25
GT-DEMO-000203,2026-05-14T11:18:00-06:00,2026-05-14,2026,5,emitido,GTQ,A3,3561894,"Farmacias Vida, S.A.",1,Sucursal Central,Guatemala,Guatemala,Canal tienda,1663.64,3,PROD-008,Kit de bienvenida empresarial,Corporativo,4,181.39,725.56,1485.39,178.25
GT-DEMO-000203,2026-05-14T11:18:00-06:00,2026-05-14,2026,5,emitido,GTQ,A3,3561894,"Farmacias Vida, S.A.",1,Sucursal Central,Guatemala,Guatemala,Canal tienda,1663.64,4,PROD-001,Café en grano 500 g,Alimentos,7,72.43,507.01,1485.39,178.25
GT-DEMO-000299,2026-05-14T13:01:00-06:00,2026-05-14,2026,5,emitido,GTQ,A3,7492631,"Tecnología y Más, S.A.",1,Sucursal Central,Guatemala,Guatemala,Canal tienda,520.72,1,PROD-001,Café en grano 500 g,Alimentos,8,65.09,520.72,464.93,55.79
GT-DEMO-000608,2026-05-14T14:18:00-06:00,2026-05-14,2026,5,emitido,GTQ,C1,6283947,"Distribuidora del Pacífico, S.A.",1,Sucursal Central,Guatemala,Guatemala,Canal tienda,787.9,1,PROD-010,Café descafeinado 500 g,Alimentos,3,71.54,214.62,703.49,84.41
GT-DEMO-000608,2026-05-14T14:18:00-06:00,2026-05-14,2026,5,emitido,GTQ,C1,6283947,"Distribuidora del Pacífico, S.A.",1,Sucursal Central,Guatemala,Guatemala,Canal tienda,787.9,2,PROD-003,Té premium caja 25 unidades,Alimentos,5,45.08,225.4,703.49,84.41
GT-DEMO-000608,2026-05-14T14:18:00-06:00,2026-05-14,2026,5,emitido,GTQ,C1,6283947,"Distribuidora del Pacífico, S.A.",1,Sucursal Central,Guatemala,Guatemala,Canal tienda,787.9,3,PROD-008,Kit de bienvenida empresarial,Corporativo,2,173.94,347.88,703.49,84.41
GT-DEMO-000061,2026-05-14T14:38:00-06:00,2026-05-14,2026,5,emitido,GTQ,A1,CF,Consumidor Final,4,Canal corporativo,Guatemala,Guatemala,Canal corporativo,302.54,1,PROD-003,Té premium caja 25 unidades,Alimentos,7,43.22,302.54,270.13,32.41
GT-DEMO-000053,2026-05-15T12:57:00-06:00,2026-05-15,2026,5,emitido,GTQ,A1,8146293,"Hotel Vista Real, S.A.",1,Sucursal Central,Guatemala,Guatemala,Canal tienda,611.81,1,PROD-004,Termo corporativo 500 ml,Accesorios,2,94.96,189.92,546.26,65.55
GT-DEMO-000053,2026-05-15T12:57:00-06:00,2026-05-15,2026,5,emitido,GTQ,A1,8146293,"Hotel Vista Real, S.A.",1,Sucursal Central,Guatemala,Guatemala,Canal tienda,611.81,2,PROD-002,Café molido 500 g,Alimentos,7,60.27,421.89,546.26,65.55
GT-DEMO-000689,2026-05-15T14:00:00-06:00,2026-05-15,2026,5,emitido,GTQ,C1,7812456,"Servicios Integrales Maya, S.A.",4,Canal corporativo,Guatemala,Guatemala,Canal corporativo,290.08,1,PROD-001,Café en grano 500 g,Alimentos,4,72.52,290.08,259.0,31.08
GT-DEMO-000376,2026-05-15T16:11:00-06:00,2026-05-15,2026,5,emitido,GTQ,B1,7492631,"Tecnología y Más, S.A.",1,Sucursal Central,Guatemala,Guatemala,Canal tienda,1616.09,1,PROD-009,Suscripción mensual de café,Suscripciones,5,252.51,1262.55,1442.94,173.15
GT-DEMO-000376,2026-05-15T16:11:00-06:00,2026-05-15,2026,5,emitido,GTQ,B1,7492631,"Tecnología y Más, S.A.",1,Sucursal Central,Guatemala,Guatemala,Canal tienda,1616.09,2,PROD-005,Taza cerámica corporativa,Accesorios,4,56.39,225.56,1442.94,173.15
GT-DEMO-000376,2026-05-15T16:11:00-06:00,2026-05-15,2026,5,emitido,GTQ,B1,7492631,"Tecnología y Más, S.A.",1,Sucursal Central,Guatemala,Guatemala,Canal tienda,1616.09,3,PROD-002,Café molido 500 g,Alimentos,2,63.99,127.98,1442.94,173.15
GT-DEMO-000312,2026-05-16T08:10:00-06:00,2026-05-16,2026,5,emitido,GTQ,B1,6283947,"Distribuidora del Pacífico, S.A.",2,Sucursal Quetzaltenango,Quetzaltenango,Quetzaltenango,Canal tienda,1471.44,1,PROD-008,Kit de bienvenida empresarial,Corporativo,8,183.93,1471.44,1313.79,157.65
GT-DEMO-000466,2026-05-16T10:48:00-06:00,2026-05-16,2026,5,emitido,GTQ,B2,9037812,"Grupo Empresarial Centroamericano, S.A.",4,Canal corporativo,Guatemala,Guatemala,Canal corporativo,755.32,1,PROD-007,Servicio de entrega departamental,Servicios,8,67.43,539.44,674.39,80.93
GT-DEMO-000466,2026-05-16T10:48:00-06:00,2026-05-16,2026,5,emitido,GTQ,B2,9037812,"Grupo Empresarial Centroamericano, S.A.",4,Canal corporativo,Guatemala,Guatemala,Canal corporativo,755.32,2,PROD-010,Café descafeinado 500 g,Alimentos,3,71.96,215.88,674.39,80.93
GT-DEMO-000310,2026-05-16T12:48:00-06:00,2026-05-16,2026,5,emitido,GTQ,B1,3561894,"Farmacias Vida, S.A.",3,Sucursal Escuintla,Escuintla,Escuintla,Canal tienda,1630.96,1,PROD-003,Té premium caja 25 unidades,Alimentos,4,44.39,177.56,1456.22,174.74
GT-DEMO-000310,2026-05-16T12:48:00-06:00,2026-05-16,2026,5,emitido,GTQ,B1,3561894,"Farmacias Vida, S.A.",3,Sucursal Escuintla,Escuintla,Escuintla,Canal tienda,1630.96,2,PROD-002,Café molido 500 g,Alimentos,8,60.5,484.0,1456.22,174.74
GT-DEMO-000310,2026-05-16T12:48:00-06:00,2026-05-16,2026,5,emitido,GTQ,B1,3561894,"Farmacias Vida, S.A.",3,Sucursal Escuintla,Escuintla,Escuintla,Canal tienda,1630.96,3,PROD-001,Café en grano 500 g,Alimentos,6,72.66,435.96,1456.22,174.74
GT-DEMO-000310,2026-05-16T12:48:00-06:00,2026-05-16,2026,5,emitido,GTQ,B1,3561894,"Farmacias Vida, S.A.",3,Sucursal Escuintla,Escuintla,Escuintla,Canal tienda,1630.96,4,PROD-001,Café en grano 500 g,Alimentos,8,66.68,533.44,1456.22,174.74
GT-DEMO-000090,2026-05-16T15:42:00-06:00,2026-05-16,2026,5,emitido,GTQ,A1,3561894,"Farmacias Vida, S.A.",1,Sucursal Central,Guatemala,Guatemala,Canal tienda,1158.75,1,PROD-009,Suscripción mensual de café,Suscripciones,5,231.75,1158.75,1034.6,124.15
GT-DEMO-000080,2026-05-16T17:01:00-06:00,2026-05-16,2026,5,emitido,GTQ,A1,7492631,"Tecnología y Más, S.A.",1,Sucursal Central,Guatemala,Guatemala,Canal tienda,1469.08,1,PROD-004,Termo corporativo 500 ml,Accesorios,8,96.73,773.84,1311.68,157.4
GT-DEMO-000080,2026-05-16T17:01:00-06:00,2026-05-16,2026,5,emitido,GTQ,A1,7492631,"Tecnología y Más, S.A.",1,Sucursal Central,Guatemala,Guatemala,Canal tienda,1469.08,2,PROD-004,Termo corporativo 500 ml,Accesorios,7,99.32,695.24,1311.68,157.4
GT-DEMO-000107,2026-05-17T11:00:00-06:00,2026-05-17,2026,5,emitido,GTQ,A2,CF,Consumidor Final,1,Sucursal Central,Guatemala,Guatemala,Canal tienda,296.18,1,PROD-005,Taza cerámica corporativa,Accesorios,2,55.6,111.2,264.45,31.73
GT-DEMO-000107,2026-05-17T11:00:00-06:00,2026-05-17,2026,5,emitido,GTQ,A2,CF,Consumidor Final,1,Sucursal Central,Guatemala,Guatemala,Canal tienda,296.18,2,PROD-002,Café molido 500 g,Alimentos,3,61.66,184.98,264.45,31.73
GT-DEMO-000549,2026-05-17T13:02:00-06:00,2026-05-17,2026,5,emitido,GTQ,B3,6283947,"Distribuidora del Pacífico, S.A.",2,Sucursal Quetzaltenango,Quetzaltenango,Quetzaltenango,Canal tienda,479.53,1,PROD-001,Café en grano 500 g,Alimentos,1,71.89,71.89,428.15,51.38
GT-DEMO-000549,2026-05-17T13:02:00-06:00,2026-05-17,2026,5,emitido,GTQ,B3,6283947,"Distribuidora del Pacífico, S.A.",2,Sucursal Quetzaltenango,Quetzaltenango,Quetzaltenango,Canal tienda,479.53,2,PROD-001,Café en grano 500 g,Alimentos,6,67.94,407.64,428.15,51.38
GT-DEMO-000598,2026-05-17T15:04:00-06:00,2026-05-17,2026,5,emitido,GTQ,B3,5973814,"Constructora Horizonte, S.A.",2,Sucursal Quetzaltenango,Quetzaltenango,Quetzaltenango,Canal tienda,799.98,1,PROD-011,Galletas artesanales 12 unidades,Alimentos,2,43.77,87.54,714.27,85.71
GT-DEMO-000598,2026-05-17T15:04:00-06:00,2026-05-17,2026,5,emitido,GTQ,B3,5973814,"Constructora Horizonte, S.A.",2,Sucursal Quetzaltenango,Quetzaltenango,Quetzaltenango,Canal tienda,799.98,2,PROD-008,Kit de bienvenida empresarial,Corporativo,4,178.11,712.44,714.27,85.71
GT-DEMO-000229,2026-05-17T18:42:00-06:00,2026-05-17,2026,5,emitido,GTQ,A3,7264519,"Transportes del Sur, S.A.",3,Sucursal Escuintla,Escuintla,Escuintla,Canal tienda,1109.7,1,PROD-009,Suscripción mensual de café,Suscripciones,3,255.5,766.5,990.81,118.89
GT-DEMO-000229,2026-05-17T18:42:00-06:00,2026-05-17,2026,5,emitido,GTQ,A3,7264519,"Transportes del Sur, S.A.",3,Sucursal Escuintla,Escuintla,Escuintla,Canal tienda,1109.7,2,PROD-001,Café en grano 500 g,Alimentos,5,68.64,343.2,990.81,118.89
GT-DEMO-000516,2026-05-18T08:45:00-06:00,2026-05-18,2026,5,emitido,GTQ,B3,4857291,"Comercial La Estrella, S.A.",1,Sucursal Central,Guatemala,Guatemala,Canal tienda,217.1,1,PROD-003,Té premium caja 25 unidades,Alimentos,5,43.42,217.1,193.84,23.26
GT-DEMO-000035,2026-05-18T09:05:00-06:00,2026-05-18,2026,5,emitido,GTQ,A1,4627185,"Supermercados del Valle, S.A.",1,Sucursal Central,Guatemala,Guatemala,Canal tienda,216.36,1,PROD-001,Café en grano 500 g,Alimentos,3,72.12,216.36,193.18,23.18
GT-DEMO-000062,2026-05-18T11:15:00-06:00,2026-05-18,2026,5,emitido,GTQ,A1,7492631,"Tecnología y Más, S.A.",4,Canal corporativo,Guatemala,Guatemala,Canal corporativo,456.05,1,PROD-004,Termo corporativo 500 ml,Accesorios,5,91.21,456.05,407.19,48.86
GT-DEMO-000648,2026-05-19T11:41:00-06:00,2026-05-19,2026,5,emitido,GTQ,C1,7812456,"Servicios Integrales Maya, S.A.",1,Sucursal Central,Guatemala,Guatemala,Canal tienda,1707.6,1,PROD-009,Suscripción mensual de café,Suscripciones,4,241.02,964.08,1524.65,182.95
GT-DEMO-000648,2026-05-19T11:41:00-06:00,2026-05-19,2026,5,emitido,GTQ,C1,7812456,"Servicios Integrales Maya, S.A.",1,Sucursal Central,Guatemala,Guatemala,Canal tienda,1707.6,2,PROD-004,Termo corporativo 500 ml,Accesorios,8,92.94,743.52,1524.65,182.95
GT-DEMO-000077,2026-05-19T13:17:00-06:00,2026-05-19,2026,5,emitido,GTQ,A1,9037812,"Grupo Empresarial Centroamericano, S.A.",2,Sucursal Quetzaltenango,Quetzaltenango,Quetzaltenango,Canal tienda,699.05,1,PROD-002,Café molido 500 g,Alimentos,5,59.71,298.55,624.15,74.9
GT-DEMO-000077,2026-05-19T13:17:00-06:00,2026-05-19,2026,5,emitido,GTQ,A1,9037812,"Grupo Empresarial Centroamericano, S.A.",2,Sucursal Quetzaltenango,Quetzaltenango,Quetzaltenango,Canal tienda,699.05,2,PROD-002,Café molido 500 g,Alimentos,2,59.58,119.16,624.15,74.9
GT-DEMO-000077,2026-05-19T13:17:00-06:00,2026-05-19,2026,5,emitido,GTQ,A1,9037812,"Grupo Empresarial Centroamericano, S.A.",2,Sucursal Quetzaltenango,Quetzaltenango,Quetzaltenango,Canal tienda,699.05,3,PROD-004,Termo corporativo 500 ml,Accesorios,3,93.78,281.34,624.15,74.9
GT-DEMO-000191,2026-05-20T08:10:00-06:00,2026-05-20,2026,5,emitido,GTQ,A2,CF,Consumidor Final,1,Sucursal Central,Guatemala,Guatemala,Canal tienda,1076.44,1,PROD-008,Kit de bienvenida empresarial,Corporativo,2,190.05,380.1,961.11,115.33
GT-DEMO-000191,2026-05-20T08:10:00-06:00,2026-05-20,2026,5,emitido,GTQ,A2,CF,Consumidor Final,1,Sucursal Central,Guatemala,Guatemala,Canal tienda,1076.44,2,PROD-001,Café en grano 500 g,Alimentos,6,71.01,426.06,961.11,115.33
GT-DEMO-000191,2026-05-20T08:10:00-06:00,2026-05-20,2026,5,emitido,GTQ,A2,CF,Consumidor Final,1,Sucursal Central,Guatemala,Guatemala,Canal tienda,1076.44,3,PROD-001,Café en grano 500 g,Alimentos,4,67.57,270.28,961.11,115.33
GT-DEMO-000476,2026-05-20T08:58:00-06:00,2026-05-20,2026,5,emitido,GTQ,B2,CF,Consumidor Final,3,Sucursal Escuintla,Escuintla,Escuintla,Canal tienda,1182.55,1,PROD-009,Suscripción mensual de café,Suscripciones,5,236.51,1182.55,1055.85,126.7
GT-DEMO-000066,2026-05-20T14:31:00-06:00,2026-05-20,2026,5,emitido,GTQ,A1,5172948,"Restaurantes El Buen Sabor, S.A.",2,Sucursal Quetzaltenango,Quetzaltenango,Quetzaltenango,Canal tienda,1295.05,1,PROD-009,Suscripción mensual de café,Suscripciones,3,255.71,767.13,1156.3,138.75
GT-DEMO-000066,2026-05-20T14:31:00-06:00,2026-05-20,2026,5,emitido,GTQ,A1,5172948,"Restaurantes El Buen Sabor, S.A.",2,Sucursal Quetzaltenango,Quetzaltenango,Quetzaltenango,Canal tienda,1295.05,2,PROD-001,Café en grano 500 g,Alimentos,8,65.99,527.92,1156.3,138.75
GT-DEMO-000660,2026-05-23T17:36:00-06:00,2026-05-23,2026,5,emitido,GTQ,C1,4857291,"Comercial La Estrella, S.A.",1,Sucursal Central,Guatemala,Guatemala,Canal tienda,950.84,1,PROD-004,Termo corporativo 500 ml,Accesorios,4,98.42,393.68,848.96,101.88
GT-DEMO-000660,2026-05-23T17:36:00-06:00,2026-05-23,2026,5,emitido,GTQ,C1,4857291,"Comercial La Estrella, S.A.",1,Sucursal Central,Guatemala,Guatemala,Canal tienda,950.84,2,PROD-001,Café en grano 500 g,Alimentos,3,70.37,211.11,848.96,101.88
GT-DEMO-000660,2026-05-23T17:36:00-06:00,2026-05-23,2026,5,emitido,GTQ,C1,4857291,"Comercial La Estrella, S.A.",1,Sucursal Central,Guatemala,Guatemala,Canal tienda,950.84,3,PROD-001,Café en grano 500 g,Alimentos,5,69.21,346.05,848.96,101.88
GT-DEMO-000318,2026-05-24T09:01:00-06:00,2026-05-24,2026,5,emitido,GTQ,B1,5172948,"Restaurantes El Buen Sabor, S.A.",1,Sucursal Central,Guatemala,Guatemala,Canal tienda,2246.02,1,PROD-009,Suscripción mensual de café,Suscripciones,8,253.13,2025.04,2005.37,240.65
GT-DEMO-000318,2026-05-24T09:01:00-06:00,2026-05-24,2026,5,emitido,GTQ,B1,5172948,"Restaurantes El Buen Sabor, S.A.",1,Sucursal Central,Guatemala,Guatemala,Canal tienda,2246.02,2,PROD-010,Café descafeinado 500 g,Alimentos,3,73.66,220.98,2005.37,240.65
GT-DEMO-000288,2026-05-24T10:00:00-06:00,2026-05-24,2026,5,emitido,GTQ,A3,7264519,"Transportes del Sur, S.A.",3,Sucursal Escuintla,Escuintla,Escuintla,Canal tienda,381.66,1,PROD-002,Café molido 500 g,Alimentos,6,63.61,381.66,340.77,40.89
GT-DEMO-000606,2026-05-24T11:28:00-06:00,2026-05-24,2026,5,emitido,GTQ,C1,5973814,"Constructora Horizonte, S.A.",4,Canal corporativo,Guatemala,Guatemala,Canal corporativo,510.54,1,PROD-007,Servicio de entrega departamental,Servicios,4,62.44,249.76,455.84,54.7
GT-DEMO-000606,2026-05-24T11:28:00-06:00,2026-05-24,2026,5,emitido,GTQ,C1,5973814,"Constructora Horizonte, S.A.",4,Canal corporativo,Guatemala,Guatemala,Canal corporativo,510.54,2,PROD-002,Café molido 500 g,Alimentos,1,62.39,62.39,455.84,54.7
GT-DEMO-000606,2026-05-24T11:28:00-06:00,2026-05-24,2026,5,emitido,GTQ,C1,5973814,"Constructora Horizonte, S.A.",4,Canal corporativo,Guatemala,Guatemala,Canal corporativo,510.54,3,PROD-002,Café molido 500 g,Alimentos,3,66.13,198.39,455.84,54.7
GT-DEMO-000141,2026-05-24T14:35:00-06:00,2026-05-24,2026,5,emitido,GTQ,A2,CF,Consumidor Final,4,Canal corporativo,Guatemala,Guatemala,Canal corporativo,318.35,1,PROD-007,Servicio de entrega departamental,Servicios,5,63.67,318.35,284.24,34.11
GT-DEMO-000670,2026-05-26T10:02:00-06:00,2026-05-26,2026,5,emitido,GTQ,C1,3561894,"Farmacias Vida, S.A.",1,Sucursal Central,Guatemala,Guatemala,Canal tienda,233.87,1,PROD-006,Servicio de entrega local,Servicios,7,33.41,233.87,208.81,25.06
GT-DEMO-000178,2026-05-26T14:53:00-06:00,2026-05-26,2026,5,emitido,GTQ,A2,7264519,"Transportes del Sur, S.A.",1,Sucursal Central,Guatemala,Guatemala,Canal tienda,2314.76,1,PROD-012,Caja regalo premium,Corporativo,7,330.68,2314.76,2066.75,248.01
GT-DEMO-000437,2026-05-26T17:16:00-06:00,2026-05-26,2026,5,emitido,GTQ,B2,4857291,"Comercial La Estrella, S.A.",4,Canal corporativo,Guatemala,Guatemala,Canal corporativo,849.33,1,PROD-002,Café molido 500 g,Alimentos,6,60.42,362.52,758.34,90.99
GT-DEMO-000437,2026-05-26T17:16:00-06:00,2026-05-26,2026,5,emitido,GTQ,B2,4857291,"Comercial La Estrella, S.A.",4,Canal corporativo,Guatemala,Guatemala,Canal corporativo,849.33,2,PROD-011,Galletas artesanales 12 unidades,Alimentos,5,41.41,207.05,758.34,90.99
GT-DEMO-000437,2026-05-26T17:16:00-06:00,2026-05-26,2026,5,emitido,GTQ,B2,4857291,"Comercial La Estrella, S.A.",4,Canal corporativo,Guatemala,Guatemala,Canal corporativo,849.33,3,PROD-001,Café en grano 500 g,Alimentos,4,69.94,279.76,758.34,90.99
GT-DEMO-000710,2026-05-26T18:49:00-06:00,2026-05-26,2026,5,emitido,GTQ,C2,3561894,"Farmacias Vida, S.A.",1,Sucursal Central,Guatemala,Guatemala,Canal tienda,372.03,1,PROD-006,Servicio de entrega local,Servicios,3,33.39,100.17,332.17,39.86
GT-DEMO-000710,2026-05-26T18:49:00-06:00,2026-05-26,2026,5,emitido,GTQ,C2,3561894,"Farmacias Vida, S.A.",1,Sucursal Central,Guatemala,Guatemala,Canal tienda,372.03,2,PROD-004,Termo corporativo 500 ml,Accesorios,3,90.62,271.86,332.17,39.86
GT-DEMO-000447,2026-05-27T16:01:00-06:00,2026-05-27,2026,5,emitido,GTQ,B2,7264519,"Transportes del Sur, S.A.",1,Sucursal Central,Guatemala,Guatemala,Canal tienda,2018.79,1,PROD-009,Suscripción mensual de café,Suscripciones,7,246.85,1727.95,1802.49,216.3
GT-DEMO-000447,2026-05-27T16:01:00-06:00,2026-05-27,2026,5,emitido,GTQ,B2,7264519,"Transportes del Sur, S.A.",1,Sucursal Central,Guatemala,Guatemala,Canal tienda,2018.79,2,PROD-010,Café descafeinado 500 g,Alimentos,4,72.71,290.84,1802.49,216.3
GT-DEMO-000322,2026-05-27T16:46:00-06:00,2026-05-27,2026,5,emitido,GTQ,B1,7264519,"Transportes del Sur, S.A.",3,Sucursal Escuintla,Escuintla,Escuintla,Canal tienda,492.58,1,PROD-006,Servicio de entrega local,Servicios,2,37.37,74.74,439.8,52.78
GT-DEMO-000322,2026-05-27T16:46:00-06:00,2026-05-27,2026,5,emitido,GTQ,B1,7264519,"Transportes del Sur, S.A.",3,Sucursal Escuintla,Escuintla,Escuintla,Canal tienda,492.58,2,PROD-001,Café en grano 500 g,Alimentos,6,69.64,417.84,439.8,52.78
GT-DEMO-000190,2026-05-28T10:40:00-06:00,2026-05-28,2026,5,emitido,GTQ,A2,3561894,"Farmacias Vida, S.A.",4,Canal corporativo,Guatemala,Guatemala,Canal corporativo,584.95,1,PROD-001,Café en grano 500 g,Alimentos,1,65.05,65.05,522.27,62.68
GT-DEMO-000190,2026-05-28T10:40:00-06:00,2026-05-28,2026,5,emitido,GTQ,A2,3561894,"Farmacias Vida, S.A.",4,Canal corporativo,Guatemala,Guatemala,Canal corporativo,584.95,2,PROD-001,Café en grano 500 g,Alimentos,1,65.67,65.67,522.27,62.68
GT-DEMO-000190,2026-05-28T10:40:00-06:00,2026-05-28,2026,5,emitido,GTQ,A2,3561894,"Farmacias Vida, S.A.",4,Canal corporativo,Guatemala,Guatemala,Canal corporativo,584.95,3,PROD-002,Café molido 500 g,Alimentos,7,64.89,454.23,522.27,62.68
GT-DEMO-000157,2026-05-28T14:21:00-06:00,2026-05-28,2026,5,emitido,GTQ,A2,4627185,"Supermercados del Valle, S.A.",4,Canal corporativo,Guatemala,Guatemala,Canal corporativo,1520.64,1,PROD-008,Kit de bienvenida empresarial,Corporativo,6,171.4,1028.4,1357.71,162.93
GT-DEMO-000157,2026-05-28T14:21:00-06:00,2026-05-28,2026,5,emitido,GTQ,A2,4627185,"Supermercados del Valle, S.A.",4,Canal corporativo,Guatemala,Guatemala,Canal corporativo,1520.64,2,PROD-010,Café descafeinado 500 g,Alimentos,7,70.32,492.24,1357.71,162.93
GT-DEMO-000663,2026-05-28T16:09:00-06:00,2026-05-28,2026,5,emitido,GTQ,C1,5973814,"Constructora Horizonte, S.A.",1,Sucursal Central,Guatemala,Guatemala,Canal tienda,452.55,1,PROD-002,Café molido 500 g,Alimentos,7,64.65,452.55,404.06,48.49
GT-DEMO-000147,2026-05-29T09:16:00-06:00,2026-05-29,2026,5,emitido,GTQ,A2,4857291,"Comercial La Estrella, S.A.",4,Canal corporativo,Guatemala,Guatemala,Canal corporativo,1216.21,1,PROD-009,Suscripción mensual de café,Suscripciones,3,245.62,736.86,1085.9,130.31
GT-DEMO-000147,2026-05-29T09:16:00-06:00,2026-05-29,2026,5,emitido,GTQ,A2,4857291,"Comercial La Estrella, S.A.",4,Canal corporativo,Guatemala,Guatemala,Canal corporativo,1216.21,2,PROD-011,Galletas artesanales 12 unidades,Alimentos,3,40.1,120.3,1085.9,130.31
GT-DEMO-000147,2026-05-29T09:16:00-06:00,2026-05-29,2026,5,emitido,GTQ,A2,4857291,"Comercial La Estrella, S.A.",4,Canal corporativo,Guatemala,Guatemala,Canal corporativo,1216.21,3,PROD-010,Café descafeinado 500 g,Alimentos,5,71.81,359.05,1085.9,130.31
GT-DEMO-000329,2026-05-30T17:03:00-06:00,2026-05-30,2026,5,emitido,GTQ,B1,7492631,"Tecnología y Más, S.A.",1,Sucursal Central,Guatemala,Guatemala,Canal tienda,472.92,1,PROD-001,Café en grano 500 g,Alimentos,7,67.56,472.92,422.25,50.67
GT-DEMO-000128,2026-05-30T17:07:00-06:00,2026-05-30,2026,5,emitido,GTQ,A2,7264519,"Transportes del Sur, S.A.",3,Sucursal Escuintla,Escuintla,Escuintla,Canal tienda,2297.08,1,PROD-011,Galletas artesanales 12 unidades,Alimentos,2,43.28,86.56,2050.97,246.11
GT-DEMO-000128,2026-05-30T17:07:00-06:00,2026-05-30,2026,5,emitido,GTQ,A2,7264519,"Transportes del Sur, S.A.",3,Sucursal Escuintla,Escuintla,Escuintla,Canal tienda,2297.08,2,PROD-007,Servicio de entrega departamental,Servicios,8,61.41,491.28,2050.97,246.11
GT-DEMO-000128,2026-05-30T17:07:00-06:00,2026-05-30,2026,5,emitido,GTQ,A2,7264519,"Transportes del Sur, S.A.",3,Sucursal Escuintla,Escuintla,Escuintla,Canal tienda,2297.08,3,PROD-003,Té premium caja 25 unidades,Alimentos,8,47.08,376.64,2050.97,246.11
GT-DEMO-000128,2026-05-30T17:07:00-06:00,2026-05-30,2026,5,emitido,GTQ,A2,7264519,"Transportes del Sur, S.A.",3,Sucursal Escuintla,Escuintla,Escuintla,Canal tienda,2297.08,4,PROD-008,Kit de bienvenida empresarial,Corporativo,7,191.8,1342.6,2050.97,246.11
GT-DEMO-000280,2026-05-31T13:23:00-06:00,2026-05-31,2026,5,emitido,GTQ,A3,9037812,"Grupo Empresarial Centroamericano, S.A.",3,Sucursal Escuintla,Escuintla,Escuintla,Canal tienda,929.19,1,PROD-002,Café molido 500 g,Alimentos,4,63.74,254.96,829.63,99.56
GT-DEMO-000280,2026-05-31T13:23:00-06:00,2026-05-31,2026,5,emitido,GTQ,A3,9037812,"Grupo Empresarial Centroamericano, S.A.",3,Sucursal Escuintla,Escuintla,Escuintla,Canal tienda,929.19,2,PROD-003,Té premium caja 25 unidades,Alimentos,8,43.91,351.28,829.63,99.56
GT-DEMO-000280,2026-05-31T13:23:00-06:00,2026-05-31,2026,5,emitido,GTQ,A3,9037812,"Grupo Empresarial Centroamericano, S.A.",3,Sucursal Escuintla,Escuintla,Escuintla,Canal tienda,929.19,3,PROD-001,Café en grano 500 g,Alimentos,5,64.59,322.95,829.63,99.56
GT-DEMO-000662,2026-05-31T17:20:00-06:00,2026-05-31,2026,5,emitido,GTQ,C1,6283947,"Distribuidora del Pacífico, S.A.",2,Sucursal Quetzaltenango,Quetzaltenango,Quetzaltenango,Canal tienda,505.16,1,PROD-003,Té premium caja 25 unidades,Alimentos,6,44.86,269.16,451.03,54.13
GT-DEMO-000662,2026-05-31T17:20:00-06:00,2026-05-31,2026,5,emitido,GTQ,C1,6283947,"Distribuidora del Pacífico, S.A.",2,Sucursal Quetzaltenango,Quetzaltenango,Quetzaltenango,Canal tienda,505.16,2,PROD-002,Café molido 500 g,Alimentos,4,59.0,236.0,451.03,54.13
GT-DEMO-000149,2026-06-02T09:29:00-06:00,2026-06-02,2026,6,emitido,GTQ,A2,5172948,"Restaurantes El Buen Sabor, S.A.",3,Sucursal Escuintla,Escuintla,Escuintla,Canal tienda,282.8,1,PROD-011,Galletas artesanales 12 unidades,Alimentos,5,43.12,215.6,252.5,30.3
GT-DEMO-000149,2026-06-02T09:29:00-06:00,2026-06-02,2026,6,emitido,GTQ,A2,5172948,"Restaurantes El Buen Sabor, S.A.",3,Sucursal Escuintla,Escuintla,Escuintla,Canal tienda,282.8,2,PROD-006,Servicio de entrega local,Servicios,2,33.6,67.2,252.5,30.3
GT-DEMO-000378,2026-06-04T18:54:00-06:00,2026-06-04,2026,6,emitido,GTQ,B1,CF,Consumidor Final,1,Sucursal Central,Guatemala,Guatemala,Canal tienda,413.23,1,PROD-001,Café en grano 500 g,Alimentos,3,70.51,211.53,368.96,44.27
GT-DEMO-000378,2026-06-04T18:54:00-06:00,2026-06-04,2026,6,emitido,GTQ,B1,CF,Consumidor Final,1,Sucursal Central,Guatemala,Guatemala,Canal tienda,413.23,2,PROD-004,Termo corporativo 500 ml,Accesorios,2,100.85,201.7,368.96,44.27
GT-DEMO-000359,2026-06-05T09:26:00-06:00,2026-06-05,2026,6,emitido,GTQ,B1,8146293,"Hotel Vista Real, S.A.",1,Sucursal Central,Guatemala,Guatemala,Canal tienda,2840.04,1,PROD-011,Galletas artesanales 12 unidades,Alimentos,3,40.49,121.47,2535.76,304.28
GT-DEMO-000359,2026-06-05T09:26:00-06:00,2026-06-05,2026,6,emitido,GTQ,B1,8146293,"Hotel Vista Real, S.A.",1,Sucursal Central,Guatemala,Guatemala,Canal tienda,2840.04,2,PROD-009,Suscripción mensual de café,Suscripciones,3,231.51,694.53,2535.76,304.28
GT-DEMO-000359,2026-06-05T09:26:00-06:00,2026-06-05,2026,6,emitido,GTQ,B1,8146293,"Hotel Vista Real, S.A.",1,Sucursal Central,Guatemala,Guatemala,Canal tienda,2840.04,3,PROD-012,Caja regalo premium,Corporativo,6,337.34,2024.04,2535.76,304.28
GT-DEMO-000246,2026-06-05T16:48:00-06:00,2026-06-05,2026,6,emitido,GTQ,A3,4627185,"Supermercados del Valle, S.A.",3,Sucursal Escuintla,Escuintla,Escuintla,Canal tienda,2526.88,1,PROD-012,Caja regalo premium,Corporativo,8,315.86,2526.88,2256.14,270.74
GT-DEMO-000012,2026-06-05T18:52:00-06:00,2026-06-05,2026,6,emitido,GTQ,A1,7264519,"Transportes del Sur, S.A.",1,Sucursal Central,Guatemala,Guatemala,Canal tienda,440.58,1,PROD-001,Café en grano 500 g,Alimentos,6,73.43,440.58,393.38,47.2
GT-DEMO-000391,2026-06-06T11:36:00-06:00,2026-06-06,2026,6,emitido,GTQ,B1,7492631,"Tecnología y Más, S.A.",2,Sucursal Quetzaltenango,Quetzaltenango,Quetzaltenango,Canal tienda,464.07,1,PROD-006,Servicio de entrega local,Servicios,3,33.55,100.65,414.35,49.72
GT-DEMO-000391,2026-06-06T11:36:00-06:00,2026-06-06,2026,6,emitido,GTQ,B1,7492631,"Tecnología y Más, S.A.",2,Sucursal Quetzaltenango,Quetzaltenango,Quetzaltenango,Canal tienda,464.07,2,PROD-002,Café molido 500 g,Alimentos,6,60.57,363.42,414.35,49.72
GT-DEMO-000485,2026-06-06T15:09:00-06:00,2026-06-06,2026,6,emitido,GTQ,B2,7812456,"Servicios Integrales Maya, S.A.",3,Sucursal Escuintla,Escuintla,Escuintla,Canal tienda,1264.64,1,PROD-010,Café descafeinado 500 g,Alimentos,4,67.16,268.64,1129.14,135.5
GT-DEMO-000485,2026-06-06T15:09:00-06:00,2026-06-06,2026,6,emitido,GTQ,B2,7812456,"Servicios Integrales Maya, S.A.",3,Sucursal Escuintla,Escuintla,Escuintla,Canal tienda,1264.64,2,PROD-002,Café molido 500 g,Alimentos,5,59.0,295.0,1129.14,135.5
GT-DEMO-000485,2026-06-06T15:09:00-06:00,2026-06-06,2026,6,emitido,GTQ,B2,7812456,"Servicios Integrales Maya, S.A.",3,Sucursal Escuintla,Escuintla,Escuintla,Canal tienda,1264.64,3,PROD-008,Kit de bienvenida empresarial,Corporativo,4,175.25,701.0,1129.14,135.5
GT-DEMO-000585,2026-06-08T14:18:00-06:00,2026-06-08,2026,6,emitido,GTQ,B3,5172948,"Restaurantes El Buen Sabor, S.A.",1,Sucursal Central,Guatemala,Guatemala,Canal tienda,2550.17,1,PROD-009,Suscripción mensual de café,Suscripciones,8,231.68,1853.44,2276.94,273.23
GT-DEMO-000585,2026-06-08T14:18:00-06:00,2026-06-08,2026,6,emitido,GTQ,B3,5172948,"Restaurantes El Buen Sabor, S.A.",1,Sucursal Central,Guatemala,Guatemala,Canal tienda,2550.17,2,PROD-009,Suscripción mensual de café,Suscripciones,2,250.16,500.32,2276.94,273.23
GT-DEMO-000585,2026-06-08T14:18:00-06:00,2026-06-08,2026,6,emitido,GTQ,B3,5172948,"Restaurantes El Buen Sabor, S.A.",1,Sucursal Central,Guatemala,Guatemala,Canal tienda,2550.17,3,PROD-002,Café molido 500 g,Alimentos,3,65.47,196.41,2276.94,273.23
GT-DEMO-000193,2026-06-09T08:20:00-06:00,2026-06-09,2026,6,emitido,GTQ,A2,4857291,"Comercial La Estrella, S.A.",2,Sucursal Quetzaltenango,Quetzaltenango,Quetzaltenango,Canal tienda,671.59,1,PROD-001,Café en grano 500 g,Alimentos,3,67.88,203.64,599.63,71.96
GT-DEMO-000193,2026-06-09T08:20:00-06:00,2026-06-09,2026,6,emitido,GTQ,A2,4857291,"Comercial La Estrella, S.A.",2,Sucursal Quetzaltenango,Quetzaltenango,Quetzaltenango,Canal tienda,671.59,2,PROD-001,Café en grano 500 g,Alimentos,7,66.85,467.95,599.63,71.96
GT-DEMO-000652,2026-06-09T11:58:00-06:00,2026-06-09,2026,6,emitido,GTQ,C1,CF,Consumidor Final,4,Canal corporativo,Guatemala,Guatemala,Canal corporativo,413.57,1,PROD-007,Servicio de entrega departamental,Servicios,1,65.97,65.97,369.26,44.31
GT-DEMO-000652,2026-06-09T11:58:00-06:00,2026-06-09,2026,6,emitido,GTQ,C1,CF,Consumidor Final,4,Canal corporativo,Guatemala,Guatemala,Canal corporativo,413.57,2,PROD-001,Café en grano 500 g,Alimentos,5,69.52,347.6,369.26,44.31
GT-DEMO-000372,2026-06-10T16:58:00-06:00,2026-06-10,2026,6,emitido,GTQ,B1,6283947,"Distribuidora del Pacífico, S.A.",4,Canal corporativo,Guatemala,Guatemala,Canal corporativo,379.08,1,PROD-007,Servicio de entrega departamental,Servicios,6,63.18,379.08,338.46,40.62
GT-DEMO-000038,2026-06-11T13:16:00-06:00,2026-06-11,2026,6,emitido,GTQ,A1,3561894,"Farmacias Vida, S.A.",1,Sucursal Central,Guatemala,Guatemala,Canal tienda,448.92,1,PROD-002,Café molido 500 g,Alimentos,3,61.0,183.0,400.82,48.1
GT-DEMO-000038,2026-06-11T13:16:00-06:00,2026-06-11,2026,6,emitido,GTQ,A1,3561894,"Farmacias Vida, S.A.",1,Sucursal Central,Guatemala,Guatemala,Canal tienda,448.92,2,PROD-001,Café en grano 500 g,Alimentos,4,66.48,265.92,400.82,48.1
GT-DEMO-000227,2026-06-11T14:44:00-06:00,2026-06-11,2026,6,emitido,GTQ,A3,CF,Consumidor Final,1,Sucursal Central,Guatemala,Guatemala,Canal tienda,1691.14,1,PROD-011,Galletas artesanales 12 unidades,Alimentos,4,42.55,170.2,1509.94,181.2
GT-DEMO-000227,2026-06-11T14:44:00-06:00,2026-06-11,2026,6,emitido,GTQ,A3,CF,Consumidor Final,1,Sucursal Central,Guatemala,Guatemala,Canal tienda,1691.14,2,PROD-009,Suscripción mensual de café,Suscripciones,6,253.49,1520.94,1509.94,181.2
GT-DEMO-000489,2026-06-12T18:04:00-06:00,2026-06-12,2026,6,emitido,GTQ,B2,CF,Consumidor Final,3,Sucursal Escuintla,Escuintla,Escuintla,Canal tienda,2567.85,1,PROD-001,Café en grano 500 g,Alimentos,7,70.56,493.92,2292.73,275.12
GT-DEMO-000489,2026-06-12T18:04:00-06:00,2026-06-12,2026,6,emitido,GTQ,B2,CF,Consumidor Final,3,Sucursal Escuintla,Escuintla,Escuintla,Canal tienda,2567.85,2,PROD-005,Taza cerámica corporativa,Accesorios,1,51.93,51.93,2292.73,275.12
GT-DEMO-000489,2026-06-12T18:04:00-06:00,2026-06-12,2026,6,emitido,GTQ,B2,CF,Consumidor Final,3,Sucursal Escuintla,Escuintla,Escuintla,Canal tienda,2567.85,3,PROD-009,Suscripción mensual de café,Suscripciones,8,252.75,2022.0,2292.73,275.12
GT-DEMO-000459,2026-06-13T13:52:00-06:00,2026-06-13,2026,6,emitido,GTQ,B2,CF,Consumidor Final,1,Sucursal Central,Guatemala,Guatemala,Canal tienda,450.66,1,PROD-006,Servicio de entrega local,Servicios,1,36.96,36.96,402.38,48.28
GT-DEMO-000459,2026-06-13T13:52:00-06:00,2026-06-13,2026,6,emitido,GTQ,B2,CF,Consumidor Final,1,Sucursal Central,Guatemala,Guatemala,Canal tienda,450.66,2,PROD-001,Café en grano 500 g,Alimentos,6,68.95,413.7,402.38,48.28
GT-DEMO-000534,2026-06-14T10:27:00-06:00,2026-06-14,2026,6,emitido,GTQ,B3,7264519,"Transportes del Sur, S.A.",4,Canal corporativo,Guatemala,Guatemala,Canal corporativo,730.47,1,PROD-009,Suscripción mensual de café,Suscripciones,3,243.49,730.47,652.21,78.26
GT-DEMO-000047,2026-06-14T14:48:00-06:00,2026-06-14,2026,6,emitido,GTQ,A1,4857291,"Comercial La Estrella, S.A.",3,Sucursal Escuintla,Escuintla,Escuintla,Canal tienda,782.04,1,PROD-003,Té premium caja 25 unidades,Alimentos,7,44.15,309.05,698.25,83.79
GT-DEMO-000047,2026-06-14T14:48:00-06:00,2026-06-14,2026,6,emitido,GTQ,A1,4857291,"Comercial La Estrella, S.A.",3,Sucursal Escuintla,Escuintla,Escuintla,Canal tienda,782.04,2,PROD-001,Café en grano 500 g,Alimentos,7,67.57,472.99,698.25,83.79
GT-DEMO-000298,2026-06-14T16:45:00-06:00,2026-06-14,2026,6,emitido,GTQ,A3,CF,Consumidor Final,1,Sucursal Central,Guatemala,Guatemala,Canal tienda,617.83,1,PROD-010,Café descafeinado 500 g,Alimentos,1,73.03,73.03,551.64,66.19
GT-DEMO-000298,2026-06-14T16:45:00-06:00,2026-06-14,2026,6,emitido,GTQ,A3,CF,Consumidor Final,1,Sucursal Central,Guatemala,Guatemala,Canal tienda,617.83,2,PROD-001,Café en grano 500 g,Alimentos,8,68.1,544.8,551.64,66.19
GT-DEMO-000283,2026-06-15T17:59:00-06:00,2026-06-15,2026,6,emitido,GTQ,A3,8146293,"Hotel Vista Real, S.A.",2,Sucursal Quetzaltenango,Quetzaltenango,Quetzaltenango,Canal tienda,1072.0,1,PROD-005,Taza cerámica corporativa,Accesorios,7,53.54,374.78,957.15,114.85
GT-DEMO-000283,2026-06-15T17:59:00-06:00,2026-06-15,2026,6,emitido,GTQ,A3,8146293,"Hotel Vista Real, S.A.",2,Sucursal Quetzaltenango,Quetzaltenango,Quetzaltenango,Canal tienda,1072.0,2,PROD-002,Café molido 500 g,Alimentos,8,60.94,487.52,957.15,114.85
GT-DEMO-000283,2026-06-15T17:59:00-06:00,2026-06-15,2026,6,emitido,GTQ,A3,8146293,"Hotel Vista Real, S.A.",2,Sucursal Quetzaltenango,Quetzaltenango,Quetzaltenango,Canal tienda,1072.0,3,PROD-006,Servicio de entrega local,Servicios,6,34.95,209.7,957.15,114.85
GT-DEMO-000379,2026-06-16T09:17:00-06:00,2026-06-16,2026,6,emitido,GTQ,B1,4627185,"Supermercados del Valle, S.A.",3,Sucursal Escuintla,Escuintla,Escuintla,Canal tienda,259.63,1,PROD-006,Servicio de entrega local,Servicios,7,37.09,259.63,231.81,27.82
GT-DEMO-000499,2026-06-16T14:40:00-06:00,2026-06-16,2026,6,emitido,GTQ,B2,8146293,"Hotel Vista Real, S.A.",2,Sucursal Quetzaltenango,Quetzaltenango,Quetzaltenango,Canal tienda,1995.9,1,PROD-012,Caja regalo premium,Corporativo,6,308.65,1851.9,1782.05,213.85
GT-DEMO-000499,2026-06-16T14:40:00-06:00,2026-06-16,2026,6,emitido,GTQ,B2,8146293,"Hotel Vista Real, S.A.",2,Sucursal Quetzaltenango,Quetzaltenango,Quetzaltenango,Canal tienda,1995.9,2,PROD-003,Té premium caja 25 unidades,Alimentos,3,48.0,144.0,1782.05,213.85
GT-DEMO-000677,2026-06-16T14:44:00-06:00,2026-06-16,2026,6,emitido,GTQ,C1,4857291,"Comercial La Estrella, S.A.",4,Canal corporativo,Guatemala,Guatemala,Canal corporativo,42.37,1,PROD-011,Galletas artesanales 12 unidades,Alimentos,1,42.37,42.37,37.83,4.54
GT-DEMO-000387,2026-06-17T11:23:00-06:00,2026-06-17,2026,6,emitido,GTQ,B1,8146293,"Hotel Vista Real, S.A.",1,Sucursal Central,Guatemala,Guatemala,Canal tienda,773.2,1,PROD-007,Servicio de entrega departamental,Servicios,6,68.7,412.2,690.36,82.84
GT-DEMO-000387,2026-06-17T11:23:00-06:00,2026-06-17,2026,6,emitido,GTQ,B1,8146293,"Hotel Vista Real, S.A.",1,Sucursal Central,Guatemala,Guatemala,Canal tienda,773.2,2,PROD-005,Taza cerámica corporativa,Accesorios,5,58.54,292.7,690.36,82.84
GT-DEMO-000387,2026-06-17T11:23:00-06:00,2026-06-17,2026,6,emitido,GTQ,B1,8146293,"Hotel Vista Real, S.A.",1,Sucursal Central,Guatemala,Guatemala,Canal tienda,773.2,3,PROD-001,Café en grano 500 g,Alimentos,1,68.3,68.3,690.36,82.84
GT-DEMO-000247,2026-06-17T16:52:00-06:00,2026-06-17,2026,6,emitido,GTQ,A3,CF,Consumidor Final,1,Sucursal Central,Guatemala,Guatemala,Canal tienda,285.15,1,PROD-001,Café en grano 500 g,Alimentos,3,72.37,217.11,254.6,30.55
GT-DEMO-000247,2026-06-17T16:52:00-06:00,2026-06-17,2026,6,emitido,GTQ,A3,CF,Consumidor Final,1,Sucursal Central,Guatemala,Guatemala,Canal tienda,285.15,2,PROD-006,Servicio de entrega local,Servicios,2,34.02,68.04,254.6,30.55
GT-DEMO-000173,2026-06-18T08:55:00-06:00,2026-06-18,2026,6,emitido,GTQ,A2,7492631,"Tecnología y Más, S.A.",2,Sucursal Quetzaltenango,Quetzaltenango,Quetzaltenango,Canal tienda,718.62,1,PROD-005,Taza cerámica corporativa,Accesorios,2,55.41,110.82,641.63,76.99
GT-DEMO-000173,2026-06-18T08:55:00-06:00,2026-06-18,2026,6,emitido,GTQ,A2,7492631,"Tecnología y Más, S.A.",2,Sucursal Quetzaltenango,Quetzaltenango,Quetzaltenango,Canal tienda,718.62,2,PROD-006,Servicio de entrega local,Servicios,5,36.79,183.95,641.63,76.99
GT-DEMO-000173,2026-06-18T08:55:00-06:00,2026-06-18,2026,6,emitido,GTQ,A2,7492631,"Tecnología y Más, S.A.",2,Sucursal Quetzaltenango,Quetzaltenango,Quetzaltenango,Canal tienda,718.62,3,PROD-002,Café molido 500 g,Alimentos,7,60.55,423.85,641.63,76.99
GT-DEMO-000396,2026-06-19T09:33:00-06:00,2026-06-19,2026,6,emitido,GTQ,B1,3561894,"Farmacias Vida, S.A.",4,Canal corporativo,Guatemala,Guatemala,Canal corporativo,100.67,1,PROD-004,Termo corporativo 500 ml,Accesorios,1,100.67,100.67,89.88,10.79
GT-DEMO-000185,2026-06-19T11:25:00-06:00,2026-06-19,2026,6,emitido,GTQ,A2,8146293,"Hotel Vista Real, S.A.",2,Sucursal Quetzaltenango,Quetzaltenango,Quetzaltenango,Canal tienda,106.16,1,PROD-005,Taza cerámica corporativa,Accesorios,2,53.08,106.16,94.79,11.37
GT-DEMO-000070,2026-06-19T15:07:00-06:00,2026-06-19,2026,6,emitido,GTQ,A1,4857291,"Comercial La Estrella, S.A.",1,Sucursal Central,Guatemala,Guatemala,Canal tienda,857.44,1,PROD-005,Taza cerámica corporativa,Accesorios,8,57.9,463.2,765.57,91.87
GT-DEMO-000070,2026-06-19T15:07:00-06:00,2026-06-19,2026,6,emitido,GTQ,A1,4857291,"Comercial La Estrella, S.A.",1,Sucursal Central,Guatemala,Guatemala,Canal tienda,857.44,2,PROD-011,Galletas artesanales 12 unidades,Alimentos,5,42.04,210.2,765.57,91.87
GT-DEMO-000070,2026-06-19T15:07:00-06:00,2026-06-19,2026,6,emitido,GTQ,A1,4857291,"Comercial La Estrella, S.A.",1,Sucursal Central,Guatemala,Guatemala,Canal tienda,857.44,3,PROD-003,Té premium caja 25 unidades,Alimentos,4,46.01,184.04,765.57,91.87
GT-DEMO-000266,2026-06-20T12:55:00-06:00,2026-06-20,2026,6,emitido,GTQ,A3,3561894,"Farmacias Vida, S.A.",2,Sucursal Quetzaltenango,Quetzaltenango,Quetzaltenango,Canal tienda,630.28,1,PROD-002,Café molido 500 g,Alimentos,5,64.07,320.35,562.75,67.53
GT-DEMO-000266,2026-06-20T12:55:00-06:00,2026-06-20,2026,6,emitido,GTQ,A3,3561894,"Farmacias Vida, S.A.",2,Sucursal Quetzaltenango,Quetzaltenango,Quetzaltenango,Canal tienda,630.28,2,PROD-002,Café molido 500 g,Alimentos,4,59.64,238.56,562.75,67.53
GT-DEMO-000266,2026-06-20T12:55:00-06:00,2026-06-20,2026,6,emitido,GTQ,A3,3561894,"Farmacias Vida, S.A.",2,Sucursal Quetzaltenango,Quetzaltenango,Quetzaltenango,Canal tienda,630.28,3,PROD-001,Café en grano 500 g,Alimentos,1,71.37,71.37,562.75,67.53
GT-DEMO-000375,2026-06-21T13:39:00-06:00,2026-06-21,2026,6,emitido,GTQ,B1,CF,Consumidor Final,1,Sucursal Central,Guatemala,Guatemala,Canal tienda,515.9,1,PROD-001,Café en grano 500 g,Alimentos,7,68.8,481.6,460.63,55.27
GT-DEMO-000375,2026-06-21T13:39:00-06:00,2026-06-21,2026,6,emitido,GTQ,B1,CF,Consumidor Final,1,Sucursal Central,Guatemala,Guatemala,Canal tienda,515.9,2,PROD-006,Servicio de entrega local,Servicios,1,34.3,34.3,460.63,55.27
GT-DEMO-000045,2026-06-22T08:07:00-06:00,2026-06-22,2026,6,emitido,GTQ,A1,5172948,"Restaurantes El Buen Sabor, S.A.",1,Sucursal Central,Guatemala,Guatemala,Canal tienda,275.01,1,PROD-006,Servicio de entrega local,Servicios,6,36.04,216.24,245.54,29.47
GT-DEMO-000045,2026-06-22T08:07:00-06:00,2026-06-22,2026,6,emitido,GTQ,A1,5172948,"Restaurantes El Buen Sabor, S.A.",1,Sucursal Central,Guatemala,Guatemala,Canal tienda,275.01,2,PROD-002,Café molido 500 g,Alimentos,1,58.77,58.77,245.54,29.47
GT-DEMO-000129,2026-06-23T14:27:00-06:00,2026-06-23,2026,6,emitido,GTQ,A2,9037812,"Grupo Empresarial Centroamericano, S.A.",3,Sucursal Escuintla,Escuintla,Escuintla,Canal tienda,500.25,1,PROD-002,Café molido 500 g,Alimentos,5,59.79,298.95,446.65,53.6
GT-DEMO-000129,2026-06-23T14:27:00-06:00,2026-06-23,2026,6,emitido,GTQ,A2,9037812,"Grupo Empresarial Centroamericano, S.A.",3,Sucursal Escuintla,Escuintla,Escuintla,Canal tienda,500.25,2,PROD-006,Servicio de entrega local,Servicios,6,33.55,201.3,446.65,53.6
GT-DEMO-000575,2026-06-23T18:27:00-06:00,2026-06-23,2026,6,emitido,GTQ,B3,4627185,"Supermercados del Valle, S.A.",1,Sucursal Central,Guatemala,Guatemala,Canal tienda,787.85,1,PROD-003,Té premium caja 25 unidades,Alimentos,7,45.09,315.63,703.43,84.42
GT-DEMO-000575,2026-06-23T18:27:00-06:00,2026-06-23,2026,6,emitido,GTQ,B3,4627185,"Supermercados del Valle, S.A.",1,Sucursal Central,Guatemala,Guatemala,Canal tienda,787.85,2,PROD-002,Café molido 500 g,Alimentos,7,62.13,434.91,703.43,84.42
GT-DEMO-000575,2026-06-23T18:27:00-06:00,2026-06-23,2026,6,emitido,GTQ,B3,4627185,"Supermercados del Valle, S.A.",1,Sucursal Central,Guatemala,Guatemala,Canal tienda,787.85,3,PROD-006,Servicio de entrega local,Servicios,1,37.31,37.31,703.43,84.42
GT-DEMO-000259,2026-06-24T17:33:00-06:00,2026-06-24,2026,6,emitido,GTQ,A3,4857291,"Comercial La Estrella, S.A.",3,Sucursal Escuintla,Escuintla,Escuintla,Canal tienda,124.42,1,PROD-002,Café molido 500 g,Alimentos,2,62.21,124.42,111.09,13.33
GT-DEMO-000348,2026-06-25T15:51:00-06:00,2026-06-25,2026,6,emitido,GTQ,B1,3561894,"Farmacias Vida, S.A.",2,Sucursal Quetzaltenango,Quetzaltenango,Quetzaltenango,Canal tienda,763.9,1,PROD-002,Café molido 500 g,Alimentos,6,58.6,351.6,682.06,81.84
GT-DEMO-000348,2026-06-25T15:51:00-06:00,2026-06-25,2026,6,emitido,GTQ,B1,3561894,"Farmacias Vida, S.A.",2,Sucursal Quetzaltenango,Quetzaltenango,Quetzaltenango,Canal tienda,763.9,2,PROD-005,Taza cerámica corporativa,Accesorios,7,58.9,412.3,682.06,81.84
GT-DEMO-000373,2026-06-25T17:00:00-06:00,2026-06-25,2026,6,emitido,GTQ,B1,CF,Consumidor Final,3,Sucursal Escuintla,Escuintla,Escuintla,Canal tienda,953.97,1,PROD-010,Café descafeinado 500 g,Alimentos,6,74.93,449.58,851.76,102.21
GT-DEMO-000373,2026-06-25T17:00:00-06:00,2026-06-25,2026,6,emitido,GTQ,B1,CF,Consumidor Final,3,Sucursal Escuintla,Escuintla,Escuintla,Canal tienda,953.97,2,PROD-009,Suscripción mensual de café,Suscripciones,1,238.95,238.95,851.76,102.21
GT-DEMO-000373,2026-06-25T17:00:00-06:00,2026-06-25,2026,6,emitido,GTQ,B1,CF,Consumidor Final,3,Sucursal Escuintla,Escuintla,Escuintla,Canal tienda,953.97,3,PROD-010,Café descafeinado 500 g,Alimentos,4,66.36,265.44,851.76,102.21
GT-DEMO-000646,2026-06-26T09:46:00-06:00,2026-06-26,2026,6,emitido,GTQ,C1,CF,Consumidor Final,1,Sucursal Central,Guatemala,Guatemala,Canal tienda,1181.6,1,PROD-002,Café molido 500 g,Alimentos,7,63.64,445.48,1055.0,126.6
GT-DEMO-000646,2026-06-26T09:46:00-06:00,2026-06-26,2026,6,emitido,GTQ,C1,CF,Consumidor Final,1,Sucursal Central,Guatemala,Guatemala,Canal tienda,1181.6,2,PROD-002,Café molido 500 g,Alimentos,8,59.27,474.16,1055.0,126.6
GT-DEMO-000646,2026-06-26T09:46:00-06:00,2026-06-26,2026,6,emitido,GTQ,C1,CF,Consumidor Final,1,Sucursal Central,Guatemala,Guatemala,Canal tienda,1181.6,3,PROD-002,Café molido 500 g,Alimentos,4,65.49,261.96,1055.0,126.6
GT-DEMO-000483,2026-06-26T14:33:00-06:00,2026-06-26,2026,6,emitido,GTQ,B2,7492631,"Tecnología y Más, S.A.",1,Sucursal Central,Guatemala,Guatemala,Canal tienda,1426.26,1,PROD-009,Suscripción mensual de café,Suscripciones,6,237.71,1426.26,1273.45,152.81
GT-DEMO-000582,2026-06-27T08:32:00-06:00,2026-06-27,2026,6,emitido,GTQ,B3,7264519,"Transportes del Sur, S.A.",1,Sucursal Central,Guatemala,Guatemala,Canal tienda,1928.15,1,PROD-005,Taza cerámica corporativa,Accesorios,2,57.68,115.36,1721.56,206.59
GT-DEMO-000582,2026-06-27T08:32:00-06:00,2026-06-27,2026,6,emitido,GTQ,B3,7264519,"Transportes del Sur, S.A.",1,Sucursal Central,Guatemala,Guatemala,Canal tienda,1928.15,2,PROD-009,Suscripción mensual de café,Suscripciones,7,258.97,1812.79,1721.56,206.59
GT-DEMO-000601,2026-06-27T12:17:00-06:00,2026-06-27,2026,6,emitido,GTQ,C1,5172948,"Restaurantes El Buen Sabor, S.A.",3,Sucursal Escuintla,Escuintla,Escuintla,Canal tienda,135.24,1,PROD-006,Servicio de entrega local,Servicios,4,33.81,135.24,120.75,14.49
GT-DEMO-000146,2026-06-27T16:56:00-06:00,2026-06-27,2026,6,emitido,GTQ,A2,4627185,"Supermercados del Valle, S.A.",2,Sucursal Quetzaltenango,Quetzaltenango,Quetzaltenango,Canal tienda,923.84,1,PROD-002,Café molido 500 g,Alimentos,7,60.24,421.68,824.86,98.98
GT-DEMO-000146,2026-06-27T16:56:00-06:00,2026-06-27,2026,6,emitido,GTQ,A2,4627185,"Supermercados del Valle, S.A.",2,Sucursal Quetzaltenango,Quetzaltenango,Quetzaltenango,Canal tienda,923.84,2,PROD-001,Café en grano 500 g,Alimentos,4,65.82,263.28,824.86,98.98
GT-DEMO-000146,2026-06-27T16:56:00-06:00,2026-06-27,2026,6,emitido,GTQ,A2,4627185,"Supermercados del Valle, S.A.",2,Sucursal Quetzaltenango,Quetzaltenango,Quetzaltenango,Canal tienda,923.84,3,PROD-002,Café molido 500 g,Alimentos,4,59.72,238.88,824.86,98.98
GT-DEMO-000544,2026-06-28T09:40:00-06:00,2026-06-28,2026,6,emitido,GTQ,B3,6283947,"Distribuidora del Pacífico, S.A.",4,Canal corporativo,Guatemala,Guatemala,Canal corporativo,276.68,1,PROD-001,Café en grano 500 g,Alimentos,4,69.17,276.68,247.04,29.64
GT-DEMO-000110,2026-06-28T11:04:00-06:00,2026-06-28,2026,6,emitido,GTQ,A2,3561894,"Farmacias Vida, S.A.",1,Sucursal Central,Guatemala,Guatemala,Canal tienda,256.88,1,PROD-010,Café descafeinado 500 g,Alimentos,1,72.98,72.98,229.36,27.52
GT-DEMO-000110,2026-06-28T11:04:00-06:00,2026-06-28,2026,6,emitido,GTQ,A2,3561894,"Farmacias Vida, S.A.",1,Sucursal Central,Guatemala,Guatemala,Canal tienda,256.88,2,PROD-006,Servicio de entrega local,Servicios,5,36.78,183.9,229.36,27.52
GT-DEMO-000078,2026-06-28T14:21:00-06:00,2026-06-28,2026,6,emitido,GTQ,A1,CF,Consumidor Final,2,Sucursal Quetzaltenango,Quetzaltenango,Quetzaltenango,Canal tienda,864.87,1,PROD-008,Kit de bienvenida empresarial,Corporativo,3,183.04,549.12,772.21,92.66
GT-DEMO-000078,2026-06-28T14:21:00-06:00,2026-06-28,2026,6,emitido,GTQ,A1,CF,Consumidor Final,2,Sucursal Quetzaltenango,Quetzaltenango,Quetzaltenango,Canal tienda,864.87,2,PROD-002,Café molido 500 g,Alimentos,5,63.15,315.75,772.21,92.66
GT-DEMO-000380,2026-06-28T17:35:00-06:00,2026-06-28,2026,6,emitido,GTQ,B1,3561894,"Farmacias Vida, S.A.",2,Sucursal Quetzaltenango,Quetzaltenango,Quetzaltenango,Canal tienda,299.73,1,PROD-006,Servicio de entrega local,Servicios,5,36.64,183.2,267.61,32.12
GT-DEMO-000380,2026-06-28T17:35:00-06:00,2026-06-28,2026,6,emitido,GTQ,B1,3561894,"Farmacias Vida, S.A.",2,Sucursal Quetzaltenango,Quetzaltenango,Quetzaltenango,Canal tienda,299.73,2,PROD-005,Taza cerámica corporativa,Accesorios,1,53.35,53.35,267.61,32.12
GT-DEMO-000380,2026-06-28T17:35:00-06:00,2026-06-28,2026,6,emitido,GTQ,B1,3561894,"Farmacias Vida, S.A.",2,Sucursal Quetzaltenango,Quetzaltenango,Quetzaltenango,Canal tienda,299.73,3,PROD-007,Servicio de entrega departamental,Servicios,1,63.18,63.18,267.61,32.12
GT-DEMO-000536,2026-06-29T10:11:00-06:00,2026-06-29,2026,6,emitido,GTQ,B3,9037812,"Grupo Empresarial Centroamericano, S.A.",2,Sucursal Quetzaltenango,Quetzaltenango,Quetzaltenango,Canal tienda,66.09,1,PROD-007,Servicio de entrega departamental,Servicios,1,66.09,66.09,59.01,7.08
GT-DEMO-000277,2026-06-29T13:10:00-06:00,2026-06-29,2026,6,emitido,GTQ,A3,9037812,"Grupo Empresarial Centroamericano, S.A.",3,Sucursal Escuintla,Escuintla,Escuintla,Canal tienda,728.19,1,PROD-011,Galletas artesanales 12 unidades,Alimentos,3,44.97,134.91,650.17,78.02
GT-DEMO-000277,2026-06-29T13:10:00-06:00,2026-06-29,2026,6,emitido,GTQ,A3,9037812,"Grupo Empresarial Centroamericano, S.A.",3,Sucursal Escuintla,Escuintla,Escuintla,Canal tienda,728.19,2,PROD-004,Termo corporativo 500 ml,Accesorios,6,98.88,593.28,650.17,78.02
GT-DEMO-000700,2026-06-29T13:59:00-06:00,2026-06-29,2026,6,emitido,GTQ,C1,9037812,"Grupo Empresarial Centroamericano, S.A.",4,Canal corporativo,Guatemala,Guatemala,Canal corporativo,455.09,1,PROD-006,Servicio de entrega local,Servicios,4,36.86,147.44,406.33,48.76
GT-DEMO-000700,2026-06-29T13:59:00-06:00,2026-06-29,2026,6,emitido,GTQ,C1,9037812,"Grupo Empresarial Centroamericano, S.A.",4,Canal corporativo,Guatemala,Guatemala,Canal corporativo,455.09,2,PROD-011,Galletas artesanales 12 unidades,Alimentos,7,43.95,307.65,406.33,48.76
GT-DEMO-000300,2026-06-29T18:23:00-06:00,2026-06-29,2026,6,emitido,GTQ,A3,CF,Consumidor Final,1,Sucursal Central,Guatemala,Guatemala,Canal tienda,485.39,1,PROD-009,Suscripción mensual de café,Suscripciones,1,249.27,249.27,433.39,52.0
GT-DEMO-000300,2026-06-29T18:23:00-06:00,2026-06-29,2026,6,emitido,GTQ,A3,CF,Consumidor Final,1,Sucursal Central,Guatemala,Guatemala,Canal tienda,485.39,2,PROD-005,Taza cerámica corporativa,Accesorios,1,55.57,55.57,433.39,52.0
GT-DEMO-000300,2026-06-29T18:23:00-06:00,2026-06-29,2026,6,emitido,GTQ,A3,CF,Consumidor Final,1,Sucursal Central,Guatemala,Guatemala,Canal tienda,485.39,3,PROD-006,Servicio de entrega local,Servicios,5,36.11,180.55,433.39,52.0
GT-DEMO-000309,2026-06-30T08:59:00-06:00,2026-06-30,2026,6,emitido,GTQ,B1,CF,Consumidor Final,3,Sucursal Escuintla,Escuintla,Escuintla,Canal tienda,670.77,1,PROD-002,Café molido 500 g,Alimentos,5,66.09,330.45,598.9,71.87
GT-DEMO-000309,2026-06-30T08:59:00-06:00,2026-06-30,2026,6,emitido,GTQ,B1,CF,Consumidor Final,3,Sucursal Escuintla,Escuintla,Escuintla,Canal tienda,670.77,2,PROD-003,Té premium caja 25 unidades,Alimentos,8,42.54,340.32,598.9,71.87
GT-DEMO-000076,2026-06-30T12:42:00-06:00,2026-06-30,2026,6,emitido,GTQ,A1,4627185,"Supermercados del Valle, S.A.",3,Sucursal Escuintla,Escuintla,Escuintla,Canal tienda,242.7,1,PROD-011,Galletas artesanales 12 unidades,Alimentos,6,40.45,242.7,216.7,26.0
GT-DEMO-000347,2026-06-30T15:12:00-06:00,2026-06-30,2026,6,emitido,GTQ,B1,CF,Consumidor Final,2,Sucursal Quetzaltenango,Quetzaltenango,Quetzaltenango,Canal tienda,185.85,1,PROD-002,Café molido 500 g,Alimentos,1,59.17,59.17,165.94,19.91
GT-DEMO-000347,2026-06-30T15:12:00-06:00,2026-06-30,2026,6,emitido,GTQ,B1,CF,Consumidor Final,2,Sucursal Quetzaltenango,Quetzaltenango,Quetzaltenango,Canal tienda,185.85,2,PROD-002,Café molido 500 g,Alimentos,2,63.34,126.68,165.94,19.91
GT-DEMO-000093,2026-07-01T15:03:00-06:00,2026-07-01,2026,7,emitido,GTQ,A1,4857291,"Comercial La Estrella, S.A.",1,Sucursal Central,Guatemala,Guatemala,Canal tienda,416.99,1,PROD-006,Servicio de entrega local,Servicios,8,35.32,282.56,372.32,44.67
GT-DEMO-000093,2026-07-01T15:03:00-06:00,2026-07-01,2026,7,emitido,GTQ,A1,4857291,"Comercial La Estrella, S.A.",1,Sucursal Central,Guatemala,Guatemala,Canal tienda,416.99,2,PROD-011,Galletas artesanales 12 unidades,Alimentos,3,44.81,134.43,372.32,44.67
GT-DEMO-000370,2026-07-03T18:49:00-06:00,2026-07-03,2026,7,emitido,GTQ,B1,7264519,"Transportes del Sur, S.A.",2,Sucursal Quetzaltenango,Quetzaltenango,Quetzaltenango,Canal tienda,1208.5,1,PROD-007,Servicio de entrega departamental,Servicios,8,64.85,518.8,1079.01,129.49
GT-DEMO-000370,2026-07-03T18:49:00-06:00,2026-07-03,2026,7,emitido,GTQ,B1,7264519,"Transportes del Sur, S.A.",2,Sucursal Quetzaltenango,Quetzaltenango,Quetzaltenango,Canal tienda,1208.5,2,PROD-009,Suscripción mensual de café,Suscripciones,3,229.9,689.7,1079.01,129.49
GT-DEMO-000327,2026-07-04T09:12:00-06:00,2026-07-04,2026,7,emitido,GTQ,B1,7264519,"Transportes del Sur, S.A.",3,Sucursal Escuintla,Escuintla,Escuintla,Canal tienda,947.28,1,PROD-002,Café molido 500 g,Alimentos,3,59.68,179.04,845.79,101.49
GT-DEMO-000327,2026-07-04T09:12:00-06:00,2026-07-04,2026,7,emitido,GTQ,B1,7264519,"Transportes del Sur, S.A.",3,Sucursal Escuintla,Escuintla,Escuintla,Canal tienda,947.28,2,PROD-002,Café molido 500 g,Alimentos,8,60.5,484.0,845.79,101.49
GT-DEMO-000327,2026-07-04T09:12:00-06:00,2026-07-04,2026,7,emitido,GTQ,B1,7264519,"Transportes del Sur, S.A.",3,Sucursal Escuintla,Escuintla,Escuintla,Canal tienda,947.28,3,PROD-001,Café en grano 500 g,Alimentos,4,71.06,284.24,845.79,101.49
GT-DEMO-000160,2026-07-04T10:38:00-06:00,2026-07-04,2026,7,emitido,GTQ,A2,8146293,"Hotel Vista Real, S.A.",1,Sucursal Central,Guatemala,Guatemala,Canal tienda,259.92,1,PROD-003,Té premium caja 25 unidades,Alimentos,4,45.42,181.68,232.07,27.85
GT-DEMO-000160,2026-07-04T10:38:00-06:00,2026-07-04,2026,7,emitido,GTQ,A2,8146293,"Hotel Vista Real, S.A.",1,Sucursal Central,Guatemala,Guatemala,Canal tienda,259.92,2,PROD-011,Galletas artesanales 12 unidades,Alimentos,1,41.17,41.17,232.07,27.85
GT-DEMO-000160,2026-07-04T10:38:00-06:00,2026-07-04,2026,7,emitido,GTQ,A2,8146293,"Hotel Vista Real, S.A.",1,Sucursal Central,Guatemala,Guatemala,Canal tienda,259.92,3,PROD-006,Servicio de entrega local,Servicios,1,37.07,37.07,232.07,27.85
GT-DEMO-000353,2026-07-04T12:16:00-06:00,2026-07-04,2026,7,emitido,GTQ,B1,5172948,"Restaurantes El Buen Sabor, S.A.",2,Sucursal Quetzaltenango,Quetzaltenango,Quetzaltenango,Canal tienda,2072.56,1,PROD-009,Suscripción mensual de café,Suscripciones,8,259.07,2072.56,1850.5,222.06
GT-DEMO-000099,2026-07-04T13:44:00-06:00,2026-07-04,2026,7,emitido,GTQ,A1,4857291,"Comercial La Estrella, S.A.",4,Canal corporativo,Guatemala,Guatemala,Canal corporativo,449.94,1,PROD-011,Galletas artesanales 12 unidades,Alimentos,4,40.59,162.36,401.73,48.21
GT-DEMO-000099,2026-07-04T13:44:00-06:00,2026-07-04,2026,7,emitido,GTQ,A1,4857291,"Comercial La Estrella, S.A.",4,Canal corporativo,Guatemala,Guatemala,Canal corporativo,449.94,2,PROD-003,Té premium caja 25 unidades,Alimentos,6,47.93,287.58,401.73,48.21
GT-DEMO-000553,2026-07-04T17:10:00-06:00,2026-07-04,2026,7,emitido,GTQ,B3,5172948,"Restaurantes El Buen Sabor, S.A.",3,Sucursal Escuintla,Escuintla,Escuintla,Canal tienda,57.4,1,PROD-005,Taza cerámica corporativa,Accesorios,1,57.4,57.4,51.25,6.15
GT-DEMO-000371,2026-07-04T18:55:00-06:00,2026-07-04,2026,7,emitido,GTQ,B1,6283947,"Distribuidora del Pacífico, S.A.",1,Sucursal Central,Guatemala,Guatemala,Canal tienda,517.27,1,PROD-001,Café en grano 500 g,Alimentos,7,65.01,455.07,461.85,55.42
GT-DEMO-000371,2026-07-04T18:55:00-06:00,2026-07-04,2026,7,emitido,GTQ,B1,6283947,"Distribuidora del Pacífico, S.A.",1,Sucursal Central,Guatemala,Guatemala,Canal tienda,517.27,2,PROD-007,Servicio de entrega departamental,Servicios,1,62.2,62.2,461.85,55.42
GT-DEMO-000148,2026-07-05T13:28:00-06:00,2026-07-05,2026,7,emitido,GTQ,A2,7492631,"Tecnología y Más, S.A.",3,Sucursal Escuintla,Escuintla,Escuintla,Canal tienda,702.07,1,PROD-003,Té premium caja 25 unidades,Alimentos,3,43.49,130.47,626.85,75.22
GT-DEMO-000148,2026-07-05T13:28:00-06:00,2026-07-05,2026,7,emitido,GTQ,A2,7492631,"Tecnología y Más, S.A.",3,Sucursal Escuintla,Escuintla,Escuintla,Canal tienda,702.07,2,PROD-001,Café en grano 500 g,Alimentos,8,71.45,571.6,626.85,75.22
GT-DEMO-000400,2026-07-05T13:56:00-06:00,2026-07-05,2026,7,emitido,GTQ,B1,8146293,"Hotel Vista Real, S.A.",4,Canal corporativo,Guatemala,Guatemala,Canal corporativo,139.58,1,PROD-002,Café molido 500 g,Alimentos,1,66.28,66.28,124.63,14.95
GT-DEMO-000400,2026-07-05T13:56:00-06:00,2026-07-05,2026,7,emitido,GTQ,B1,8146293,"Hotel Vista Real, S.A.",4,Canal corporativo,Guatemala,Guatemala,Canal corporativo,139.58,2,PROD-006,Servicio de entrega local,Servicios,2,36.65,73.3,124.63,14.95
GT-DEMO-000636,2026-07-05T15:28:00-06:00,2026-07-05,2026,7,emitido,GTQ,C1,3561894,"Farmacias Vida, S.A.",2,Sucursal Quetzaltenango,Quetzaltenango,Quetzaltenango,Canal tienda,199.53,1,PROD-007,Servicio de entrega departamental,Servicios,1,67.37,67.37,178.15,21.38
GT-DEMO-000636,2026-07-05T15:28:00-06:00,2026-07-05,2026,7,emitido,GTQ,C1,3561894,"Farmacias Vida, S.A.",2,Sucursal Quetzaltenango,Quetzaltenango,Quetzaltenango,Canal tienda,199.53,2,PROD-002,Café molido 500 g,Alimentos,2,66.08,132.16,178.15,21.38
GT-DEMO-000075,2026-07-06T12:55:00-06:00,2026-07-06,2026,7,emitido,GTQ,A1,4627185,"Supermercados del Valle, S.A.",1,Sucursal Central,Guatemala,Guatemala,Canal tienda,2282.21,1,PROD-009,Suscripción mensual de café,Suscripciones,1,256.01,256.01,2037.68,244.53
GT-DEMO-000075,2026-07-06T12:55:00-06:00,2026-07-06,2026,7,emitido,GTQ,A1,4627185,"Supermercados del Valle, S.A.",1,Sucursal Central,Guatemala,Guatemala,Canal tienda,2282.21,2,PROD-011,Galletas artesanales 12 unidades,Alimentos,2,40.26,80.52,2037.68,244.53
GT-DEMO-000075,2026-07-06T12:55:00-06:00,2026-07-06,2026,7,emitido,GTQ,A1,4627185,"Supermercados del Valle, S.A.",1,Sucursal Central,Guatemala,Guatemala,Canal tienda,2282.21,3,PROD-009,Suscripción mensual de café,Suscripciones,8,243.21,1945.68,2037.68,244.53
GT-DEMO-000021,2026-07-06T16:26:00-06:00,2026-07-06,2026,7,emitido,GTQ,A1,5172948,"Restaurantes El Buen Sabor, S.A.",4,Canal corporativo,Guatemala,Guatemala,Canal corporativo,201.42,1,PROD-006,Servicio de entrega local,Servicios,6,33.57,201.42,179.84,21.58
GT-DEMO-000571,2026-07-07T09:29:00-06:00,2026-07-07,2026,7,anulado,GTQ,B3,CF,Consumidor Final,4,Canal corporativo,Guatemala,Guatemala,Canal corporativo,425.4,1,PROD-001,Café en grano 500 g,Alimentos,3,70.05,210.15,379.81,45.59
GT-DEMO-000571,2026-07-07T09:29:00-06:00,2026-07-07,2026,7,anulado,GTQ,B3,CF,Consumidor Final,4,Canal corporativo,Guatemala,Guatemala,Canal corporativo,425.4,2,PROD-001,Café en grano 500 g,Alimentos,2,73.02,146.04,379.81,45.59
GT-DEMO-000571,2026-07-07T09:29:00-06:00,2026-07-07,2026,7,anulado,GTQ,B3,CF,Consumidor Final,4,Canal corporativo,Guatemala,Guatemala,Canal corporativo,425.4,3,PROD-007,Servicio de entrega departamental,Servicios,1,69.21,69.21,379.81,45.59
GT-DEMO-000136,2026-07-08T14:35:00-06:00,2026-07-08,2026,7,emitido,GTQ,A2,7492631,"Tecnología y Más, S.A.",2,Sucursal Quetzaltenango,Quetzaltenango,Quetzaltenango,Canal tienda,1337.42,1,PROD-002,Café molido 500 g,Alimentos,6,66.07,396.42,1194.13,143.29
GT-DEMO-000136,2026-07-08T14:35:00-06:00,2026-07-08,2026,7,emitido,GTQ,A2,7492631,"Tecnología y Más, S.A.",2,Sucursal Quetzaltenango,Quetzaltenango,Quetzaltenango,Canal tienda,1337.42,2,PROD-009,Suscripción mensual de café,Suscripciones,4,235.25,941.0,1194.13,143.29
GT-DEMO-000084,2026-07-09T11:36:00-06:00,2026-07-09,2026,7,emitido,GTQ,A1,3561894,"Farmacias Vida, S.A.",2,Sucursal Quetzaltenango,Quetzaltenango,Quetzaltenango,Canal tienda,346.45,1,PROD-010,Café descafeinado 500 g,Alimentos,5,69.29,346.45,309.33,37.12
GT-DEMO-000278,2026-07-10T10:42:00-06:00,2026-07-10,2026,7,emitido,GTQ,A3,CF,Consumidor Final,1,Sucursal Central,Guatemala,Guatemala,Canal tienda,209.02,1,PROD-011,Galletas artesanales 12 unidades,Alimentos,2,42.42,84.84,186.63,22.39
GT-DEMO-000278,2026-07-10T10:42:00-06:00,2026-07-10,2026,7,emitido,GTQ,A3,CF,Consumidor Final,1,Sucursal Central,Guatemala,Guatemala,Canal tienda,209.02,2,PROD-002,Café molido 500 g,Alimentos,2,62.09,124.18,186.63,22.39
GT-DEMO-000339,2026-07-10T13:06:00-06:00,2026-07-10,2026,7,emitido,GTQ,B1,CF,Consumidor Final,1,Sucursal Central,Guatemala,Guatemala,Canal tienda,790.21,1,PROD-011,Galletas artesanales 12 unidades,Alimentos,8,39.74,317.92,705.55,84.66
GT-DEMO-000339,2026-07-10T13:06:00-06:00,2026-07-10,2026,7,emitido,GTQ,B1,CF,Consumidor Final,1,Sucursal Central,Guatemala,Guatemala,Canal tienda,790.21,2,PROD-001,Café en grano 500 g,Alimentos,7,67.47,472.29,705.55,84.66
GT-DEMO-000013,2026-07-10T18:14:00-06:00,2026-07-10,2026,7,emitido,GTQ,A1,7492631,"Tecnología y Más, S.A.",1,Sucursal Central,Guatemala,Guatemala,Canal tienda,4897.71,1,PROD-009,Suscripción mensual de café,Suscripciones,8,247.89,1983.12,4372.96,524.75
GT-DEMO-000013,2026-07-10T18:14:00-06:00,2026-07-10,2026,7,emitido,GTQ,A1,7492631,"Tecnología y Más, S.A.",1,Sucursal Central,Guatemala,Guatemala,Canal tienda,4897.71,2,PROD-012,Caja regalo premium,Corporativo,7,319.92,2239.44,4372.96,524.75
GT-DEMO-000013,2026-07-10T18:14:00-06:00,2026-07-10,2026,7,emitido,GTQ,A1,7492631,"Tecnología y Más, S.A.",1,Sucursal Central,Guatemala,Guatemala,Canal tienda,4897.71,3,PROD-002,Café molido 500 g,Alimentos,7,62.62,438.34,4372.96,524.75
GT-DEMO-000013,2026-07-10T18:14:00-06:00,2026-07-10,2026,7,emitido,GTQ,A1,7492631,"Tecnología y Más, S.A.",1,Sucursal Central,Guatemala,Guatemala,Canal tienda,4897.71,4,PROD-006,Servicio de entrega local,Servicios,7,33.83,236.81,4372.96,524.75
GT-DEMO-000036,2026-07-11T14:27:00-06:00,2026-07-11,2026,7,emitido,GTQ,A1,CF,Consumidor Final,1,Sucursal Central,Guatemala,Guatemala,Canal tienda,337.7,1,PROD-012,Caja regalo premium,Corporativo,1,337.7,337.7,301.52,36.18
GT-DEMO-000037,2026-07-12T09:00:00-06:00,2026-07-12,2026,7,emitido,GTQ,A1,7812456,"Servicios Integrales Maya, S.A.",1,Sucursal Central,Guatemala,Guatemala,Canal tienda,1154.54,1,PROD-002,Café molido 500 g,Alimentos,8,62.15,497.2,1030.84,123.7
GT-DEMO-000037,2026-07-12T09:00:00-06:00,2026-07-12,2026,7,emitido,GTQ,A1,7812456,"Servicios Integrales Maya, S.A.",1,Sucursal Central,Guatemala,Guatemala,Canal tienda,1154.54,2,PROD-001,Café en grano 500 g,Alimentos,7,66.07,462.49,1030.84,123.7
GT-DEMO-000037,2026-07-12T09:00:00-06:00,2026-07-12,2026,7,emitido,GTQ,A1,7812456,"Servicios Integrales Maya, S.A.",1,Sucursal Central,Guatemala,Guatemala,Canal tienda,1154.54,3,PROD-002,Café molido 500 g,Alimentos,3,64.95,194.85,1030.84,123.7
GT-DEMO-000682,2026-07-12T12:02:00-06:00,2026-07-12,2026,7,emitido,GTQ,C1,4627185,"Supermercados del Valle, S.A.",3,Sucursal Escuintla,Escuintla,Escuintla,Canal tienda,290.67,1,PROD-009,Suscripción mensual de café,Suscripciones,1,227.05,227.05,259.52,31.15
GT-DEMO-000682,2026-07-12T12:02:00-06:00,2026-07-12,2026,7,emitido,GTQ,C1,4627185,"Supermercados del Valle, S.A.",3,Sucursal Escuintla,Escuintla,Escuintla,Canal tienda,290.67,2,PROD-002,Café molido 500 g,Alimentos,1,63.62,63.62,259.52,31.15
GT-DEMO-000198,2026-07-12T12:14:00-06:00,2026-07-12,2026,7,emitido,GTQ,A2,5172948,"Restaurantes El Buen Sabor, S.A.",4,Canal corporativo,Guatemala,Guatemala,Canal corporativo,1227.65,1,PROD-009,Suscripción mensual de café,Suscripciones,5,245.53,1227.65,1096.12,131.53
GT-DEMO-000537,2026-07-12T15:39:00-06:00,2026-07-12,2026,7,emitido,GTQ,B3,CF,Consumidor Final,3,Sucursal Escuintla,Escuintla,Escuintla,Canal tienda,1699.94,1,PROD-008,Kit de bienvenida empresarial,Corporativo,6,188.47,1130.82,1517.8,182.14
GT-DEMO-000537,2026-07-12T15:39:00-06:00,2026-07-12,2026,7,emitido,GTQ,B3,CF,Consumidor Final,3,Sucursal Escuintla,Escuintla,Escuintla,Canal tienda,1699.94,2,PROD-001,Café en grano 500 g,Alimentos,8,71.14,569.12,1517.8,182.14
GT-DEMO-000694,2026-07-13T16:38:00-06:00,2026-07-13,2026,7,emitido,GTQ,C1,6283947,"Distribuidora del Pacífico, S.A.",1,Sucursal Central,Guatemala,Guatemala,Canal tienda,683.09,1,PROD-011,Galletas artesanales 12 unidades,Alimentos,1,41.6,41.6,609.9,73.19
GT-DEMO-000694,2026-07-13T16:38:00-06:00,2026-07-13,2026,7,emitido,GTQ,C1,6283947,"Distribuidora del Pacífico, S.A.",1,Sucursal Central,Guatemala,Guatemala,Canal tienda,683.09,2,PROD-008,Kit de bienvenida empresarial,Corporativo,1,169.89,169.89,609.9,73.19
GT-DEMO-000694,2026-07-13T16:38:00-06:00,2026-07-13,2026,7,emitido,GTQ,C1,6283947,"Distribuidora del Pacífico, S.A.",1,Sucursal Central,Guatemala,Guatemala,Canal tienda,683.09,3,PROD-005,Taza cerámica corporativa,Accesorios,8,58.95,471.6,609.9,73.19
GT-DEMO-000402,2026-07-13T18:08:00-06:00,2026-07-13,2026,7,emitido,GTQ,B2,9037812,"Grupo Empresarial Centroamericano, S.A.",3,Sucursal Escuintla,Escuintla,Escuintla,Canal tienda,586.69,1,PROD-010,Café descafeinado 500 g,Alimentos,5,70.62,353.1,523.83,62.86
GT-DEMO-000402,2026-07-13T18:08:00-06:00,2026-07-13,2026,7,emitido,GTQ,B2,9037812,"Grupo Empresarial Centroamericano, S.A.",3,Sucursal Escuintla,Escuintla,Escuintla,Canal tienda,586.69,2,PROD-006,Servicio de entrega local,Servicios,7,33.37,233.59,523.83,62.86
GT-DEMO-000256,2026-07-14T18:23:00-06:00,2026-07-14,2026,7,emitido,GTQ,A3,6283947,"Distribuidora del Pacífico, S.A.",4,Canal corporativo,Guatemala,Guatemala,Canal corporativo,743.26,1,PROD-003,Té premium caja 25 unidades,Alimentos,2,47.41,94.82,663.62,79.64
GT-DEMO-000256,2026-07-14T18:23:00-06:00,2026-07-14,2026,7,emitido,GTQ,A3,6283947,"Distribuidora del Pacífico, S.A.",4,Canal corporativo,Guatemala,Guatemala,Canal corporativo,743.26,2,PROD-002,Café molido 500 g,Alimentos,8,58.76,470.08,663.62,79.64
GT-DEMO-000256,2026-07-14T18:23:00-06:00,2026-07-14,2026,7,emitido,GTQ,A3,6283947,"Distribuidora del Pacífico, S.A.",4,Canal corporativo,Guatemala,Guatemala,Canal corporativo,743.26,3,PROD-011,Galletas artesanales 12 unidades,Alimentos,4,44.59,178.36,663.62,79.64
GT-DEMO-000500,2026-07-15T11:16:00-06:00,2026-07-15,2026,7,emitido,GTQ,B2,9037812,"Grupo Empresarial Centroamericano, S.A.",2,Sucursal Quetzaltenango,Quetzaltenango,Quetzaltenango,Canal tienda,192.09,1,PROD-001,Café en grano 500 g,Alimentos,3,64.03,192.09,171.51,20.58
GT-DEMO-000423,2026-07-15T18:23:00-06:00,2026-07-15,2026,7,emitido,GTQ,B2,5172948,"Restaurantes El Buen Sabor, S.A.",3,Sucursal Escuintla,Escuintla,Escuintla,Canal tienda,818.1,1,PROD-011,Galletas artesanales 12 unidades,Alimentos,8,43.95,351.6,730.45,87.65
GT-DEMO-000423,2026-07-15T18:23:00-06:00,2026-07-15,2026,7,emitido,GTQ,B2,5172948,"Restaurantes El Buen Sabor, S.A.",3,Sucursal Escuintla,Escuintla,Escuintla,Canal tienda,818.1,2,PROD-004,Termo corporativo 500 ml,Accesorios,5,93.3,466.5,730.45,87.65
GT-DEMO-000207,2026-07-16T15:31:00-06:00,2026-07-16,2026,7,emitido,GTQ,A3,7492631,"Tecnología y Más, S.A.",4,Canal corporativo,Guatemala,Guatemala,Canal corporativo,816.81,1,PROD-003,Té premium caja 25 unidades,Alimentos,1,45.19,45.19,729.29,87.52
GT-DEMO-000207,2026-07-16T15:31:00-06:00,2026-07-16,2026,7,emitido,GTQ,A3,7492631,"Tecnología y Más, S.A.",4,Canal corporativo,Guatemala,Guatemala,Canal corporativo,816.81,2,PROD-011,Galletas artesanales 12 unidades,Alimentos,4,41.15,164.6,729.29,87.52
GT-DEMO-000207,2026-07-16T15:31:00-06:00,2026-07-16,2026,7,emitido,GTQ,A3,7492631,"Tecnología y Más, S.A.",4,Canal corporativo,Guatemala,Guatemala,Canal corporativo,816.81,3,PROD-012,Caja regalo premium,Corporativo,2,303.51,607.02,729.29,87.52
GT-DEMO-000467,2026-07-17T10:34:00-06:00,2026-07-17,2026,7,emitido,GTQ,B2,CF,Consumidor Final,1,Sucursal Central,Guatemala,Guatemala,Canal tienda,646.65,1,PROD-010,Café descafeinado 500 g,Alimentos,3,74.35,223.05,577.37,69.28
GT-DEMO-000467,2026-07-17T10:34:00-06:00,2026-07-17,2026,7,emitido,GTQ,B2,CF,Consumidor Final,1,Sucursal Central,Guatemala,Guatemala,Canal tienda,646.65,2,PROD-001,Café en grano 500 g,Alimentos,2,66.27,132.54,577.37,69.28
GT-DEMO-000467,2026-07-17T10:34:00-06:00,2026-07-17,2026,7,emitido,GTQ,B2,CF,Consumidor Final,1,Sucursal Central,Guatemala,Guatemala,Canal tienda,646.65,3,PROD-003,Té premium caja 25 unidades,Alimentos,6,48.51,291.06,577.37,69.28
GT-DEMO-000368,2026-07-17T12:01:00-06:00,2026-07-17,2026,7,emitido,GTQ,B1,5172948,"Restaurantes El Buen Sabor, S.A.",4,Canal corporativo,Guatemala,Guatemala,Canal corporativo,1685.42,1,PROD-011,Galletas artesanales 12 unidades,Alimentos,6,39.77,238.62,1504.84,180.58
GT-DEMO-000368,2026-07-17T12:01:00-06:00,2026-07-17,2026,7,emitido,GTQ,B1,5172948,"Restaurantes El Buen Sabor, S.A.",4,Canal corporativo,Guatemala,Guatemala,Canal corporativo,1685.42,2,PROD-008,Kit de bienvenida empresarial,Corporativo,8,180.85,1446.8,1504.84,180.58
GT-DEMO-000005,2026-07-17T17:23:00-06:00,2026-07-17,2026,7,emitido,GTQ,A1,CF,Consumidor Final,1,Sucursal Central,Guatemala,Guatemala,Canal tienda,292.25,1,PROD-011,Galletas artesanales 12 unidades,Alimentos,7,41.75,292.25,260.94,31.31
GT-DEMO-000653,2026-07-18T09:55:00-06:00,2026-07-18,2026,7,emitido,GTQ,C1,9037812,"Grupo Empresarial Centroamericano, S.A.",2,Sucursal Quetzaltenango,Quetzaltenango,Quetzaltenango,Canal tienda,996.91,1,PROD-008,Kit de bienvenida empresarial,Corporativo,4,187.18,748.72,890.1,106.81
GT-DEMO-000653,2026-07-18T09:55:00-06:00,2026-07-18,2026,7,emitido,GTQ,C1,9037812,"Grupo Empresarial Centroamericano, S.A.",2,Sucursal Quetzaltenango,Quetzaltenango,Quetzaltenango,Canal tienda,996.91,2,PROD-009,Suscripción mensual de café,Suscripciones,1,248.19,248.19,890.1,106.81
GT-DEMO-000343,2026-07-18T11:42:00-06:00,2026-07-18,2026,7,emitido,GTQ,B1,9037812,"Grupo Empresarial Centroamericano, S.A.",4,Canal corporativo,Guatemala,Guatemala,Canal corporativo,808.98,1,PROD-011,Galletas artesanales 12 unidades,Alimentos,1,42.91,42.91,722.3,86.68
GT-DEMO-000343,2026-07-18T11:42:00-06:00,2026-07-18,2026,7,emitido,GTQ,B1,9037812,"Grupo Empresarial Centroamericano, S.A.",4,Canal corporativo,Guatemala,Guatemala,Canal corporativo,808.98,2,PROD-004,Termo corporativo 500 ml,Accesorios,1,91.19,91.19,722.3,86.68
GT-DEMO-000343,2026-07-18T11:42:00-06:00,2026-07-18,2026,7,emitido,GTQ,B1,9037812,"Grupo Empresarial Centroamericano, S.A.",4,Canal corporativo,Guatemala,Guatemala,Canal corporativo,808.98,3,PROD-003,Té premium caja 25 unidades,Alimentos,1,46.64,46.64,722.3,86.68
GT-DEMO-000343,2026-07-18T11:42:00-06:00,2026-07-18,2026,7,emitido,GTQ,B1,9037812,"Grupo Empresarial Centroamericano, S.A.",4,Canal corporativo,Guatemala,Guatemala,Canal corporativo,808.98,4,PROD-012,Caja regalo premium,Corporativo,2,314.12,628.24,722.3,86.68
GT-DEMO-000533,2026-07-18T13:07:00-06:00,2026-07-18,2026,7,emitido,GTQ,B3,CF,Consumidor Final,1,Sucursal Central,Guatemala,Guatemala,Canal tienda,2091.75,1,PROD-002,Café molido 500 g,Alimentos,3,61.83,185.49,1867.64,224.11
GT-DEMO-000533,2026-07-18T13:07:00-06:00,2026-07-18,2026,7,emitido,GTQ,B3,CF,Consumidor Final,1,Sucursal Central,Guatemala,Guatemala,Canal tienda,2091.75,2,PROD-012,Caja regalo premium,Corporativo,6,317.71,1906.26,1867.64,224.11
GT-DEMO-000659,2026-07-18T16:10:00-06:00,2026-07-18,2026,7,emitido,GTQ,C1,5172948,"Restaurantes El Buen Sabor, S.A.",1,Sucursal Central,Guatemala,Guatemala,Canal tienda,310.94,1,PROD-001,Café en grano 500 g,Alimentos,2,67.37,134.74,277.62,33.32
GT-DEMO-000659,2026-07-18T16:10:00-06:00,2026-07-18,2026,7,emitido,GTQ,C1,5172948,"Restaurantes El Buen Sabor, S.A.",1,Sucursal Central,Guatemala,Guatemala,Canal tienda,310.94,2,PROD-003,Té premium caja 25 unidades,Alimentos,4,44.05,176.2,277.62,33.32
GT-DEMO-000156,2026-07-18T18:40:00-06:00,2026-07-18,2026,7,emitido,GTQ,A2,7264519,"Transportes del Sur, S.A.",1,Sucursal Central,Guatemala,Guatemala,Canal tienda,230.64,1,PROD-003,Té premium caja 25 unidades,Alimentos,2,43.05,86.1,205.93,24.71
GT-DEMO-000156,2026-07-18T18:40:00-06:00,2026-07-18,2026,7,emitido,GTQ,A2,7264519,"Transportes del Sur, S.A.",1,Sucursal Central,Guatemala,Guatemala,Canal tienda,230.64,2,PROD-001,Café en grano 500 g,Alimentos,2,72.27,144.54,205.93,24.71
GT-DEMO-000403,2026-07-18T18:49:00-06:00,2026-07-18,2026,7,emitido,GTQ,B2,7492631,"Tecnología y Más, S.A.",3,Sucursal Escuintla,Escuintla,Escuintla,Canal tienda,571.52,1,PROD-003,Té premium caja 25 unidades,Alimentos,5,42.98,214.9,510.29,61.23
GT-DEMO-000403,2026-07-18T18:49:00-06:00,2026-07-18,2026,7,emitido,GTQ,B2,7492631,"Tecnología y Más, S.A.",3,Sucursal Escuintla,Escuintla,Escuintla,Canal tienda,571.52,2,PROD-008,Kit de bienvenida empresarial,Corporativo,2,178.31,356.62,510.29,61.23
GT-DEMO-000144,2026-07-19T14:19:00-06:00,2026-07-19,2026,7,anulado,GTQ,A2,3561894,"Farmacias Vida, S.A.",2,Sucursal Quetzaltenango,Quetzaltenango,Quetzaltenango,Canal tienda,1419.66,1,PROD-011,Galletas artesanales 12 unidades,Alimentos,8,43.13,345.04,1267.55,152.11
GT-DEMO-000144,2026-07-19T14:19:00-06:00,2026-07-19,2026,7,anulado,GTQ,A2,3561894,"Farmacias Vida, S.A.",2,Sucursal Quetzaltenango,Quetzaltenango,Quetzaltenango,Canal tienda,1419.66,2,PROD-009,Suscripción mensual de café,Suscripciones,3,253.36,760.08,1267.55,152.11
GT-DEMO-000144,2026-07-19T14:19:00-06:00,2026-07-19,2026,7,anulado,GTQ,A2,3561894,"Farmacias Vida, S.A.",2,Sucursal Quetzaltenango,Quetzaltenango,Quetzaltenango,Canal tienda,1419.66,3,PROD-004,Termo corporativo 500 ml,Accesorios,2,100.85,201.7,1267.55,152.11
GT-DEMO-000144,2026-07-19T14:19:00-06:00,2026-07-19,2026,7,anulado,GTQ,A2,3561894,"Farmacias Vida, S.A.",2,Sucursal Quetzaltenango,Quetzaltenango,Quetzaltenango,Canal tienda,1419.66,4,PROD-005,Taza cerámica corporativa,Accesorios,2,56.42,112.84,1267.55,152.11
GT-DEMO-000307,2026-07-20T10:12:00-06:00,2026-07-20,2026,7,emitido,GTQ,B1,7264519,"Transportes del Sur, S.A.",1,Sucursal Central,Guatemala,Guatemala,Canal tienda,562.09,1,PROD-006,Servicio de entrega local,Servicios,5,37.28,186.4,501.88,60.21
GT-DEMO-000307,2026-07-20T10:12:00-06:00,2026-07-20,2026,7,emitido,GTQ,B1,7264519,"Transportes del Sur, S.A.",1,Sucursal Central,Guatemala,Guatemala,Canal tienda,562.09,2,PROD-006,Servicio de entrega local,Servicios,6,35.38,212.28,501.88,60.21
GT-DEMO-000307,2026-07-20T10:12:00-06:00,2026-07-20,2026,7,emitido,GTQ,B1,7264519,"Transportes del Sur, S.A.",1,Sucursal Central,Guatemala,Guatemala,Canal tienda,562.09,3,PROD-002,Café molido 500 g,Alimentos,1,60.89,60.89,501.88,60.21
GT-DEMO-000307,2026-07-20T10:12:00-06:00,2026-07-20,2026,7,emitido,GTQ,B1,7264519,"Transportes del Sur, S.A.",1,Sucursal Central,Guatemala,Guatemala,Canal tienda,562.09,4,PROD-004,Termo corporativo 500 ml,Accesorios,1,102.52,102.52,501.88,60.21
GT-DEMO-000194,2026-07-20T16:12:00-06:00,2026-07-20,2026,7,emitido,GTQ,A2,7492631,"Tecnología y Más, S.A.",2,Sucursal Quetzaltenango,Quetzaltenango,Quetzaltenango,Canal tienda,497.39,1,PROD-006,Servicio de entrega local,Servicios,8,34.85,278.8,444.1,53.29
GT-DEMO-000194,2026-07-20T16:12:00-06:00,2026-07-20,2026,7,emitido,GTQ,A2,7492631,"Tecnología y Más, S.A.",2,Sucursal Quetzaltenango,Quetzaltenango,Quetzaltenango,Canal tienda,497.39,2,PROD-002,Café molido 500 g,Alimentos,3,60.4,181.2,444.1,53.29
GT-DEMO-000194,2026-07-20T16:12:00-06:00,2026-07-20,2026,7,emitido,GTQ,A2,7492631,"Tecnología y Más, S.A.",2,Sucursal Quetzaltenango,Quetzaltenango,Quetzaltenango,Canal tienda,497.39,3,PROD-006,Servicio de entrega local,Servicios,1,37.39,37.39,444.1,53.29
GT-DEMO-000430,2026-07-20T18:27:00-06:00,2026-07-20,2026,7,emitido,GTQ,B2,CF,Consumidor Final,4,Canal corporativo,Guatemala,Guatemala,Canal corporativo,2228.29,1,PROD-012,Caja regalo premium,Corporativo,7,308.58,2160.06,1989.55,238.74
GT-DEMO-000430,2026-07-20T18:27:00-06:00,2026-07-20,2026,7,emitido,GTQ,B2,CF,Consumidor Final,4,Canal corporativo,Guatemala,Guatemala,Canal corporativo,2228.29,2,PROD-007,Servicio de entrega departamental,Servicios,1,68.23,68.23,1989.55,238.74
GT-DEMO-000034,2026-07-21T17:11:00-06:00,2026-07-21,2026,7,emitido,GTQ,A1,CF,Consumidor Final,3,Sucursal Escuintla,Escuintla,Escuintla,Canal tienda,401.75,1,PROD-011,Galletas artesanales 12 unidades,Alimentos,7,41.48,290.36,358.71,43.04
GT-DEMO-000034,2026-07-21T17:11:00-06:00,2026-07-21,2026,7,emitido,GTQ,A1,CF,Consumidor Final,3,Sucursal Escuintla,Escuintla,Escuintla,Canal tienda,401.75,2,PROD-006,Servicio de entrega local,Servicios,3,37.13,111.39,358.71,43.04
GT-DEMO-000011,2026-07-22T10:26:00-06:00,2026-07-22,2026,7,emitido,GTQ,A1,CF,Consumidor Final,1,Sucursal Central,Guatemala,Guatemala,Canal tienda,1117.31,1,PROD-011,Galletas artesanales 12 unidades,Alimentos,1,43.55,43.55,997.59,119.72
GT-DEMO-000011,2026-07-22T10:26:00-06:00,2026-07-22,2026,7,emitido,GTQ,A1,CF,Consumidor Final,1,Sucursal Central,Guatemala,Guatemala,Canal tienda,1117.31,2,PROD-003,Té premium caja 25 unidades,Alimentos,8,45.36,362.88,997.59,119.72
GT-DEMO-000011,2026-07-22T10:26:00-06:00,2026-07-22,2026,7,emitido,GTQ,A1,CF,Consumidor Final,1,Sucursal Central,Guatemala,Guatemala,Canal tienda,1117.31,3,PROD-006,Servicio de entrega local,Servicios,8,33.34,266.72,997.59,119.72
GT-DEMO-000011,2026-07-22T10:26:00-06:00,2026-07-22,2026,7,emitido,GTQ,A1,CF,Consumidor Final,1,Sucursal Central,Guatemala,Guatemala,Canal tienda,1117.31,4,PROD-005,Taza cerámica corporativa,Accesorios,8,55.52,444.16,997.59,119.72
GT-DEMO-000468,2026-07-23T11:36:00-06:00,2026-07-23,2026,7,emitido,GTQ,B2,4857291,"Comercial La Estrella, S.A.",1,Sucursal Central,Guatemala,Guatemala,Canal tienda,2415.86,1,PROD-009,Suscripción mensual de café,Suscripciones,8,227.38,1819.04,2157.02,258.84
GT-DEMO-000468,2026-07-23T11:36:00-06:00,2026-07-23,2026,7,emitido,GTQ,B2,4857291,"Comercial La Estrella, S.A.",1,Sucursal Central,Guatemala,Guatemala,Canal tienda,2415.86,2,PROD-004,Termo corporativo 500 ml,Accesorios,6,99.47,596.82,2157.02,258.84
GT-DEMO-000020,2026-07-23T14:01:00-06:00,2026-07-23,2026,7,emitido,GTQ,A1,7812456,"Servicios Integrales Maya, S.A.",1,Sucursal Central,Guatemala,Guatemala,Canal tienda,1782.2,1,PROD-009,Suscripción mensual de café,Suscripciones,7,254.6,1782.2,1591.25,190.95
GT-DEMO-000390,2026-07-23T14:03:00-06:00,2026-07-23,2026,7,emitido,GTQ,B1,3561894,"Farmacias Vida, S.A.",1,Sucursal Central,Guatemala,Guatemala,Canal tienda,683.53,1,PROD-001,Café en grano 500 g,Alimentos,5,67.43,337.15,610.3,73.23
GT-DEMO-000390,2026-07-23T14:03:00-06:00,2026-07-23,2026,7,emitido,GTQ,B1,3561894,"Farmacias Vida, S.A.",1,Sucursal Central,Guatemala,Guatemala,Canal tienda,683.53,2,PROD-005,Taza cerámica corporativa,Accesorios,6,57.73,346.38,610.3,73.23
GT-DEMO-000527,2026-07-23T15:44:00-06:00,2026-07-23,2026,7,emitido,GTQ,B3,3561894,"Farmacias Vida, S.A.",4,Canal corporativo,Guatemala,Guatemala,Canal corporativo,2175.84,1,PROD-009,Suscripción mensual de café,Suscripciones,8,242.77,1942.16,1942.71,233.13
GT-DEMO-000527,2026-07-23T15:44:00-06:00,2026-07-23,2026,7,emitido,GTQ,B3,3561894,"Farmacias Vida, S.A.",4,Canal corporativo,Guatemala,Guatemala,Canal corporativo,2175.84,2,PROD-002,Café molido 500 g,Alimentos,4,58.42,233.68,1942.71,233.13
GT-DEMO-000250,2026-07-23T17:29:00-06:00,2026-07-23,2026,7,emitido,GTQ,A3,CF,Consumidor Final,4,Canal corporativo,Guatemala,Guatemala,Canal corporativo,1116.46,1,PROD-005,Taza cerámica corporativa,Accesorios,2,59.27,118.54,996.84,119.62
GT-DEMO-000250,2026-07-23T17:29:00-06:00,2026-07-23,2026,7,emitido,GTQ,A3,CF,Consumidor Final,4,Canal corporativo,Guatemala,Guatemala,Canal corporativo,1116.46,2,PROD-009,Suscripción mensual de café,Suscripciones,4,249.48,997.92,996.84,119.62
GT-DEMO-000410,2026-07-24T08:42:00-06:00,2026-07-24,2026,7,emitido,GTQ,B2,5973814,"Constructora Horizonte, S.A.",3,Sucursal Escuintla,Escuintla,Escuintla,Canal tienda,711.96,1,PROD-001,Café en grano 500 g,Alimentos,7,70.41,492.87,635.68,76.28
GT-DEMO-000410,2026-07-24T08:42:00-06:00,2026-07-24,2026,7,emitido,GTQ,B2,5973814,"Constructora Horizonte, S.A.",3,Sucursal Escuintla,Escuintla,Escuintla,Canal tienda,711.96,2,PROD-001,Café en grano 500 g,Alimentos,1,72.47,72.47,635.68,76.28
GT-DEMO-000410,2026-07-24T08:42:00-06:00,2026-07-24,2026,7,emitido,GTQ,B2,5973814,"Constructora Horizonte, S.A.",3,Sucursal Escuintla,Escuintla,Escuintla,Canal tienda,711.96,3,PROD-001,Café en grano 500 g,Alimentos,2,73.31,146.62,635.68,76.28
GT-DEMO-000179,2026-07-24T13:31:00-06:00,2026-07-24,2026,7,emitido,GTQ,A2,CF,Consumidor Final,2,Sucursal Quetzaltenango,Quetzaltenango,Quetzaltenango,Canal tienda,418.98,1,PROD-001,Café en grano 500 g,Alimentos,6,69.83,418.98,374.09,44.89
GT-DEMO-000052,2026-07-24T17:01:00-06:00,2026-07-24,2026,7,emitido,GTQ,A1,6283947,"Distribuidora del Pacífico, S.A.",1,Sucursal Central,Guatemala,Guatemala,Canal tienda,1042.96,1,PROD-002,Café molido 500 g,Alimentos,7,59.68,417.76,931.21,111.75
GT-DEMO-000052,2026-07-24T17:01:00-06:00,2026-07-24,2026,7,emitido,GTQ,A1,6283947,"Distribuidora del Pacífico, S.A.",1,Sucursal Central,Guatemala,Guatemala,Canal tienda,1042.96,2,PROD-005,Taza cerámica corporativa,Accesorios,4,55.04,220.16,931.21,111.75
GT-DEMO-000052,2026-07-24T17:01:00-06:00,2026-07-24,2026,7,emitido,GTQ,A1,6283947,"Distribuidora del Pacífico, S.A.",1,Sucursal Central,Guatemala,Guatemala,Canal tienda,1042.96,3,PROD-004,Termo corporativo 500 ml,Accesorios,4,101.26,405.04,931.21,111.75
GT-DEMO-000074,2026-07-25T13:41:00-06:00,2026-07-25,2026,7,emitido,GTQ,A1,CF,Consumidor Final,1,Sucursal Central,Guatemala,Guatemala,Canal tienda,66.05,1,PROD-007,Servicio de entrega departamental,Servicios,1,66.05,66.05,58.97,7.08
GT-DEMO-000123,2026-07-25T16:24:00-06:00,2026-07-25,2026,7,emitido,GTQ,A2,CF,Consumidor Final,4,Canal corporativo,Guatemala,Guatemala,Canal corporativo,34.27,1,PROD-006,Servicio de entrega local,Servicios,1,34.27,34.27,30.6,3.67
GT-DEMO-000393,2026-07-26T15:25:00-06:00,2026-07-26,2026,7,emitido,GTQ,B1,3561894,"Farmacias Vida, S.A.",3,Sucursal Escuintla,Escuintla,Escuintla,Canal tienda,292.74,1,PROD-004,Termo corporativo 500 ml,Accesorios,3,97.58,292.74,261.38,31.36
GT-DEMO-000520,2026-07-26T17:14:00-06:00,2026-07-26,2026,7,emitido,GTQ,B3,7492631,"Tecnología y Más, S.A.",1,Sucursal Central,Guatemala,Guatemala,Canal tienda,265.24,1,PROD-007,Servicio de entrega departamental,Servicios,4,66.31,265.24,236.82,28.42
GT-DEMO-000206,2026-07-27T09:58:00-06:00,2026-07-27,2026,7,emitido,GTQ,A3,5973814,"Constructora Horizonte, S.A.",1,Sucursal Central,Guatemala,Guatemala,Canal tienda,1903.68,1,PROD-009,Suscripción mensual de café,Suscripciones,8,237.96,1903.68,1699.71,203.97
GT-DEMO-000480,2026-07-27T10:15:00-06:00,2026-07-27,2026,7,emitido,GTQ,B2,5973814,"Constructora Horizonte, S.A.",1,Sucursal Central,Guatemala,Guatemala,Canal tienda,1935.42,1,PROD-001,Café en grano 500 g,Alimentos,8,68.1,544.8,1728.06,207.36
GT-DEMO-000480,2026-07-27T10:15:00-06:00,2026-07-27,2026,7,emitido,GTQ,B2,5973814,"Constructora Horizonte, S.A.",1,Sucursal Central,Guatemala,Guatemala,Canal tienda,1935.42,2,PROD-005,Taza cerámica corporativa,Accesorios,6,53.78,322.68,1728.06,207.36
GT-DEMO-000480,2026-07-27T10:15:00-06:00,2026-07-27,2026,7,emitido,GTQ,B2,5973814,"Constructora Horizonte, S.A.",1,Sucursal Central,Guatemala,Guatemala,Canal tienda,1935.42,3,PROD-004,Termo corporativo 500 ml,Accesorios,6,98.93,593.58,1728.06,207.36
GT-DEMO-000480,2026-07-27T10:15:00-06:00,2026-07-27,2026,7,emitido,GTQ,B2,5973814,"Constructora Horizonte, S.A.",1,Sucursal Central,Guatemala,Guatemala,Canal tienda,1935.42,4,PROD-009,Suscripción mensual de café,Suscripciones,2,237.18,474.36,1728.06,207.36
GT-DEMO-000497,2026-07-27T12:12:00-06:00,2026-07-27,2026,7,emitido,GTQ,B2,4857291,"Comercial La Estrella, S.A.",1,Sucursal Central,Guatemala,Guatemala,Canal tienda,170.0,1,PROD-011,Galletas artesanales 12 unidades,Alimentos,4,42.5,170.0,151.79,18.21
GT-DEMO-000119,2026-07-27T13:35:00-06:00,2026-07-27,2026,7,emitido,GTQ,A2,3561894,"Farmacias Vida, S.A.",3,Sucursal Escuintla,Escuintla,Escuintla,Canal tienda,427.38,1,PROD-011,Galletas artesanales 12 unidades,Alimentos,2,41.19,82.38,381.59,45.79
GT-DEMO-000119,2026-07-27T13:35:00-06:00,2026-07-27,2026,7,emitido,GTQ,A2,3561894,"Farmacias Vida, S.A.",3,Sucursal Escuintla,Escuintla,Escuintla,Canal tienda,427.38,2,PROD-007,Servicio de entrega departamental,Servicios,5,69.0,345.0,381.59,45.79
GT-DEMO-000155,2026-07-28T09:27:00-06:00,2026-07-28,2026,7,emitido,GTQ,A2,4857291,"Comercial La Estrella, S.A.",1,Sucursal Central,Guatemala,Guatemala,Canal tienda,1786.59,1,PROD-009,Suscripción mensual de café,Suscripciones,7,232.47,1627.29,1595.17,191.42
GT-DEMO-000155,2026-07-28T09:27:00-06:00,2026-07-28,2026,7,emitido,GTQ,A2,4857291,"Comercial La Estrella, S.A.",1,Sucursal Central,Guatemala,Guatemala,Canal tienda,1786.59,2,PROD-004,Termo corporativo 500 ml,Accesorios,1,95.36,95.36,1595.17,191.42
GT-DEMO-000155,2026-07-28T09:27:00-06:00,2026-07-28,2026,7,emitido,GTQ,A2,4857291,"Comercial La Estrella, S.A.",1,Sucursal Central,Guatemala,Guatemala,Canal tienda,1786.59,3,PROD-002,Café molido 500 g,Alimentos,1,63.94,63.94,1595.17,191.42
GT-DEMO-000683,2026-07-28T13:23:00-06:00,2026-07-28,2026,7,emitido,GTQ,C1,CF,Consumidor Final,1,Sucursal Central,Guatemala,Guatemala,Canal tienda,1819.47,1,PROD-009,Suscripción mensual de café,Suscripciones,3,252.73,758.19,1624.52,194.95
GT-DEMO-000683,2026-07-28T13:23:00-06:00,2026-07-28,2026,7,emitido,GTQ,C1,CF,Consumidor Final,1,Sucursal Central,Guatemala,Guatemala,Canal tienda,1819.47,2,PROD-003,Té premium caja 25 unidades,Alimentos,8,48.47,387.76,1624.52,194.95
GT-DEMO-000683,2026-07-28T13:23:00-06:00,2026-07-28,2026,7,emitido,GTQ,C1,CF,Consumidor Final,1,Sucursal Central,Guatemala,Guatemala,Canal tienda,1819.47,3,PROD-006,Servicio de entrega local,Servicios,5,36.41,182.05,1624.52,194.95
GT-DEMO-000683,2026-07-28T13:23:00-06:00,2026-07-28,2026,7,emitido,GTQ,C1,CF,Consumidor Final,1,Sucursal Central,Guatemala,Guatemala,Canal tienda,1819.47,4,PROD-010,Café descafeinado 500 g,Alimentos,7,70.21,491.47,1624.52,194.95
GT-DEMO-000525,2026-07-31T10:08:00-06:00,2026-07-31,2026,7,emitido,GTQ,B3,7264519,"Transportes del Sur, S.A.",1,Sucursal Central,Guatemala,Guatemala,Canal tienda,494.94,1,PROD-001,Café en grano 500 g,Alimentos,4,67.46,269.84,441.91,53.03
GT-DEMO-000525,2026-07-31T10:08:00-06:00,2026-07-31,2026,7,emitido,GTQ,B3,7264519,"Transportes del Sur, S.A.",1,Sucursal Central,Guatemala,Guatemala,Canal tienda,494.94,2,PROD-011,Galletas artesanales 12 unidades,Alimentos,5,45.02,225.1,441.91,53.03
GT-DEMO-000360,2026-07-31T10:19:00-06:00,2026-07-31,2026,7,emitido,GTQ,B1,7812456,"Servicios Integrales Maya, S.A.",1,Sucursal Central,Guatemala,Guatemala,Canal tienda,3106.44,1,PROD-012,Caja regalo premium,Corporativo,5,304.46,1522.3,2773.61,332.83
GT-DEMO-000360,2026-07-31T10:19:00-06:00,2026-07-31,2026,7,emitido,GTQ,B1,7812456,"Servicios Integrales Maya, S.A.",1,Sucursal Central,Guatemala,Guatemala,Canal tienda,3106.44,2,PROD-002,Café molido 500 g,Alimentos,2,66.7,133.4,2773.61,332.83
GT-DEMO-000360,2026-07-31T10:19:00-06:00,2026-07-31,2026,7,emitido,GTQ,B1,7812456,"Servicios Integrales Maya, S.A.",1,Sucursal Central,Guatemala,Guatemala,Canal tienda,3106.44,3,PROD-008,Kit de bienvenida empresarial,Corporativo,6,175.26,1051.56,2773.61,332.83
GT-DEMO-000360,2026-07-31T10:19:00-06:00,2026-07-31,2026,7,emitido,GTQ,B1,7812456,"Servicios Integrales Maya, S.A.",1,Sucursal Central,Guatemala,Guatemala,Canal tienda,3106.44,4,PROD-001,Café en grano 500 g,Alimentos,6,66.53,399.18,2773.61,332.83
GT-DEMO-000517,2026-07-31T16:34:00-06:00,2026-07-31,2026,7,emitido,GTQ,B3,9037812,"Grupo Empresarial Centroamericano, S.A.",3,Sucursal Escuintla,Escuintla,Escuintla,Canal tienda,2072.24,1,PROD-009,Suscripción mensual de café,Suscripciones,8,259.03,2072.24,1850.21,222.03
GT-DEMO-000456,2026-08-01T08:42:00-06:00,2026-08-01,2026,8,emitido,GTQ,B2,CF,Consumidor Final,3,Sucursal Escuintla,Escuintla,Escuintla,Canal tienda,256.8,1,PROD-001,Café en grano 500 g,Alimentos,4,64.2,256.8,229.29,27.51
GT-DEMO-000273,2026-08-01T13:11:00-06:00,2026-08-01,2026,8,emitido,GTQ,A3,CF,Consumidor Final,2,Sucursal Quetzaltenango,Quetzaltenango,Quetzaltenango,Canal tienda,1151.35,1,PROD-004,Termo corporativo 500 ml,Accesorios,5,102.22,511.1,1027.99,123.36
GT-DEMO-000273,2026-08-01T13:11:00-06:00,2026-08-01,2026,8,emitido,GTQ,A3,CF,Consumidor Final,2,Sucursal Quetzaltenango,Quetzaltenango,Quetzaltenango,Canal tienda,1151.35,2,PROD-001,Café en grano 500 g,Alimentos,7,72.83,509.81,1027.99,123.36
GT-DEMO-000273,2026-08-01T13:11:00-06:00,2026-08-01,2026,8,emitido,GTQ,A3,CF,Consumidor Final,2,Sucursal Quetzaltenango,Quetzaltenango,Quetzaltenango,Canal tienda,1151.35,3,PROD-003,Té premium caja 25 unidades,Alimentos,3,43.48,130.44,1027.99,123.36
GT-DEMO-000268,2026-08-01T15:19:00-06:00,2026-08-01,2026,8,emitido,GTQ,A3,5973814,"Constructora Horizonte, S.A.",1,Sucursal Central,Guatemala,Guatemala,Canal tienda,2649.57,1,PROD-006,Servicio de entrega local,Servicios,5,34.01,170.05,2365.68,283.89
GT-DEMO-000268,2026-08-01T15:19:00-06:00,2026-08-01,2026,8,emitido,GTQ,A3,5973814,"Constructora Horizonte, S.A.",1,Sucursal Central,Guatemala,Guatemala,Canal tienda,2649.57,2,PROD-012,Caja regalo premium,Corporativo,5,340.1,1700.5,2365.68,283.89
GT-DEMO-000268,2026-08-01T15:19:00-06:00,2026-08-01,2026,8,emitido,GTQ,A3,5973814,"Constructora Horizonte, S.A.",1,Sucursal Central,Guatemala,Guatemala,Canal tienda,2649.57,3,PROD-004,Termo corporativo 500 ml,Accesorios,6,99.83,598.98,2365.68,283.89
GT-DEMO-000268,2026-08-01T15:19:00-06:00,2026-08-01,2026,8,emitido,GTQ,A3,5973814,"Constructora Horizonte, S.A.",1,Sucursal Central,Guatemala,Guatemala,Canal tienda,2649.57,4,PROD-008,Kit de bienvenida empresarial,Corporativo,1,180.04,180.04,2365.68,283.89
GT-DEMO-000236,2026-08-02T13:38:00-06:00,2026-08-02,2026,8,emitido,GTQ,A3,CF,Consumidor Final,2,Sucursal Quetzaltenango,Quetzaltenango,Quetzaltenango,Canal tienda,472.18,1,PROD-002,Café molido 500 g,Alimentos,2,62.74,125.48,421.59,50.59
GT-DEMO-000236,2026-08-02T13:38:00-06:00,2026-08-02,2026,8,emitido,GTQ,A3,CF,Consumidor Final,2,Sucursal Quetzaltenango,Quetzaltenango,Quetzaltenango,Canal tienda,472.18,2,PROD-010,Café descafeinado 500 g,Alimentos,5,69.34,346.7,421.59,50.59
GT-DEMO-000367,2026-08-02T14:37:00-06:00,2026-08-02,2026,8,emitido,GTQ,B1,5973814,"Constructora Horizonte, S.A.",2,Sucursal Quetzaltenango,Quetzaltenango,Quetzaltenango,Canal tienda,1106.88,1,PROD-008,Kit de bienvenida empresarial,Corporativo,4,174.25,697.0,988.29,118.59
GT-DEMO-000367,2026-08-02T14:37:00-06:00,2026-08-02,2026,8,emitido,GTQ,B1,5973814,"Constructora Horizonte, S.A.",2,Sucursal Quetzaltenango,Quetzaltenango,Quetzaltenango,Canal tienda,1106.88,2,PROD-003,Té premium caja 25 unidades,Alimentos,7,43.42,303.94,988.29,118.59
GT-DEMO-000367,2026-08-02T14:37:00-06:00,2026-08-02,2026,8,emitido,GTQ,B1,5973814,"Constructora Horizonte, S.A.",2,Sucursal Quetzaltenango,Quetzaltenango,Quetzaltenango,Canal tienda,1106.88,3,PROD-005,Taza cerámica corporativa,Accesorios,2,52.97,105.94,988.29,118.59
GT-DEMO-000244,2026-08-03T18:24:00-06:00,2026-08-03,2026,8,emitido,GTQ,A3,6283947,"Distribuidora del Pacífico, S.A.",4,Canal corporativo,Guatemala,Guatemala,Canal corporativo,516.24,1,PROD-001,Café en grano 500 g,Alimentos,8,64.53,516.24,460.93,55.31
GT-DEMO-000308,2026-08-04T09:28:00-06:00,2026-08-04,2026,8,emitido,GTQ,B1,4627185,"Supermercados del Valle, S.A.",1,Sucursal Central,Guatemala,Guatemala,Canal tienda,533.3,1,PROD-002,Café molido 500 g,Alimentos,7,63.52,444.64,476.16,57.14
GT-DEMO-000308,2026-08-04T09:28:00-06:00,2026-08-04,2026,8,emitido,GTQ,B1,4627185,"Supermercados del Valle, S.A.",1,Sucursal Central,Guatemala,Guatemala,Canal tienda,533.3,2,PROD-003,Té premium caja 25 unidades,Alimentos,2,44.33,88.66,476.16,57.14
GT-DEMO-000383,2026-08-05T10:00:00-06:00,2026-08-05,2026,8,emitido,GTQ,B1,7492631,"Tecnología y Más, S.A.",2,Sucursal Quetzaltenango,Quetzaltenango,Quetzaltenango,Canal tienda,293.62,1,PROD-001,Café en grano 500 g,Alimentos,2,72.91,145.82,262.16,31.46
GT-DEMO-000383,2026-08-05T10:00:00-06:00,2026-08-05,2026,8,emitido,GTQ,B1,7492631,"Tecnología y Más, S.A.",2,Sucursal Quetzaltenango,Quetzaltenango,Quetzaltenango,Canal tienda,293.62,2,PROD-010,Café descafeinado 500 g,Alimentos,2,73.9,147.8,262.16,31.46
GT-DEMO-000006,2026-08-05T15:35:00-06:00,2026-08-05,2026,8,emitido,GTQ,A1,4627185,"Supermercados del Valle, S.A.",2,Sucursal Quetzaltenango,Quetzaltenango,Quetzaltenango,Canal tienda,2287.34,1,PROD-002,Café molido 500 g,Alimentos,4,65.44,261.76,2042.27,245.07
GT-DEMO-000006,2026-08-05T15:35:00-06:00,2026-08-05,2026,8,emitido,GTQ,A1,4627185,"Supermercados del Valle, S.A.",2,Sucursal Quetzaltenango,Quetzaltenango,Quetzaltenango,Canal tienda,2287.34,2,PROD-011,Galletas artesanales 12 unidades,Alimentos,1,41.58,41.58,2042.27,245.07
GT-DEMO-000006,2026-08-05T15:35:00-06:00,2026-08-05,2026,8,emitido,GTQ,A1,4627185,"Supermercados del Valle, S.A.",2,Sucursal Quetzaltenango,Quetzaltenango,Quetzaltenango,Canal tienda,2287.34,3,PROD-009,Suscripción mensual de café,Suscripciones,8,248.0,1984.0,2042.27,245.07
GT-DEMO-000469,2026-08-05T18:50:00-06:00,2026-08-05,2026,8,emitido,GTQ,B2,7492631,"Tecnología y Más, S.A.",4,Canal corporativo,Guatemala,Guatemala,Canal corporativo,538.14,1,PROD-002,Café molido 500 g,Alimentos,2,63.83,127.66,480.48,57.66
GT-DEMO-000469,2026-08-05T18:50:00-06:00,2026-08-05,2026,8,emitido,GTQ,B2,7492631,"Tecnología y Más, S.A.",4,Canal corporativo,Guatemala,Guatemala,Canal corporativo,538.14,2,PROD-002,Café molido 500 g,Alimentos,7,58.64,410.48,480.48,57.66
GT-DEMO-000392,2026-08-06T08:18:00-06:00,2026-08-06,2026,8,emitido,GTQ,B1,5172948,"Restaurantes El Buen Sabor, S.A.",2,Sucursal Quetzaltenango,Quetzaltenango,Quetzaltenango,Canal tienda,582.73,1,PROD-011,Galletas artesanales 12 unidades,Alimentos,1,44.11,44.11,520.29,62.44
GT-DEMO-000392,2026-08-06T08:18:00-06:00,2026-08-06,2026,8,emitido,GTQ,B1,5172948,"Restaurantes El Buen Sabor, S.A.",2,Sucursal Quetzaltenango,Quetzaltenango,Quetzaltenango,Canal tienda,582.73,2,PROD-004,Termo corporativo 500 ml,Accesorios,6,89.77,538.62,520.29,62.44
GT-DEMO-000100,2026-08-06T11:23:00-06:00,2026-08-06,2026,8,emitido,GTQ,A1,7264519,"Transportes del Sur, S.A.",1,Sucursal Central,Guatemala,Guatemala,Canal tienda,1575.83,1,PROD-011,Galletas artesanales 12 unidades,Alimentos,3,40.64,121.92,1407.0,168.83
GT-DEMO-000100,2026-08-06T11:23:00-06:00,2026-08-06,2026,8,emitido,GTQ,A1,7264519,"Transportes del Sur, S.A.",1,Sucursal Central,Guatemala,Guatemala,Canal tienda,1575.83,2,PROD-009,Suscripción mensual de café,Suscripciones,5,239.07,1195.35,1407.0,168.83
GT-DEMO-000100,2026-08-06T11:23:00-06:00,2026-08-06,2026,8,emitido,GTQ,A1,7264519,"Transportes del Sur, S.A.",1,Sucursal Central,Guatemala,Guatemala,Canal tienda,1575.83,3,PROD-002,Café molido 500 g,Alimentos,4,64.64,258.56,1407.0,168.83
GT-DEMO-000101,2026-08-06T14:30:00-06:00,2026-08-06,2026,8,emitido,GTQ,A2,4857291,"Comercial La Estrella, S.A.",4,Canal corporativo,Guatemala,Guatemala,Canal corporativo,684.86,1,PROD-008,Kit de bienvenida empresarial,Corporativo,3,182.74,548.22,611.48,73.38
GT-DEMO-000101,2026-08-06T14:30:00-06:00,2026-08-06,2026,8,emitido,GTQ,A2,4857291,"Comercial La Estrella, S.A.",4,Canal corporativo,Guatemala,Guatemala,Canal corporativo,684.86,2,PROD-006,Servicio de entrega local,Servicios,4,34.16,136.64,611.48,73.38
GT-DEMO-000374,2026-08-06T16:36:00-06:00,2026-08-06,2026,8,emitido,GTQ,B1,9037812,"Grupo Empresarial Centroamericano, S.A.",1,Sucursal Central,Guatemala,Guatemala,Canal tienda,42.96,1,PROD-011,Galletas artesanales 12 unidades,Alimentos,1,42.96,42.96,38.36,4.6
GT-DEMO-000031,2026-08-07T12:11:00-06:00,2026-08-07,2026,8,emitido,GTQ,A1,7492631,"Tecnología y Más, S.A.",1,Sucursal Central,Guatemala,Guatemala,Canal tienda,1746.25,1,PROD-001,Café en grano 500 g,Alimentos,1,71.21,71.21,1559.15,187.1
GT-DEMO-000031,2026-08-07T12:11:00-06:00,2026-08-07,2026,8,emitido,GTQ,A1,7492631,"Tecnología y Más, S.A.",1,Sucursal Central,Guatemala,Guatemala,Canal tienda,1746.25,2,PROD-001,Café en grano 500 g,Alimentos,5,67.79,338.95,1559.15,187.1
GT-DEMO-000031,2026-08-07T12:11:00-06:00,2026-08-07,2026,8,emitido,GTQ,A1,7492631,"Tecnología y Más, S.A.",1,Sucursal Central,Guatemala,Guatemala,Canal tienda,1746.25,3,PROD-008,Kit de bienvenida empresarial,Corporativo,7,190.87,1336.09,1559.15,187.1
GT-DEMO-000175,2026-08-07T16:06:00-06:00,2026-08-07,2026,8,emitido,GTQ,A2,7492631,"Tecnología y Más, S.A.",1,Sucursal Central,Guatemala,Guatemala,Canal tienda,1036.91,1,PROD-003,Té premium caja 25 unidades,Alimentos,6,43.0,258.0,925.82,111.09
GT-DEMO-000175,2026-08-07T16:06:00-06:00,2026-08-07,2026,8,emitido,GTQ,A2,7492631,"Tecnología y Más, S.A.",1,Sucursal Central,Guatemala,Guatemala,Canal tienda,1036.91,2,PROD-010,Café descafeinado 500 g,Alimentos,6,67.08,402.48,925.82,111.09
GT-DEMO-000175,2026-08-07T16:06:00-06:00,2026-08-07,2026,8,emitido,GTQ,A2,7492631,"Tecnología y Más, S.A.",1,Sucursal Central,Guatemala,Guatemala,Canal tienda,1036.91,3,PROD-006,Servicio de entrega local,Servicios,5,36.7,183.5,925.82,111.09
GT-DEMO-000175,2026-08-07T16:06:00-06:00,2026-08-07,2026,8,emitido,GTQ,A2,7492631,"Tecnología y Más, S.A.",1,Sucursal Central,Guatemala,Guatemala,Canal tienda,1036.91,4,PROD-002,Café molido 500 g,Alimentos,3,64.31,192.93,925.82,111.09
GT-DEMO-000285,2026-08-07T17:16:00-06:00,2026-08-07,2026,8,emitido,GTQ,A3,7812456,"Servicios Integrales Maya, S.A.",4,Canal corporativo,Guatemala,Guatemala,Canal corporativo,563.27,1,PROD-002,Café molido 500 g,Alimentos,4,64.2,256.8,502.92,60.35
GT-DEMO-000285,2026-08-07T17:16:00-06:00,2026-08-07,2026,8,emitido,GTQ,A3,7812456,"Servicios Integrales Maya, S.A.",4,Canal corporativo,Guatemala,Guatemala,Canal corporativo,563.27,2,PROD-011,Galletas artesanales 12 unidades,Alimentos,1,42.99,42.99,502.92,60.35
GT-DEMO-000285,2026-08-07T17:16:00-06:00,2026-08-07,2026,8,emitido,GTQ,A3,7812456,"Servicios Integrales Maya, S.A.",4,Canal corporativo,Guatemala,Guatemala,Canal corporativo,563.27,3,PROD-006,Servicio de entrega local,Servicios,7,37.64,263.48,502.92,60.35
GT-DEMO-000218,2026-08-09T09:44:00-06:00,2026-08-09,2026,8,emitido,GTQ,A3,5973814,"Constructora Horizonte, S.A.",2,Sucursal Quetzaltenango,Quetzaltenango,Quetzaltenango,Canal tienda,65.53,1,PROD-001,Café en grano 500 g,Alimentos,1,65.53,65.53,58.51,7.02
GT-DEMO-000125,2026-08-09T10:41:00-06:00,2026-08-09,2026,8,emitido,GTQ,A2,7264519,"Transportes del Sur, S.A.",4,Canal corporativo,Guatemala,Guatemala,Canal corporativo,1269.45,1,PROD-009,Suscripción mensual de café,Suscripciones,4,234.5,938.0,1133.44,136.01
GT-DEMO-000125,2026-08-09T10:41:00-06:00,2026-08-09,2026,8,emitido,GTQ,A2,7264519,"Transportes del Sur, S.A.",4,Canal corporativo,Guatemala,Guatemala,Canal corporativo,1269.45,2,PROD-002,Café molido 500 g,Alimentos,5,66.29,331.45,1133.44,136.01
GT-DEMO-000486,2026-08-09T11:10:00-06:00,2026-08-09,2026,8,emitido,GTQ,B2,4857291,"Comercial La Estrella, S.A.",4,Canal corporativo,Guatemala,Guatemala,Canal corporativo,2656.55,1,PROD-012,Caja regalo premium,Corporativo,7,313.33,2193.31,2371.92,284.63
GT-DEMO-000486,2026-08-09T11:10:00-06:00,2026-08-09,2026,8,emitido,GTQ,B2,4857291,"Comercial La Estrella, S.A.",4,Canal corporativo,Guatemala,Guatemala,Canal corporativo,2656.55,2,PROD-001,Café en grano 500 g,Alimentos,5,64.48,322.4,2371.92,284.63
GT-DEMO-000486,2026-08-09T11:10:00-06:00,2026-08-09,2026,8,emitido,GTQ,B2,4857291,"Comercial La Estrella, S.A.",4,Canal corporativo,Guatemala,Guatemala,Canal corporativo,2656.55,3,PROD-001,Café en grano 500 g,Alimentos,2,70.42,140.84,2371.92,284.63
GT-DEMO-000546,2026-08-09T11:29:00-06:00,2026-08-09,2026,8,emitido,GTQ,B3,7264519,"Transportes del Sur, S.A.",4,Canal corporativo,Guatemala,Guatemala,Canal corporativo,500.54,1,PROD-011,Galletas artesanales 12 unidades,Alimentos,4,45.19,180.76,446.91,53.63
GT-DEMO-000546,2026-08-09T11:29:00-06:00,2026-08-09,2026,8,emitido,GTQ,B3,7264519,"Transportes del Sur, S.A.",4,Canal corporativo,Guatemala,Guatemala,Canal corporativo,500.54,2,PROD-010,Café descafeinado 500 g,Alimentos,2,72.09,144.18,446.91,53.63
GT-DEMO-000546,2026-08-09T11:29:00-06:00,2026-08-09,2026,8,emitido,GTQ,B3,7264519,"Transportes del Sur, S.A.",4,Canal corporativo,Guatemala,Guatemala,Canal corporativo,500.54,3,PROD-006,Servicio de entrega local,Servicios,5,35.12,175.6,446.91,53.63
GT-DEMO-000515,2026-08-10T09:48:00-06:00,2026-08-10,2026,8,emitido,GTQ,B3,6283947,"Distribuidora del Pacífico, S.A.",1,Sucursal Central,Guatemala,Guatemala,Canal tienda,482.11,1,PROD-001,Café en grano 500 g,Alimentos,1,71.71,71.71,430.46,51.65
GT-DEMO-000515,2026-08-10T09:48:00-06:00,2026-08-10,2026,8,emitido,GTQ,B3,6283947,"Distribuidora del Pacífico, S.A.",1,Sucursal Central,Guatemala,Guatemala,Canal tienda,482.11,2,PROD-010,Café descafeinado 500 g,Alimentos,6,68.4,410.4,430.46,51.65
GT-DEMO-000563,2026-08-10T10:45:00-06:00,2026-08-10,2026,8,emitido,GTQ,B3,5172948,"Restaurantes El Buen Sabor, S.A.",2,Sucursal Quetzaltenango,Quetzaltenango,Quetzaltenango,Canal tienda,383.76,1,PROD-006,Servicio de entrega local,Servicios,3,34.0,102.0,342.64,41.12
GT-DEMO-000563,2026-08-10T10:45:00-06:00,2026-08-10,2026,8,emitido,GTQ,B3,5172948,"Restaurantes El Buen Sabor, S.A.",2,Sucursal Quetzaltenango,Quetzaltenango,Quetzaltenango,Canal tienda,383.76,2,PROD-003,Té premium caja 25 unidades,Alimentos,6,46.96,281.76,342.64,41.12
GT-DEMO-000577,2026-08-10T13:26:00-06:00,2026-08-10,2026,8,emitido,GTQ,B3,8146293,"Hotel Vista Real, S.A.",2,Sucursal Quetzaltenango,Quetzaltenango,Quetzaltenango,Canal tienda,58.85,1,PROD-002,Café molido 500 g,Alimentos,1,58.85,58.85,52.54,6.31
GT-DEMO-000109,2026-08-11T12:21:00-06:00,2026-08-11,2026,8,emitido,GTQ,A2,3561894,"Farmacias Vida, S.A.",1,Sucursal Central,Guatemala,Guatemala,Canal tienda,908.53,1,PROD-010,Café descafeinado 500 g,Alimentos,4,66.34,265.36,811.19,97.34
GT-DEMO-000109,2026-08-11T12:21:00-06:00,2026-08-11,2026,8,emitido,GTQ,A2,3561894,"Farmacias Vida, S.A.",1,Sucursal Central,Guatemala,Guatemala,Canal tienda,908.53,2,PROD-005,Taza cerámica corporativa,Accesorios,6,54.72,328.32,811.19,97.34
GT-DEMO-000109,2026-08-11T12:21:00-06:00,2026-08-11,2026,8,emitido,GTQ,A2,3561894,"Farmacias Vida, S.A.",1,Sucursal Central,Guatemala,Guatemala,Canal tienda,908.53,3,PROD-002,Café molido 500 g,Alimentos,5,62.97,314.85,811.19,97.34
GT-DEMO-000705,2026-08-11T13:15:00-06:00,2026-08-11,2026,8,emitido,GTQ,C2,4627185,"Supermercados del Valle, S.A.",4,Canal corporativo,Guatemala,Guatemala,Canal corporativo,248.76,1,PROD-011,Galletas artesanales 12 unidades,Alimentos,6,41.46,248.76,222.11,26.65
GT-DEMO-000625,2026-08-11T18:32:00-06:00,2026-08-11,2026,8,emitido,GTQ,C1,CF,Consumidor Final,2,Sucursal Quetzaltenango,Quetzaltenango,Quetzaltenango,Canal tienda,1451.64,1,PROD-010,Café descafeinado 500 g,Alimentos,6,66.29,397.74,1296.11,155.53
GT-DEMO-000625,2026-08-11T18:32:00-06:00,2026-08-11,2026,8,emitido,GTQ,C1,CF,Consumidor Final,2,Sucursal Quetzaltenango,Quetzaltenango,Quetzaltenango,Canal tienda,1451.64,2,PROD-011,Galletas artesanales 12 unidades,Alimentos,7,39.6,277.2,1296.11,155.53
GT-DEMO-000625,2026-08-11T18:32:00-06:00,2026-08-11,2026,8,emitido,GTQ,C1,CF,Consumidor Final,2,Sucursal Quetzaltenango,Quetzaltenango,Quetzaltenango,Canal tienda,1451.64,3,PROD-004,Termo corporativo 500 ml,Accesorios,3,92.18,276.54,1296.11,155.53
GT-DEMO-000625,2026-08-11T18:32:00-06:00,2026-08-11,2026,8,emitido,GTQ,C1,CF,Consumidor Final,2,Sucursal Quetzaltenango,Quetzaltenango,Quetzaltenango,Canal tienda,1451.64,4,PROD-002,Café molido 500 g,Alimentos,8,62.52,500.16,1296.11,155.53
GT-DEMO-000260,2026-08-12T11:17:00-06:00,2026-08-12,2026,8,anulado,GTQ,A3,5172948,"Restaurantes El Buen Sabor, S.A.",1,Sucursal Central,Guatemala,Guatemala,Canal tienda,114.56,1,PROD-005,Taza cerámica corporativa,Accesorios,2,57.28,114.56,102.29,12.27
GT-DEMO-000248,2026-08-12T12:43:00-06:00,2026-08-12,2026,8,emitido,GTQ,A3,4857291,"Comercial La Estrella, S.A.",3,Sucursal Escuintla,Escuintla,Escuintla,Canal tienda,563.33,1,PROD-010,Café descafeinado 500 g,Alimentos,7,72.01,504.07,502.97,60.36
GT-DEMO-000248,2026-08-12T12:43:00-06:00,2026-08-12,2026,8,emitido,GTQ,A3,4857291,"Comercial La Estrella, S.A.",3,Sucursal Escuintla,Escuintla,Escuintla,Canal tienda,563.33,2,PROD-002,Café molido 500 g,Alimentos,1,59.26,59.26,502.97,60.36
GT-DEMO-000255,2026-08-12T13:52:00-06:00,2026-08-12,2026,8,emitido,GTQ,A3,8146293,"Hotel Vista Real, S.A.",1,Sucursal Central,Guatemala,Guatemala,Canal tienda,236.12,1,PROD-005,Taza cerámica corporativa,Accesorios,4,59.03,236.12,210.82,25.3
GT-DEMO-000159,2026-08-12T16:34:00-06:00,2026-08-12,2026,8,emitido,GTQ,A2,4627185,"Supermercados del Valle, S.A.",1,Sucursal Central,Guatemala,Guatemala,Canal tienda,2243.15,1,PROD-009,Suscripción mensual de café,Suscripciones,5,251.97,1259.85,2002.82,240.33
GT-DEMO-000159,2026-08-12T16:34:00-06:00,2026-08-12,2026,8,emitido,GTQ,A2,4627185,"Supermercados del Valle, S.A.",1,Sucursal Central,Guatemala,Guatemala,Canal tienda,2243.15,2,PROD-007,Servicio de entrega departamental,Servicios,6,67.59,405.54,2002.82,240.33
GT-DEMO-000159,2026-08-12T16:34:00-06:00,2026-08-12,2026,8,emitido,GTQ,A2,4627185,"Supermercados del Valle, S.A.",1,Sucursal Central,Guatemala,Guatemala,Canal tienda,2243.15,3,PROD-001,Café en grano 500 g,Alimentos,8,72.22,577.76,2002.82,240.33
GT-DEMO-000241,2026-08-12T17:04:00-06:00,2026-08-12,2026,8,emitido,GTQ,A3,4857291,"Comercial La Estrella, S.A.",1,Sucursal Central,Guatemala,Guatemala,Canal tienda,213.68,1,PROD-002,Café molido 500 g,Alimentos,2,60.91,121.82,190.79,22.89
GT-DEMO-000241,2026-08-12T17:04:00-06:00,2026-08-12,2026,8,emitido,GTQ,A3,4857291,"Comercial La Estrella, S.A.",1,Sucursal Central,Guatemala,Guatemala,Canal tienda,213.68,2,PROD-004,Termo corporativo 500 ml,Accesorios,1,91.86,91.86,190.79,22.89
GT-DEMO-000564,2026-08-13T11:51:00-06:00,2026-08-13,2026,8,emitido,GTQ,B3,3561894,"Farmacias Vida, S.A.",1,Sucursal Central,Guatemala,Guatemala,Canal tienda,1809.72,1,PROD-011,Galletas artesanales 12 unidades,Alimentos,2,45.31,90.62,1615.83,193.89
GT-DEMO-000564,2026-08-13T11:51:00-06:00,2026-08-13,2026,8,emitido,GTQ,B3,3561894,"Farmacias Vida, S.A.",1,Sucursal Central,Guatemala,Guatemala,Canal tienda,1809.72,2,PROD-011,Galletas artesanales 12 unidades,Alimentos,3,42.76,128.28,1615.83,193.89
GT-DEMO-000564,2026-08-13T11:51:00-06:00,2026-08-13,2026,8,emitido,GTQ,B3,3561894,"Farmacias Vida, S.A.",1,Sucursal Central,Guatemala,Guatemala,Canal tienda,1809.72,3,PROD-009,Suscripción mensual de café,Suscripciones,7,227.26,1590.82,1615.83,193.89
GT-DEMO-000382,2026-08-14T09:03:00-06:00,2026-08-14,2026,8,emitido,GTQ,B1,CF,Consumidor Final,1,Sucursal Central,Guatemala,Guatemala,Canal tienda,443.77,1,PROD-002,Café molido 500 g,Alimentos,1,66.91,66.91,396.22,47.55
GT-DEMO-000382,2026-08-14T09:03:00-06:00,2026-08-14,2026,8,emitido,GTQ,B1,CF,Consumidor Final,1,Sucursal Central,Guatemala,Guatemala,Canal tienda,443.77,2,PROD-002,Café molido 500 g,Alimentos,6,62.81,376.86,396.22,47.55
GT-DEMO-000002,2026-08-14T10:29:00-06:00,2026-08-14,2026,8,emitido,GTQ,A1,8146293,"Hotel Vista Real, S.A.",1,Sucursal Central,Guatemala,Guatemala,Canal tienda,1208.4,1,PROD-012,Caja regalo premium,Corporativo,2,320.64,641.28,1078.93,129.47
GT-DEMO-000002,2026-08-14T10:29:00-06:00,2026-08-14,2026,8,emitido,GTQ,A1,8146293,"Hotel Vista Real, S.A.",1,Sucursal Central,Guatemala,Guatemala,Canal tienda,1208.4,2,PROD-001,Café en grano 500 g,Alimentos,8,70.89,567.12,1078.93,129.47
GT-DEMO-000492,2026-08-14T12:20:00-06:00,2026-08-14,2026,8,emitido,GTQ,B2,4627185,"Supermercados del Valle, S.A.",1,Sucursal Central,Guatemala,Guatemala,Canal tienda,358.48,1,PROD-011,Galletas artesanales 12 unidades,Alimentos,8,44.81,358.48,320.07,38.41
GT-DEMO-000349,2026-08-15T08:00:00-06:00,2026-08-15,2026,8,emitido,GTQ,B1,3561894,"Farmacias Vida, S.A.",1,Sucursal Central,Guatemala,Guatemala,Canal tienda,501.43,1,PROD-001,Café en grano 500 g,Alimentos,2,68.39,136.78,447.71,53.72
GT-DEMO-000349,2026-08-15T08:00:00-06:00,2026-08-15,2026,8,emitido,GTQ,B1,3561894,"Farmacias Vida, S.A.",1,Sucursal Central,Guatemala,Guatemala,Canal tienda,501.43,2,PROD-001,Café en grano 500 g,Alimentos,5,72.93,364.65,447.71,53.72
GT-DEMO-000633,2026-08-15T13:44:00-06:00,2026-08-15,2026,8,emitido,GTQ,C1,5172948,"Restaurantes El Buen Sabor, S.A.",1,Sucursal Central,Guatemala,Guatemala,Canal tienda,999.44,1,PROD-007,Servicio de entrega departamental,Servicios,8,62.27,498.16,892.36,107.08
GT-DEMO-000633,2026-08-15T13:44:00-06:00,2026-08-15,2026,8,emitido,GTQ,C1,5172948,"Restaurantes El Buen Sabor, S.A.",1,Sucursal Central,Guatemala,Guatemala,Canal tienda,999.44,2,PROD-001,Café en grano 500 g,Alimentos,4,65.22,260.88,892.36,107.08
GT-DEMO-000633,2026-08-15T13:44:00-06:00,2026-08-15,2026,8,emitido,GTQ,C1,5172948,"Restaurantes El Buen Sabor, S.A.",1,Sucursal Central,Guatemala,Guatemala,Canal tienda,999.44,3,PROD-009,Suscripción mensual de café,Suscripciones,1,240.4,240.4,892.36,107.08
GT-DEMO-000528,2026-08-17T09:56:00-06:00,2026-08-17,2026,8,emitido,GTQ,B3,9037812,"Grupo Empresarial Centroamericano, S.A.",1,Sucursal Central,Guatemala,Guatemala,Canal tienda,2746.86,1,PROD-012,Caja regalo premium,Corporativo,6,329.71,1978.26,2452.55,294.31
GT-DEMO-000528,2026-08-17T09:56:00-06:00,2026-08-17,2026,8,emitido,GTQ,B3,9037812,"Grupo Empresarial Centroamericano, S.A.",1,Sucursal Central,Guatemala,Guatemala,Canal tienda,2746.86,2,PROD-011,Galletas artesanales 12 unidades,Alimentos,6,41.91,251.46,2452.55,294.31
GT-DEMO-000528,2026-08-17T09:56:00-06:00,2026-08-17,2026,8,emitido,GTQ,B3,9037812,"Grupo Empresarial Centroamericano, S.A.",1,Sucursal Central,Guatemala,Guatemala,Canal tienda,2746.86,3,PROD-002,Café molido 500 g,Alimentos,1,64.66,64.66,2452.55,294.31
GT-DEMO-000528,2026-08-17T09:56:00-06:00,2026-08-17,2026,8,emitido,GTQ,B3,9037812,"Grupo Empresarial Centroamericano, S.A.",1,Sucursal Central,Guatemala,Guatemala,Canal tienda,2746.86,4,PROD-002,Café molido 500 g,Alimentos,7,64.64,452.48,2452.55,294.31
GT-DEMO-000573,2026-08-17T17:35:00-06:00,2026-08-17,2026,8,emitido,GTQ,B3,CF,Consumidor Final,4,Canal corporativo,Guatemala,Guatemala,Canal corporativo,503.12,1,PROD-002,Café molido 500 g,Alimentos,8,62.89,503.12,449.21,53.91
GT-DEMO-000624,2026-08-18T10:17:00-06:00,2026-08-18,2026,8,emitido,GTQ,C1,CF,Consumidor Final,4,Canal corporativo,Guatemala,Guatemala,Canal corporativo,496.85,1,PROD-006,Servicio de entrega local,Servicios,3,36.63,109.89,443.62,53.23
GT-DEMO-000624,2026-08-18T10:17:00-06:00,2026-08-18,2026,8,emitido,GTQ,C1,CF,Consumidor Final,4,Canal corporativo,Guatemala,Guatemala,Canal corporativo,496.85,2,PROD-005,Taza cerámica corporativa,Accesorios,7,55.28,386.96,443.62,53.23
GT-DEMO-000604,2026-08-19T12:45:00-06:00,2026-08-19,2026,8,emitido,GTQ,C1,3561894,"Farmacias Vida, S.A.",2,Sucursal Quetzaltenango,Quetzaltenango,Quetzaltenango,Canal tienda,2048.29,1,PROD-006,Servicio de entrega local,Servicios,6,35.3,211.8,1828.84,219.45
GT-DEMO-000604,2026-08-19T12:45:00-06:00,2026-08-19,2026,8,emitido,GTQ,C1,3561894,"Farmacias Vida, S.A.",2,Sucursal Quetzaltenango,Quetzaltenango,Quetzaltenango,Canal tienda,2048.29,2,PROD-001,Café en grano 500 g,Alimentos,7,68.59,480.13,1828.84,219.45
GT-DEMO-000604,2026-08-19T12:45:00-06:00,2026-08-19,2026,8,emitido,GTQ,C1,3561894,"Farmacias Vida, S.A.",2,Sucursal Quetzaltenango,Quetzaltenango,Quetzaltenango,Canal tienda,2048.29,3,PROD-009,Suscripción mensual de café,Suscripciones,6,226.06,1356.36,1828.84,219.45
GT-DEMO-000201,2026-08-21T13:28:00-06:00,2026-08-21,2026,8,emitido,GTQ,A3,3561894,"Farmacias Vida, S.A.",4,Canal corporativo,Guatemala,Guatemala,Canal corporativo,859.42,1,PROD-002,Café molido 500 g,Alimentos,2,66.93,133.86,767.34,92.08
GT-DEMO-000201,2026-08-21T13:28:00-06:00,2026-08-21,2026,8,emitido,GTQ,A3,3561894,"Farmacias Vida, S.A.",4,Canal corporativo,Guatemala,Guatemala,Canal corporativo,859.42,2,PROD-001,Café en grano 500 g,Alimentos,4,72.49,289.96,767.34,92.08
GT-DEMO-000201,2026-08-21T13:28:00-06:00,2026-08-21,2026,8,emitido,GTQ,A3,3561894,"Farmacias Vida, S.A.",4,Canal corporativo,Guatemala,Guatemala,Canal corporativo,859.42,3,PROD-002,Café molido 500 g,Alimentos,6,66.88,401.28,767.34,92.08
GT-DEMO-000201,2026-08-21T13:28:00-06:00,2026-08-21,2026,8,emitido,GTQ,A3,3561894,"Farmacias Vida, S.A.",4,Canal corporativo,Guatemala,Guatemala,Canal corporativo,859.42,4,PROD-006,Servicio de entrega local,Servicios,1,34.32,34.32,767.34,92.08
GT-DEMO-000462,2026-08-21T17:45:00-06:00,2026-08-21,2026,8,emitido,GTQ,B2,8146293,"Hotel Vista Real, S.A.",4,Canal corporativo,Guatemala,Guatemala,Canal corporativo,456.7,1,PROD-004,Termo corporativo 500 ml,Accesorios,5,91.34,456.7,407.77,48.93
GT-DEMO-000081,2026-08-22T16:49:00-06:00,2026-08-22,2026,8,emitido,GTQ,A1,9037812,"Grupo Empresarial Centroamericano, S.A.",1,Sucursal Central,Guatemala,Guatemala,Canal tienda,203.97,1,PROD-001,Café en grano 500 g,Alimentos,3,67.99,203.97,182.12,21.85
GT-DEMO-000543,2026-08-22T18:22:00-06:00,2026-08-22,2026,8,emitido,GTQ,B3,7812456,"Servicios Integrales Maya, S.A.",1,Sucursal Central,Guatemala,Guatemala,Canal tienda,2182.6,1,PROD-008,Kit de bienvenida empresarial,Corporativo,8,175.34,1402.72,1948.75,233.85
GT-DEMO-000543,2026-08-22T18:22:00-06:00,2026-08-22,2026,8,emitido,GTQ,B3,7812456,"Servicios Integrales Maya, S.A.",1,Sucursal Central,Guatemala,Guatemala,Canal tienda,2182.6,2,PROD-002,Café molido 500 g,Alimentos,8,61.63,493.04,1948.75,233.85
GT-DEMO-000543,2026-08-22T18:22:00-06:00,2026-08-22,2026,8,emitido,GTQ,B3,7812456,"Servicios Integrales Maya, S.A.",1,Sucursal Central,Guatemala,Guatemala,Canal tienda,2182.6,3,PROD-010,Café descafeinado 500 g,Alimentos,4,71.71,286.84,1948.75,233.85
GT-DEMO-000487,2026-08-23T09:46:00-06:00,2026-08-23,2026,8,emitido,GTQ,B2,4627185,"Supermercados del Valle, S.A.",1,Sucursal Central,Guatemala,Guatemala,Canal tienda,192.41,1,PROD-008,Kit de bienvenida empresarial,Corporativo,1,192.41,192.41,171.79,20.62
GT-DEMO-000559,2026-08-24T14:13:00-06:00,2026-08-24,2026,8,emitido,GTQ,B3,4627185,"Supermercados del Valle, S.A.",2,Sucursal Quetzaltenango,Quetzaltenango,Quetzaltenango,Canal tienda,843.63,1,PROD-005,Taza cerámica corporativa,Accesorios,3,54.92,164.76,753.24,90.39
GT-DEMO-000559,2026-08-24T14:13:00-06:00,2026-08-24,2026,8,emitido,GTQ,B3,4627185,"Supermercados del Valle, S.A.",2,Sucursal Quetzaltenango,Quetzaltenango,Quetzaltenango,Canal tienda,843.63,2,PROD-010,Café descafeinado 500 g,Alimentos,8,68.82,550.56,753.24,90.39
GT-DEMO-000559,2026-08-24T14:13:00-06:00,2026-08-24,2026,8,emitido,GTQ,B3,4627185,"Supermercados del Valle, S.A.",2,Sucursal Quetzaltenango,Quetzaltenango,Quetzaltenango,Canal tienda,843.63,3,PROD-011,Galletas artesanales 12 unidades,Alimentos,3,42.77,128.31,753.24,90.39
GT-DEMO-000381,2026-08-24T16:08:00-06:00,2026-08-24,2026,8,emitido,GTQ,B1,CF,Consumidor Final,3,Sucursal Escuintla,Escuintla,Escuintla,Canal tienda,783.83,1,PROD-001,Café en grano 500 g,Alimentos,7,70.73,495.11,699.85,83.98
GT-DEMO-000381,2026-08-24T16:08:00-06:00,2026-08-24,2026,8,emitido,GTQ,B1,CF,Consumidor Final,3,Sucursal Escuintla,Escuintla,Escuintla,Canal tienda,783.83,2,PROD-006,Servicio de entrega local,Servicios,3,36.19,108.57,699.85,83.98
GT-DEMO-000381,2026-08-24T16:08:00-06:00,2026-08-24,2026,8,emitido,GTQ,B1,CF,Consumidor Final,3,Sucursal Escuintla,Escuintla,Escuintla,Canal tienda,783.83,3,PROD-006,Servicio de entrega local,Servicios,5,36.03,180.15,699.85,83.98
GT-DEMO-000561,2026-08-24T18:42:00-06:00,2026-08-24,2026,8,emitido,GTQ,B3,4857291,"Comercial La Estrella, S.A.",1,Sucursal Central,Guatemala,Guatemala,Canal tienda,1046.3,1,PROD-007,Servicio de entrega departamental,Servicios,6,62.57,375.42,934.2,112.1
GT-DEMO-000561,2026-08-24T18:42:00-06:00,2026-08-24,2026,8,emitido,GTQ,B3,4857291,"Comercial La Estrella, S.A.",1,Sucursal Central,Guatemala,Guatemala,Canal tienda,1046.3,2,PROD-002,Café molido 500 g,Alimentos,6,66.44,398.64,934.2,112.1
GT-DEMO-000561,2026-08-24T18:42:00-06:00,2026-08-24,2026,8,emitido,GTQ,B3,4857291,"Comercial La Estrella, S.A.",1,Sucursal Central,Guatemala,Guatemala,Canal tienda,1046.3,3,PROD-006,Servicio de entrega local,Servicios,8,34.03,272.24,934.2,112.1
GT-DEMO-000614,2026-08-25T09:02:00-06:00,2026-08-25,2026,8,emitido,GTQ,C1,4627185,"Supermercados del Valle, S.A.",1,Sucursal Central,Guatemala,Guatemala,Canal tienda,588.27,1,PROD-003,Té premium caja 25 unidades,Alimentos,3,42.79,128.37,525.25,63.02
GT-DEMO-000614,2026-08-25T09:02:00-06:00,2026-08-25,2026,8,emitido,GTQ,C1,4627185,"Supermercados del Valle, S.A.",1,Sucursal Central,Guatemala,Guatemala,Canal tienda,588.27,2,PROD-001,Café en grano 500 g,Alimentos,7,65.7,459.9,525.25,63.02
GT-DEMO-000043,2026-08-25T11:52:00-06:00,2026-08-25,2026,8,emitido,GTQ,A1,4857291,"Comercial La Estrella, S.A.",4,Canal corporativo,Guatemala,Guatemala,Canal corporativo,1813.93,1,PROD-004,Termo corporativo 500 ml,Accesorios,5,96.67,483.35,1619.58,194.35
GT-DEMO-000043,2026-08-25T11:52:00-06:00,2026-08-25,2026,8,emitido,GTQ,A1,4857291,"Comercial La Estrella, S.A.",4,Canal corporativo,Guatemala,Guatemala,Canal corporativo,1813.93,2,PROD-001,Café en grano 500 g,Alimentos,1,68.05,68.05,1619.58,194.35
GT-DEMO-000043,2026-08-25T11:52:00-06:00,2026-08-25,2026,8,emitido,GTQ,A1,4857291,"Comercial La Estrella, S.A.",4,Canal corporativo,Guatemala,Guatemala,Canal corporativo,1813.93,3,PROD-002,Café molido 500 g,Alimentos,4,66.67,266.68,1619.58,194.35
GT-DEMO-000043,2026-08-25T11:52:00-06:00,2026-08-25,2026,8,emitido,GTQ,A1,4857291,"Comercial La Estrella, S.A.",4,Canal corporativo,Guatemala,Guatemala,Canal corporativo,1813.93,4,PROD-012,Caja regalo premium,Corporativo,3,331.95,995.85,1619.58,194.35
GT-DEMO-000622,2026-08-25T13:13:00-06:00,2026-08-25,2026,8,emitido,GTQ,C1,4627185,"Supermercados del Valle, S.A.",3,Sucursal Escuintla,Escuintla,Escuintla,Canal tienda,1681.8,1,PROD-001,Café en grano 500 g,Alimentos,2,72.0,144.0,1501.61,180.19
GT-DEMO-000622,2026-08-25T13:13:00-06:00,2026-08-25,2026,8,emitido,GTQ,C1,4627185,"Supermercados del Valle, S.A.",3,Sucursal Escuintla,Escuintla,Escuintla,Canal tienda,1681.8,2,PROD-009,Suscripción mensual de café,Suscripciones,6,256.3,1537.8,1501.61,180.19
GT-DEMO-000315,2026-08-25T15:38:00-06:00,2026-08-25,2026,8,emitido,GTQ,B1,5172948,"Restaurantes El Buen Sabor, S.A.",3,Sucursal Escuintla,Escuintla,Escuintla,Canal tienda,823.72,1,PROD-005,Taza cerámica corporativa,Accesorios,2,55.9,111.8,735.46,88.26
GT-DEMO-000315,2026-08-25T15:38:00-06:00,2026-08-25,2026,8,emitido,GTQ,B1,5172948,"Restaurantes El Buen Sabor, S.A.",3,Sucursal Escuintla,Escuintla,Escuintla,Canal tienda,823.72,2,PROD-003,Té premium caja 25 unidades,Alimentos,4,45.54,182.16,735.46,88.26
GT-DEMO-000315,2026-08-25T15:38:00-06:00,2026-08-25,2026,8,emitido,GTQ,B1,5172948,"Restaurantes El Buen Sabor, S.A.",3,Sucursal Escuintla,Escuintla,Escuintla,Canal tienda,823.72,3,PROD-002,Café molido 500 g,Alimentos,8,66.22,529.76,735.46,88.26
GT-DEMO-000340,2026-08-25T16:50:00-06:00,2026-08-25,2026,8,emitido,GTQ,B1,5973814,"Constructora Horizonte, S.A.",1,Sucursal Central,Guatemala,Guatemala,Canal tienda,987.69,1,PROD-012,Caja regalo premium,Corporativo,2,319.12,638.24,881.87,105.82
GT-DEMO-000340,2026-08-25T16:50:00-06:00,2026-08-25,2026,8,emitido,GTQ,B1,5973814,"Constructora Horizonte, S.A.",1,Sucursal Central,Guatemala,Guatemala,Canal tienda,987.69,2,PROD-001,Café en grano 500 g,Alimentos,5,69.89,349.45,881.87,105.82
GT-DEMO-000587,2026-08-26T10:37:00-06:00,2026-08-26,2026,8,emitido,GTQ,B3,7812456,"Servicios Integrales Maya, S.A.",2,Sucursal Quetzaltenango,Quetzaltenango,Quetzaltenango,Canal tienda,138.56,1,PROD-001,Café en grano 500 g,Alimentos,2,69.28,138.56,123.71,14.85
GT-DEMO-000063,2026-08-26T13:38:00-06:00,2026-08-26,2026,8,emitido,GTQ,A1,8146293,"Hotel Vista Real, S.A.",1,Sucursal Central,Guatemala,Guatemala,Canal tienda,787.87,1,PROD-004,Termo corporativo 500 ml,Accesorios,2,98.47,196.94,703.46,84.41
GT-DEMO-000063,2026-08-26T13:38:00-06:00,2026-08-26,2026,8,emitido,GTQ,A1,8146293,"Hotel Vista Real, S.A.",1,Sucursal Central,Guatemala,Guatemala,Canal tienda,787.87,2,PROD-006,Servicio de entrega local,Servicios,6,36.48,218.88,703.46,84.41
GT-DEMO-000063,2026-08-26T13:38:00-06:00,2026-08-26,2026,8,emitido,GTQ,A1,8146293,"Hotel Vista Real, S.A.",1,Sucursal Central,Guatemala,Guatemala,Canal tienda,787.87,3,PROD-005,Taza cerámica corporativa,Accesorios,7,53.15,372.05,703.46,84.41
GT-DEMO-000258,2026-08-27T11:31:00-06:00,2026-08-27,2026,8,emitido,GTQ,A3,5973814,"Constructora Horizonte, S.A.",1,Sucursal Central,Guatemala,Guatemala,Canal tienda,957.27,1,PROD-005,Taza cerámica corporativa,Accesorios,2,57.68,115.36,854.7,102.57
GT-DEMO-000258,2026-08-27T11:31:00-06:00,2026-08-27,2026,8,emitido,GTQ,A3,5973814,"Constructora Horizonte, S.A.",1,Sucursal Central,Guatemala,Guatemala,Canal tienda,957.27,2,PROD-002,Café molido 500 g,Alimentos,3,59.61,178.83,854.7,102.57
GT-DEMO-000258,2026-08-27T11:31:00-06:00,2026-08-27,2026,8,emitido,GTQ,A3,5973814,"Constructora Horizonte, S.A.",1,Sucursal Central,Guatemala,Guatemala,Canal tienda,957.27,3,PROD-010,Café descafeinado 500 g,Alimentos,4,66.59,266.36,854.7,102.57
GT-DEMO-000258,2026-08-27T11:31:00-06:00,2026-08-27,2026,8,emitido,GTQ,A3,5973814,"Constructora Horizonte, S.A.",1,Sucursal Central,Guatemala,Guatemala,Canal tienda,957.27,4,PROD-002,Café molido 500 g,Alimentos,6,66.12,396.72,854.7,102.57
GT-DEMO-000452,2026-08-27T17:18:00-06:00,2026-08-27,2026,8,emitido,GTQ,B2,8146293,"Hotel Vista Real, S.A.",2,Sucursal Quetzaltenango,Quetzaltenango,Quetzaltenango,Canal tienda,1138.88,1,PROD-009,Suscripción mensual de café,Suscripciones,2,230.01,460.02,1016.86,122.02
GT-DEMO-000452,2026-08-27T17:18:00-06:00,2026-08-27,2026,8,emitido,GTQ,B2,8146293,"Hotel Vista Real, S.A.",2,Sucursal Quetzaltenango,Quetzaltenango,Quetzaltenango,Canal tienda,1138.88,2,PROD-010,Café descafeinado 500 g,Alimentos,6,72.38,434.28,1016.86,122.02
GT-DEMO-000452,2026-08-27T17:18:00-06:00,2026-08-27,2026,8,emitido,GTQ,B2,8146293,"Hotel Vista Real, S.A.",2,Sucursal Quetzaltenango,Quetzaltenango,Quetzaltenango,Canal tienda,1138.88,3,PROD-006,Servicio de entrega local,Servicios,7,34.94,244.58,1016.86,122.02
GT-DEMO-000122,2026-08-27T17:19:00-06:00,2026-08-27,2026,8,emitido,GTQ,A2,7812456,"Servicios Integrales Maya, S.A.",1,Sucursal Central,Guatemala,Guatemala,Canal tienda,578.69,1,PROD-006,Servicio de entrega local,Servicios,2,34.72,69.44,516.69,62.0
GT-DEMO-000122,2026-08-27T17:19:00-06:00,2026-08-27,2026,8,emitido,GTQ,A2,7812456,"Servicios Integrales Maya, S.A.",1,Sucursal Central,Guatemala,Guatemala,Canal tienda,578.69,2,PROD-001,Café en grano 500 g,Alimentos,7,72.75,509.25,516.69,62.0
GT-DEMO-000356,2026-08-28T08:41:00-06:00,2026-08-28,2026,8,emitido,GTQ,B1,4627185,"Supermercados del Valle, S.A.",1,Sucursal Central,Guatemala,Guatemala,Canal tienda,73.72,1,PROD-006,Servicio de entrega local,Servicios,2,36.86,73.72,65.82,7.9
GT-DEMO-000583,2026-08-28T10:25:00-06:00,2026-08-28,2026,8,emitido,GTQ,B3,4857291,"Comercial La Estrella, S.A.",1,Sucursal Central,Guatemala,Guatemala,Canal tienda,365.25,1,PROD-006,Servicio de entrega local,Servicios,2,34.85,69.7,326.11,39.14
GT-DEMO-000583,2026-08-28T10:25:00-06:00,2026-08-28,2026,8,emitido,GTQ,B3,4857291,"Comercial La Estrella, S.A.",1,Sucursal Central,Guatemala,Guatemala,Canal tienda,365.25,2,PROD-005,Taza cerámica corporativa,Accesorios,5,59.11,295.55,326.11,39.14
GT-DEMO-000238,2026-08-28T14:47:00-06:00,2026-08-28,2026,8,emitido,GTQ,A3,7812456,"Servicios Integrales Maya, S.A.",4,Canal corporativo,Guatemala,Guatemala,Canal corporativo,490.67,1,PROD-006,Servicio de entrega local,Servicios,7,33.29,233.03,438.1,52.57
GT-DEMO-000238,2026-08-28T14:47:00-06:00,2026-08-28,2026,8,emitido,GTQ,A3,7812456,"Servicios Integrales Maya, S.A.",4,Canal corporativo,Guatemala,Guatemala,Canal corporativo,490.67,2,PROD-001,Café en grano 500 g,Alimentos,4,64.41,257.64,438.1,52.57
GT-DEMO-000473,2026-08-29T08:54:00-06:00,2026-08-29,2026,8,anulado,GTQ,B2,7264519,"Transportes del Sur, S.A.",3,Sucursal Escuintla,Escuintla,Escuintla,Canal tienda,940.34,1,PROD-005,Taza cerámica corporativa,Accesorios,5,51.75,258.75,839.59,100.75
GT-DEMO-000473,2026-08-29T08:54:00-06:00,2026-08-29,2026,8,anulado,GTQ,B2,7264519,"Transportes del Sur, S.A.",3,Sucursal Escuintla,Escuintla,Escuintla,Canal tienda,940.34,2,PROD-004,Termo corporativo 500 ml,Accesorios,7,97.37,681.59,839.59,100.75
GT-DEMO-000629,2026-08-31T11:38:00-06:00,2026-08-31,2026,8,emitido,GTQ,C1,CF,Consumidor Final,1,Sucursal Central,Guatemala,Guatemala,Canal tienda,1469.55,1,PROD-004,Termo corporativo 500 ml,Accesorios,2,91.75,183.5,1312.1,157.45
GT-DEMO-000629,2026-08-31T11:38:00-06:00,2026-08-31,2026,8,emitido,GTQ,C1,CF,Consumidor Final,1,Sucursal Central,Guatemala,Guatemala,Canal tienda,1469.55,2,PROD-009,Suscripción mensual de café,Suscripciones,5,229.29,1146.45,1312.1,157.45
GT-DEMO-000629,2026-08-31T11:38:00-06:00,2026-08-31,2026,8,emitido,GTQ,C1,CF,Consumidor Final,1,Sucursal Central,Guatemala,Guatemala,Canal tienda,1469.55,3,PROD-010,Café descafeinado 500 g,Alimentos,2,69.8,139.6,1312.1,157.45
